/* SPDX-License-Identifier: GPL-2.0 */
/*
 * Copyright (c) 2019 MediaTek Inc.
 */
/*****************************************************************************
 *
 * Filename:
 * ---------
 *	 chagallovx8000wide_Sensor_setting.h
 *
 * Project:
 * --------
 * Description:
 * ------------
 *	 CMOS sensor header file
 *
 1118:  1.修改了mipi data rate 3472  2.调试了DINU 3. 4组帧率提高到了要求的值
 ****************************************************************************/

#ifndef ___CHAGALLOVX8000WIDE_MIPIRAW_SENSOR_SETTING_H_H_H
#define ___CHAGALLOVX8000WIDE_MIPIRAW_SENSOR_SETTING_H_H_H
// 序号30 - 来源文件：30_OV50E40_Initial_CPHY_3Trio_3476Msps_20251112.txt
static u16 chagallovx8000wide_init_setting[] = {
	//0x0103,0x01,
	// sl 10 10
	0x0102,0x01,
	0x0304,0x03,
	0x0305,0x64,
	0x0306,0x03,
	0x0307,0x00,
	0x0323,0x12,
	0x0324,0x01,
	0x0325,0xf4,
	0x0326,0xd4,
	0x0327,0x0b,
	0x0343,0x00,
	0x0345,0x20,
	0x034a,0x07,
	0x300d,0x11,
	0x300e,0x11,
	0x3012,0x31,
	0x301c,0x01,
	0x301d,0x02,
	0x3025,0x03,
	0x3027,0x2c,
	0x3038,0x02,
	0x3106,0x80,
	0x3107,0xc9,
	0x3201,0x04,
	0x3202,0x30,
	0x3203,0x38,
	0x3222,0x00,
	0x3400,0x04,
	0x3408,0x08,
	0x340e,0x40,
	0x3421,0x01,
	0x3424,0x00,
	0x3425,0x00,
	0x3426,0x00,
	0x3427,0xa0,
	0x3428,0x10,
	0x3429,0x05,
	0x342a,0x00,
	0x342b,0x00,
	0x3504,0x0c,
	0x3506,0x58,
	0x3508,0x01,
	0x3509,0x00,
	0x350d,0x01,
	0x350e,0x00,
	0x350f,0x00,
	0x3544,0x0c,
	0x3546,0x38,
	0x3548,0x0f,
	0x3549,0xff,
	0x3584,0x0c,
	0x3586,0x38,
	0x3508,0x0f,
	0x3509,0xff,
	0x3600,0x07,
	0x3601,0x38,
	0x3604,0x38,
	0x3605,0x38,
	0x3608,0xf0,
	0x3609,0x46,
	0x360a,0xbf,
	0x360c,0x50,
	0x360e,0x07,
	0x3616,0x58,
	0x3619,0x44,
	0x361a,0x56,
	0x361b,0x40,
	0x361c,0x08,
	0x361d,0x0c,
	0x361e,0x16,
	0x3622,0xb9,
	0x3623,0x83,
	0x3625,0x84,
	0x3626,0xc2,
	0x363b,0x14,
	0x363c,0xba,
	0x3642,0x97,
	0x3643,0x01,
	0x3645,0x14,
	0x3647,0xc1,
	0x3648,0x8e,
	0x364d,0x0f,
	0x3680,0x00,
	0x3682,0x80,
	0x3683,0x00,
	0x3684,0x00,
	0x3688,0x03,
	0x369a,0x00,
	0x36a5,0x08,
	0x36d0,0x00,
	0x3700,0x1a,
	0x3701,0x13,
	0x3702,0x2c,
	0x3703,0x31,
	0x3704,0x03,
	0x3706,0x20,
	0x3707,0x04,
	0x3708,0x25,
	0x3709,0x9d,
	0x370b,0x3e,
	0x370c,0x04,
	0x3712,0x51,
	0x3714,0x74,
	0x3715,0x00,
	0x3724,0x28,
	0x372a,0x00,
	0x372b,0x00,
	0x372e,0x1a,
	0x372f,0x13,
	0x3734,0x1a,
	0x3740,0x20,
	0x3741,0x80,
	0x3743,0xe0,
	0x374f,0x50,
	0x3754,0x2c,
	0x3755,0x70,
	0x3756,0x00,
	0x3757,0x30,
	0x3758,0x00,
	0x3759,0x50,
	0x375e,0x00,
	0x375f,0x02,
	0x3763,0x08,
	0x3767,0x28,
	0x376c,0x00,
	0x3780,0x4c,
	0x3781,0x00,
	0x3782,0x01,
	0x3785,0x01,
	0x3786,0x01,
	0x3789,0x01,
	0x378a,0x01,
	0x378d,0x01,
	0x378e,0x01,
	0x3791,0x20,
	0x3793,0x1c,
	0x3795,0x1c,
	0x3797,0x3e,
	0x3799,0x3c,
	0x379b,0x3c,
	0x379f,0x01,
	0x37a0,0x70,
	0x37cb,0x03,
	0x37d0,0x00,
	0x37d1,0x00,
	0x37db,0x0f,
	0x37dc,0x19,
	0x37e3,0x30,
	0x37f8,0x25,
	0x3800,0x00,
	0x3801,0x00,
	0x3802,0x00,
	0x3803,0x00,
	0x3804,0x20,
	0x3805,0x1f,
	0x3806,0x18,
	0x3807,0x1f,
	0x3808,0x20,
	0x3809,0x00,
	0x380a,0x18,
	0x380b,0x00,
	0x380c,0x01,
	0x380d,0x90,
	0x380e,0x18,
	0x380f,0x6c,
	0x3810,0x00,
	0x3811,0x0f,
	0x3812,0x00,
	0x3813,0x10,
	0x3814,0x11,
	0x3815,0x11,
	0x3820,0x40,
	0x3821,0x04,
	0x3822,0x00,
	0x3823,0x04,
	0x3828,0x14,
	0x3829,0x02,
	0x382a,0x80,
	0x382e,0x79,
	0x3830,0x1c,
	0x3831,0x00,
	0x3837,0x1c,
	0x383f,0x08,
	0x384c,0x01,
	0x384d,0x90,
	0x3858,0x00,
	0x3888,0x00,
	0x3889,0x10,
	0x388a,0x00,
	0x388b,0x10,
	0x388c,0x20,
	0x388d,0x00,
	0x388e,0x18,
	0x388f,0x00,
	0x3896,0x00,
	0x3900,0x40,
	0x3903,0x01,
	0x3904,0xf7,
	0x3905,0xd4,
	0x3906,0x00,
	0x3907,0x00,
	0x3917,0x00,
	0x3918,0x00,
	0x391c,0xba,
	0x3924,0xaa,
	0x3939,0xc0,
	0x393a,0xff,
	0x393b,0xc0,
	0x394e,0x01,
	0x394f,0x01,
	0x3981,0x01,
	0x3982,0x20,
	0x398a,0x01,
	0x398b,0x80,
	0x3992,0x03,
	0x3993,0x01,
	0x399d,0x07,
	0x399e,0x01,
	0x39ec,0x06,
	0x39ed,0x04,
	0x39fb,0x1a,
	0x39fc,0x1a,
	0x39fd,0x1a,
	0x39fe,0x1a,
	0x3a0d,0x00,
	0x3a13,0x00,
	0x3a14,0x04,
	0x3a15,0x01,
	0x3a16,0x02,
	0x3a17,0x00,
	0x3a1d,0x1a,
	0x3a1e,0x1a,
	0x3a21,0x1a,
	0x3a22,0x1a,
	0x3a2a,0x01,
	0x3a2e,0x01,
	0x3a2f,0x01,
	0x3a30,0x01,
	0x3a31,0x01,
	0x3a32,0x01,
	0x3a34,0x01,
	0x3a35,0x01,
	0x3a36,0x01,
	0x3a37,0x01,
	0x3a40,0x01,
	0x3a42,0x01,
	0x3a43,0x01,
	0x3a44,0x01,
	0x3a45,0x01,
	0x3a46,0x01,
	0x3a48,0x01,
	0x3a49,0x01,
	0x3a4a,0x01,
	0x3a4b,0x01,
	0x3a5e,0x50,
	0x3a68,0x07,
	0x3a69,0x34,
	0x3a78,0x03,
	0x3a79,0x03,
	0x3a7c,0x04,
	0x3a7d,0x04,
	0x3ab1,0x5b,
	0x3ab6,0x1a,
	0x3ab7,0x1a,
	0x3ab8,0x1a,
	0x3ab9,0x1a,
	0x3aed,0x3a,
	0x3af1,0x3f,
	0x3afd,0x04,
	0x3afe,0x09,
	0x3aff,0x04,
	0x3b00,0x09,
	0x3b01,0x00,
	0x3b02,0x00,
	0x3b03,0x07,
	0x3b04,0x07,
	0x3b05,0x07,
	0x3b08,0x07,
	0x3b14,0x02,
	0x3b15,0x07,
	0x3b19,0x07,
	0x3b1a,0x07,
	0x3b1d,0x00,
	0x3b22,0x07,
	0x3b25,0x07,
	0x3b2b,0x00,
	0x3b2c,0x00,
	0x3b2d,0x04,
	0x3b32,0x07,
	0x3b33,0x07,
	0x3b34,0x07,
	0x3b38,0x07,
	0x3b39,0x07,
	0x3b3a,0x07,
	0x3b3b,0x07,
	0x3b3c,0x00,
	0x3b3d,0x00,
	0x3b41,0x07,
	0x3b42,0x07,
	0x3b43,0x07,
	0x3b44,0x07,
	0x3b45,0x00,
	0x3b49,0x00,
	0x3b56,0x11,
	0x3b57,0x11,
	0x3b58,0x11,
	0x3b59,0x11,
	0x3b5a,0x11,
	0x3b5b,0x11,
	0x3b5c,0x11,
	0x3b5d,0x11,
	0x3b82,0x11,
	0x3ba0,0x07,
	0x3ba1,0x11,
	0x3ba2,0x07,
	0x3ba3,0x0e,
	0x3ba4,0x77,
	0x3ba5,0x77,
	0x3ba6,0x77,
	0x3ba7,0x77,
	0x3baa,0x38,
	0x3bab,0x2c,
	0x3bac,0x77,
	0x3baf,0x58,
	0x3bba,0x58,
	0x3bca,0x1a,
	0x3beb,0x00,
	0x3bf2,0x33,
	0x3bfa,0x00,
	0x3bff,0x08,
	0x3d8c,0x9b,
	0x3d8d,0xa0,
	0x4008,0x00,
	0x4009,0x02,
	0x4010,0x28,
	0x4012,0xfc,
	0x4015,0x00,
	0x4016,0x1f,
	0x4017,0x00,
	0x4018,0x0f,
	0x401b,0x04,
	0x401e,0x01,
	0x401f,0x30,
	0x4030,0x00,
	0x4031,0x00,
	0x4032,0x00,
	0x4033,0x00,
	0x4034,0x00,
	0x4035,0x00,
	0x4036,0x00,
	0x4037,0x00,
	0x4038,0x00,
	0x4039,0x00,
	0x403a,0x00,
	0x403b,0x00,
	0x403c,0x00,
	0x403d,0x00,
	0x403e,0x00,
	0x403f,0x00,
	0x4040,0x00,
	0x4041,0x80,
	0x4042,0x0f,
	0x4043,0x80,
	0x4044,0x00,
	0x4045,0x90,
	0x4046,0x0f,
	0x4047,0x70,
	0x40c4,0x07,
	0x40c5,0xff,
	0x40c6,0x07,
	0x40c7,0xff,
	0x4288,0x07,
	0x4505,0x0c,
	0x4506,0x01,
	0x4509,0x05,
	0x450c,0x00,
	0x450d,0x30,
	0x450e,0x00,
	0x4510,0x03,
	0x4511,0x08,
	0x4512,0x05,
	0x4513,0x05,
	0x4514,0xaf,
	0x4515,0xaf,
	0x4516,0x05,
	0x4517,0x05,
	0x4518,0xaf,
	0x4519,0xaf,
	0x451a,0x11,
	0x451b,0xbb,
	0x451c,0x11,
	0x451d,0xbb,
	0x451e,0x11,
	0x451f,0xbb,
	0x4520,0x11,
	0x4521,0xbb,
	0x4542,0x00,
	0x4549,0x00,
	0x45c0,0x00,
	0x45c1,0x00,
	0x45c2,0x02,
	0x45c3,0x80,
	0x45c4,0x10,
	0x45c5,0x00,
	0x45c6,0x00,
	0x45c7,0x00,
	0x45c8,0x00,
	0x45c9,0x00,
	0x45ca,0x00,
	0x45cb,0x00,
	0x45cc,0x00,
	0x45cd,0x07,
	0x45ce,0x13,
	0x45cf,0x13,
	0x45d0,0x13,
	0x45d3,0x00,
	0x45d4,0x00,
	0x45d5,0x00,
	0x45d6,0x00,
	0x45d7,0x00,
	0x45d8,0x00,
	0x45d9,0x00,
	0x45da,0x00,
	0x45dd,0x00,
	0x45d2,0x00,
	0x45de,0x00,
	0x45df,0x00,
	0x45e0,0x00,
	0x45e1,0x00,
	0x45e2,0x00,
	0x45e3,0x00,
	0x45e4,0x00,
	0x45e5,0x00,
	0x4602,0x00,
	0x4603,0x11,
	0x460b,0x07,
	0x4640,0x02,
	0x4641,0x00,
	0x4643,0x08,
	0x4644,0xe0,
	0x4647,0x02,
	0x464c,0x01,
	0x4680,0x11,
	0x4684,0x2b,
	0x4685,0x17,
	0x468e,0x30,
	0x4690,0x00,
	0x4802,0x02,
	0x4813,0x10,
	0x481b,0x14,
	0x481f,0x26,
	0x4825,0x40,
	0x4826,0x45,//t3 prepare
	0x4836,0x32,
	0x4837,0x04,
	0x4850,0x42,
	0x4851,0xaa,
	0x4853,0x10,
	0x4854,0x05,
	0x4855,0x1c,
	0x4860,0x01,
	0x4862,0x30,
	0x4883,0x24,
	0x4888,0x80,
	0x4908,0x00,
	0x4909,0x02,
	0x4910,0x28,
	0x4915,0x00,
	0x4916,0x1f,
	0x4917,0x00,
	0x4918,0x0f,
	0x491b,0x04,
	0x491e,0x01,
	0x491f,0x30,
	0x4930,0x00,
	0x4931,0x00,
	0x4932,0x00,
	0x4933,0x00,
	0x4934,0x00,
	0x4935,0x00,
	0x4936,0x00,
	0x4937,0x00,
	0x4938,0x00,
	0x4939,0x00,
	0x493a,0x00,
	0x493b,0x00,
	0x493c,0x00,
	0x493d,0x00,
	0x493e,0x00,
	0x493f,0x00,
	0x4940,0x00,
	0x4941,0x80,
	0x4942,0x0f,
	0x4943,0x80,
	0x4944,0x00,
	0x4945,0x90,
	0x4946,0x0f,
	0x4947,0x70,
	0x4a08,0x00,
	0x4a09,0x02,
	0x4a15,0x00,
	0x4a16,0x1f,
	0x4a17,0x00,
	0x4a18,0x0f,
	0x4a1b,0x04,
	0x4a1e,0x01,
	0x4a1f,0x30,
	0x4d00,0x04,
	0x4d01,0x9a,
	0x4d02,0xbb,
	0x4d03,0x33,
	0x4d04,0x61,
	0x4d05,0x9b,
	0x5000,0x5b,
	0x5001,0x28,
	0x5002,0x00,
	0x5004,0x02,
	0x5060,0x10,
	0x50c1,0x00,
	0x5110,0x90,
	0x5111,0x10,
	0x5112,0x9b,
	0x5113,0x27,
	0x5114,0x01,
	0x5155,0x08,
	0x5156,0x0c,
	0x5157,0x0c,
	0x5159,0x08,
	0x515a,0x0c,
	0x515b,0x0c,
	0x5180,0xc1,
	0x518a,0x00,
	0x53c1,0x00,
	0x5455,0x08,
	0x5456,0x0c,
	0x5457,0x0c,
	0x5459,0x08,
	0x545a,0x0c,
	0x545b,0x0c,
	0x5480,0xc1,
	0x548a,0x00,
	0x56c1,0x00,
	0x5755,0x08,
	0x5756,0x0c,
	0x5757,0x0c,
	0x5759,0x08,
	0x575a,0x0c,
	0x575b,0x0c,
	0x5780,0xc1,
	0x578a,0x00,
	0x5853,0xff,
	0x5854,0xff,
	0x5855,0xff,
	0x5856,0xff,
	0x5857,0xff,
	0x5858,0xff,
	0x587b,0x16,
	0x58a7,0x11,
	0x58c0,0x3f,
	0x58fd,0x0a,
	0x5925,0x00,
	0x5926,0x00,
	0x5927,0x00,
	0x5928,0x00,
	0x5929,0x00,
	0x592c,0x06,
	0x592d,0x00,
	0x592e,0x03,
	0x59c2,0x00,
	0x59c3,0xce,
	0x59c4,0x01,
	0x59c5,0x20,
	0x59c6,0x01,
	0x59c7,0x91,
	0x59c8,0x02,
	0x59c9,0x2f,
	0x59ca,0x03,
	0x59cb,0x0a,
	0x59cc,0x04,
	0x59cd,0x3d,
	0x59ce,0x05,
	0x59cf,0xe8,
	0x59d0,0x08,
	0x59d1,0x3c,
	0x59d2,0x0b,
	0x59d3,0x7a,
	0x59d4,0x0f,
	0x59d5,0xff,
	0x59d6,0x0f,
	0x59d7,0xff,
	0x59d8,0x0f,
	0x59d9,0xff,
	0x59da,0x0f,
	0x59db,0xff,
	0x59ef,0x5f,
	0x6924,0x00,
	0x6925,0x00,
	0x6926,0x00,
	0x6942,0x00,
	0x6943,0x00,
	0x6944,0x00,
	0x694b,0x00,
	0x6a20,0x03,
	0x6a21,0x04,
	0x6a22,0x00,
	0x6a53,0xff,
	0x6a54,0xff,
	0x6a55,0xff,
	0x6a56,0xff,
	0x6a57,0xff,
	0x6a58,0xff,
	0x6a7b,0x16,
	0x6aa7,0x11,
	0x6ac0,0x3f,
	0x6afd,0x0a,
	0x6b25,0x00,
	0x6b26,0x00,
	0x6b27,0x00,
	0x6b28,0x00,
	0x6b29,0x00,
	0x6b2c,0x06,
	0x6b2d,0x00,
	0x6b2e,0x03,
	0x6bc2,0x00,
	0x6bc3,0xce,
	0x6bc4,0x01,
	0x6bc5,0x20,
	0x6bc6,0x01,
	0x6bc7,0x91,
	0x6bc8,0x02,
	0x6bc9,0x2f,
	0x6bca,0x03,
	0x6bcb,0x0a,
	0x6bcc,0x04,
	0x6bcd,0x3d,
	0x6bce,0x05,
	0x6bcf,0xe8,
	0x6bd0,0x08,
	0x6bd1,0x3c,
	0x6bd2,0x0b,
	0x6bd3,0x7a,
	0x6bd4,0x0f,
	0x6bd5,0xff,
	0x6bd6,0x0f,
	0x6bd7,0xff,
	0x6bd8,0x0f,
	0x6bd9,0xff,
	0x6bda,0x0f,
	0x6bdb,0xff,
	0x6bef,0x5f,
	0xc200,0x00,
	0xc210,0x00,
	0xc211,0x00,
	0xc212,0x00,
	0xc213,0x00,
	0xc231,0x00,
	0xc232,0x01,
	0xc233,0x8f,
	0xc240,0x00,
	0xc241,0x00,
	0xc242,0x00,
	0xc243,0x00,
	0xc245,0x00,
	0xc246,0x01,
	0xc247,0x8f,
	0xc250,0x00,
	0xc251,0x00,
	0xc252,0x00,
	0xc253,0x00,
	0xc258,0x00,
	0xc259,0x00,
	0xc25a,0x00,
	0xc25b,0x00,
	0xc264,0x00,
	0xc265,0x00,
	0xc266,0x00,
	0xc267,0x00,
	0xc26c,0x00,
	0xc26d,0x00,
	0xc26e,0x00,
	0xc26f,0x00,
	0xc40d,0x04,
	0xc40f,0x07,
	0xc415,0x01,
	0xc44a,0x01,
	0xc44c,0x01,
	0xc44e,0x03,
	0xc44f,0x03,
	0xc450,0x04,
	0xc451,0x04,
	0xc45e,0x13,
	0xc46d,0x55,
	0xc47f,0x06,
	0xc480,0x03,
	0xc48d,0x80,
	0xc48c,0xc0,
	0xc48f,0x3f,
	0xc491,0x00,
	0xc49c,0x08,
	0xc49e,0x20,
	0xc49f,0x20,
	0xc4a2,0x3e,
	0xc4a3,0x3e,
	0xc4a6,0x1a,
	0xc4a7,0x1a,
	0xc4ae,0x00,
	0xc4af,0x00,
	0xc4b0,0x00,
	0xc4b1,0x00,
	0xc4b2,0x00,
	0xc4c1,0x00,
	0xc4c2,0x07,
	0xc4c3,0x07,
	0xc4c4,0x07,
	0xc4c6,0x2a,
	0xc4c7,0x2a,
	0xc4c8,0x35,
	0xc4c9,0x35,
	0xc4ca,0x35,
	0xc4cb,0x35,
	0xc4cc,0xff,
	0xc4cd,0x0f,
	0xc4ce,0x03,
	0xc4cf,0x01,
	0xc4d0,0x00,
	0xc4d1,0x00,
	0xc4d2,0x0c,
	0xc4d3,0x0c,
	0xc4d4,0x0c,
	0xc4d5,0x0c,
	0xc4e0,0x07,
	0xc4e1,0x07,
	0xc4e2,0x07,
	0xc4e3,0x11,
	0xc4e9,0x11,
	0xc4ed,0x07,
	0xc4ee,0x07,
	0xc4ef,0xee,
	0xc4f0,0xee,
	0xc4f1,0x0e,
	0xc4fa,0x07,
	0xc4fb,0x07,
	0xc4fd,0x80,
	0xc4fc,0x80,
	0xc4fe,0x07,
	0xc4ff,0x07,
	0xc50b,0x77,
	0xc50e,0x58,
	0xc50f,0x58,
	0xc510,0x30,
	0xc511,0x1a,
	0xc512,0x09,
	0xc513,0x58,
	0xc514,0x58,
	0xc515,0x30,
	0xc516,0x1c,
	0xc517,0x0c,
	0xc518,0x38,
	0xc519,0x38,
	0xc51a,0x38,
	0xc51b,0x38,
	0xc51c,0x38,
	0xc51d,0x2c,
	0xc51e,0x2c,
	0xc51f,0x2c,
	0xc520,0x2c,
	0xc521,0x2c,
	0xc526,0x0e,
	0xc527,0x0e,
	0xc528,0x0e,
	0xc529,0x0e,
	0xc52a,0x0e,
	0xc52b,0x0e,
	0xc52c,0x0e,
	0xc52d,0x0e,
	0xc52e,0x0e,
	0xc52f,0x0e,
	0xc530,0x0e,
	0xc531,0x0e,
	0xc532,0x0e,
	0xc533,0x0e,
	0xc534,0x0e,
	0xc535,0x0e,
	0xc57b,0xff,
	0xc583,0x18,
	0xc584,0x08,
	0xc58b,0x18,
	0xc58c,0x08,
	0xc58f,0x2c,
	0xc590,0x2c,
	0xc591,0x2c,
	0xc592,0x2c,
	0xc593,0x2c,
	0xc594,0x10,
	0xc597,0x2c,
	0xc598,0x2c,
	0xc599,0x2c,
	0xc59a,0x2c,
	0xc59b,0x2c,
	0xc59c,0x10,
	0xc5c3,0x00,
	0xc5c4,0x00,
	0xc5c5,0x00,
	0xc5c6,0x00,
	0xc5c7,0x00,
	0xc5c8,0x00,
	0xc5c9,0x48,
	0xc5ca,0x48,
	0xc5cb,0x40,
	0xc5cc,0x40,
	0xc5cd,0x40,
	0xc5ce,0x40,
	0xc5e8,0x00,
	0xc5fe,0x04,
	0xc5ff,0x06,
	0xc624,0x00,
};

// 序号0 - 来源文件：0_OV50E40_4096X3072_4C2PlusSCG_10bit_30fps_AG64_PDVC1_4096x768_20251113.txt
static u16 chagallovx8000wide_setting_0[] = {
	0x0324,0x01,
	0x0325,0x90,
	0x0326,0xd3,
	0x0327,0x05,
	0x0360,0x09,
	0x3025,0x03,
	0x3506,0xf9,
	0x350e,0x21,
	0x350f,0x80,
	0x3546,0xf9,
	0x354e,0x21,
	0x354f,0x80,
	0x3586,0xf9,
	0x358e,0x21,
	0x358f,0x80,
	0x3600,0x07,
	0x3608,0xf0,
	0x360a,0xff,
	0x3616,0x18,
	0x361a,0x56,
	0x361c,0x00,
	0x361e,0x14,
	0x363b,0xc2,
	0x363c,0xcb,
	0x3645,0x10,
	0x3680,0x00,
	0x3682,0x80,
	0x3684,0x01,
	0x3688,0x01,
	0x369a,0x00,
	0x36d0,0x00,
	0x3706,0x25,
	0x3707,0x04,
	0x3709,0x80,
	0x370b,0x55,
	0x370c,0x04,
	0x3712,0x50,
	0x3714,0x65,
	0x3715,0x00,
	0x3724,0x7b,
	0x372a,0x00,
	0x372b,0x00,
	0x374f,0x50,
	0x3755,0x80,
	0x3756,0x00,
	0x3757,0xa0,
	0x3758,0x00,
	0x3759,0x50,
	0x375e,0x3b,
	0x375f,0x02,
	0x3763,0x08,
	0x376c,0x00,
	0x3780,0x4f,
	0x3781,0x00,
	0x3782,0x01,
	0x3785,0x01,
	0x3786,0x01,
	0x3789,0x01,
	0x378a,0x01,
	0x378d,0x01,
	0x378e,0x01,
	0x3791,0x25,
	0x3793,0x1c,
	0x3795,0x1c,
	0x3797,0x55,
	0x3799,0x3c,
	0x379b,0x3c,
	0x37a0,0xa8,
	0x37d0,0x66,
	0x37e3,0x30,
	0x3800,0x00,
	0x3801,0x00,
	0x3802,0x00,
	0x3803,0x00,
	0x3804,0x20,
	0x3805,0x1f,
	0x3806,0x18,
	0x3807,0x1f,
	0x3808,0x10,
	0x3809,0x00,
	0x380a,0x0c,
	0x380b,0x00,
	0x380c,0x01,
	0x380d,0x90,
	0x380e,0x18,
	0x380f,0x68,
	0x3811,0x07,
	0x3813,0x08,
	0x3815,0x11,
	0x3820,0x42,
	0x3821,0x15,
	0x3822,0x10,
	0x3823,0x04,
	0x3828,0x05,
	0x3830,0x07,
	0x3831,0x02,
	0x3837,0x07,
	0x383f,0x08,
	0x384c,0x01,
	0x384d,0x90,
	0x3889,0x08,
	0x388b,0x08,
	0x388c,0x10,
	0x388d,0x00,
	0x388e,0x0c,
	0x388f,0x00,
	0x3896,0x00,
	0x3917,0x00,
	0x3981,0x01,
	0x3982,0x20,
	0x398b,0x80,
	0x39ec,0x04,
	0x39ed,0x04,
	0x3a0d,0x05,
	0x3a13,0x05,
	0x3a14,0x05,
	0x3a15,0x01,
	0x3a16,0x00,
	0x3a17,0x00,
	0x3a2a,0x01,
	0x3a2e,0x01,
	0x3a2f,0x01,
	0x3a30,0x01,
	0x3a31,0x01,
	0x3a32,0x01,
	0x3a34,0x01,
	0x3a35,0x01,
	0x3a36,0x01,
	0x3a37,0x01,
	0x3a40,0x01,
	0x3a42,0x01,
	0x3a43,0x01,
	0x3a44,0x01,
	0x3a45,0x01,
	0x3a46,0x01,
	0x3a48,0x01,
	0x3a49,0x01,
	0x3a4a,0x01,
	0x3a4b,0x01,
	0x3a5e,0x50,
	0x3aed,0x3a,
	0x3af1,0x3f,
	0x3afd,0x04,
	0x3afe,0x09,
	0x3aff,0x04,
	0x3b00,0x09,
	0x3b01,0xfb,
	0x3b02,0x02,
	0x3b03,0x14,
	0x3b04,0x19,
	0x3b05,0x1d,
	0x3b08,0x1f,
	0x3b14,0x02,
	0x3b15,0x2b,
	0x3b19,0x2b,
	0x3b1a,0x2c,
	0x3b1d,0x00,
	0x3b22,0x2c,
	0x3b25,0x28,
	0x3b2b,0x00,
	0x3b2c,0x00,
	0x3b2d,0x04,
	0x3b32,0x29,
	0x3b33,0x2a,
	0x3b34,0x2a,
	0x3b38,0x22,
	0x3b39,0x25,
	0x3b3a,0x26,
	0x3b3b,0x27,
	0x3b41,0x07,
	0x3b42,0x07,
	0x3b43,0x07,
	0x3b44,0x07,
	0x3b45,0x00,
	0x3b49,0x00,
	0x3b56,0x12,
	0x3b57,0x12,
	0x3b58,0x12,
	0x3b59,0x12,
	0x3b5a,0x1d,
	0x3b5b,0x1d,
	0x3b5c,0x1d,
	0x3b5d,0x1d,
	0x3b82,0x1d,
	0x3ba0,0x25,
	0x3ba1,0x12,
	0x3ba2,0x26,
	0x3bab,0x2c,
	0x3baf,0x58,
	0x3bf2,0x33,
	0x3bfa,0xa0,
	0x3bff,0x08,
	0x4010,0x28,
	0x4012,0x8c,
	0x4016,0x0f,
	0x4018,0x07,
	0x401e,0x02,
	0x401f,0x80,
	0x40c4,0x02,
	0x40c5,0x00,
	0x40c6,0x04,
	0x40c7,0x00,
	0x4288,0x07,
	0x4505,0x0c,
	0x4506,0x01,
	0x4509,0x15,
	0x450c,0x00,
	0x450d,0x60,
	0x4510,0x07,
	0x4511,0x00,
	0x4512,0x00,
	0x4513,0x00,
	0x4514,0x00,
	0x4515,0x00,
	0x4516,0x00,
	0x4517,0x00,
	0x4518,0x00,
	0x4519,0x00,
	0x451a,0x11,
	0x451b,0xbb,
	0x451c,0x11,
	0x451d,0xbb,
	0x451e,0x11,
	0x451f,0xbb,
	0x4520,0x11,
	0x4521,0xbb,
	0x4542,0x00,
	0x4549,0x00,
	0x45c0,0x0e,
	0x45c1,0x80,
	0x45c2,0x0a,
	0x45c3,0x94,
	0x45c4,0x10,
	0x45c5,0x40,
	0x45c6,0x04,
	0x45dd,0x60,
	0x4602,0x00,
	0x4603,0x11,
	0x460b,0x07,
	0x4640,0x01,
	0x4641,0x00,
	0x4643,0x0c,
	0x4680,0x11,
	0x468e,0x30,
	0x4813,0x10,
	0x4836,0x32,
	0x4916,0x0f,
	0x4918,0x07,
	0x491e,0x02,
	0x491f,0x80,
	0x4a16,0x0f,
	0x4a18,0x07,
	0x4a1e,0x02,
	0x4a1f,0x80,
	0x5000,0x2b,
	0x5001,0x08,
	0x5002,0x00,
	0x5006,0x00,
	0x5155,0x04,
	0x5156,0x04,
	0x5157,0x04,
	0x6a03,0x00,
	0xc200,0xaa,
	0xc210,0x1f,
	0xc211,0x20,
	0xc231,0x02,
	0xc232,0x03,
	0xc233,0x1e,
	0xc245,0x02,
	0xc246,0x03,
	0xc247,0x1e,
	0xc40f,0x07,
	0xc46d,0x55,
	0xc48f,0x3f,
	0xc49c,0x08,
	0xc49e,0x25,
	0xc49f,0x25,
	0xc4a2,0x55,
	0xc4a3,0x55,
	0xc4ae,0x00,
	0xc4af,0x00,
	0xc4b0,0x00,
	0xc4b1,0x00,
	0xc4b2,0x00,
	0xc4c2,0x07,
	0xc4c3,0x07,
	0xc4c4,0x07,
	0xc4c6,0x2c,
	0xc4c7,0x2c,
	0xc4c8,0x2c,
	0xc4c9,0x2c,
	0xc4ca,0x2c,
	0xc4cb,0x2c,
	0xc4ce,0x03,
	0xc4cf,0x01,
	0xc4d0,0x02,
	0xc4d1,0x00,
	0xc4e0,0x07,
	0xc4e1,0x07,
	0xc4e2,0x07,
	0xc4e3,0x1d,
	0xc4e9,0x12,
	0xc4ed,0x07,
	0xc4ee,0x07,
	0xc4fa,0x07,
	0xc4fb,0x07,
	0xc4fe,0x21,
	0xc4ff,0x23,
	0xc50f,0x58,
	0xc51b,0x38,
	0xc51c,0x38,
	0xc51d,0x2c,
	0xc51e,0x2c,
	0xc51f,0x2c,
	0xc520,0x2c,
	0xc521,0x2c,
	0xc526,0x0e,
	0xc527,0x0e,
	0xc528,0x0e,
	0xc529,0x0e,
	0xc52a,0x0e,
	0xc52b,0x0e,
	0xc52c,0x0e,
	0xc52d,0x0e,
	0xc52e,0x0e,
	0xc52f,0x0e,
	0xc530,0x0e,
	0xc531,0x0e,
	0xc533,0x0e,
	0xc534,0x0e,
	0xc535,0x0e,
	0xc5c3,0x48,
	0xc5c4,0x48,
	0xc5c5,0x48,
	0xc5c6,0x48,
	0xc5c7,0x48,
	0xc5c8,0x48,
	0xc5c9,0x48,
	0xc5ca,0x48,
	0xc5cb,0x48,
	0xc5cc,0x48,
	0xc5cd,0x48,
	0xc5ce,0x48,
	0xc5fe,0x04,
	0xc5ff,0x04,
	0x464c,0x01,
	0x4690,0x00,
	0x3501,0x18,
	0x3502,0x00,
	0x3508,0x01,
	0x3509,0x00,
	0x3400,0x04,
	0x3002,0x80,
	0x3008,0x00,
	0x382e,0x49,
	0x368d,0x10,
	0x3841,0x00,
	0x381a,0x06,
	0x381b,0x1d,
	0x381c,0x00,
	0x381d,0x01,
	0x381e,0x00,
	0x381f,0x20,
	0x382a,0x80,
};

// 序号1 - 来源文件：1_OV50E40_8192x6144_10bit_30fps_AG16_20251113.txt
static u16 chagallovx8000wide_setting_1[] = {
	0x0324,0x01,
	0x0325,0xf5,
	0x0326,0xd4,
	0x0327,0x0b,
	0x0360,0x09,
	0x3025,0x03,
	0x3506,0x58,
	0x350e,0x00,
	0x350f,0x00,
	0x3546,0x38,
	0x354e,0x00,
	0x354f,0x00,
	0x3586,0x38,
	0x358e,0x00,
	0x358f,0x00,
	0x3600,0x07,
	0x3608,0xf0,
	0x360a,0xbf,
	0x3616,0x58,
	0x361a,0x56,
	0x361c,0x08,
	0x361e,0x16,
	0x363b,0x14,
	0x363c,0xba,
	0x3645,0x14,
	0x3680,0x00,
	0x3682,0x80,
	0x3684,0x00,
	0x3688,0x03,
	0x369a,0x00,
	0x36d0,0x00,
	0x3706,0x20,
	0x3707,0x04,
	0x3709,0x9d,
	0x370b,0x3e,
	0x370c,0x04,
	0x3712,0x51,
	0x3714,0x74,
	0x3715,0x00,
	0x3724,0x0a,
	0x372a,0x00,
	0x372b,0x00,
	0x374f,0x50,
	0x3755,0x70,
	0x3756,0x00,
	0x3757,0x30,
	0x3758,0x00,
	0x3759,0x50,
	0x375e,0x00,
	0x375f,0x02,
	0x3763,0x08,
	0x376c,0x00,
	0x3780,0x4c,
	0x3781,0x00,
	0x3782,0x01,
	0x3785,0x01,
	0x3786,0x01,
	0x3789,0x01,
	0x378a,0x01,
	0x378d,0x01,
	0x378e,0x01,
	0x3791,0x20,
	0x3793,0x1c,
	0x3795,0x1c,
	0x3797,0x3e,
	0x3799,0x3c,
	0x379b,0x3c,
	0x37a0,0x70,
	0x37d0,0x00,
	0x37e3,0x30,
	0x3800,0x00,
	0x3801,0x00,
	0x3802,0x00,
	0x3803,0x00,
	0x3804,0x20,
	0x3805,0x1f,
	0x3806,0x18,
	0x3807,0x1f,
	0x3808,0x20,
	0x3809,0x00,
	0x380a,0x18,
	0x380b,0x00,
	0x380c,0x01,
	0x380d,0x90,
	0x380e,0x1E,
	0x380f,0x8E,
	0x3811,0x0f,
	0x3813,0x10,
	0x3815,0x11,
	0x3820,0x40,
	0x3821,0x04,
	0x3822,0x00,
	0x3823,0x04,
	0x3828,0x14,
	0x3830,0x1c,
	0x3831,0x00,
	0x3837,0x1c,
	0x383f,0x08,
	0x384c,0x01,
	0x384d,0x90,
	0x3889,0x10,
	0x388b,0x10,
	0x388c,0x20,
	0x388d,0x00,
	0x388e,0x18,
	0x388f,0x00,
	0x3896,0x00,
	0x3917,0x00,
	0x3981,0x01,
	0x3982,0x20,
	0x398b,0x80,
	0x39ec,0x06,
	0x39ed,0x04,
	0x3a0d,0x00,
	0x3a13,0x00,
	0x3a14,0x04,
	0x3a15,0x01,
	0x3a16,0x02,
	0x3a17,0x00,
	0x3a2a,0x01,
	0x3a2e,0x01,
	0x3a2f,0x01,
	0x3a30,0x01,
	0x3a31,0x01,
	0x3a32,0x01,
	0x3a34,0x01,
	0x3a35,0x01,
	0x3a36,0x01,
	0x3a37,0x01,
	0x3a40,0x01,
	0x3a42,0x01,
	0x3a43,0x01,
	0x3a44,0x01,
	0x3a45,0x01,
	0x3a46,0x01,
	0x3a48,0x01,
	0x3a49,0x01,
	0x3a4a,0x01,
	0x3a4b,0x01,
	0x3a5e,0x50,
	0x3aed,0x3a,
	0x3af1,0x3f,
	0x3afd,0x04,
	0x3afe,0x09,
	0x3aff,0x04,
	0x3b00,0x09,
	0x3b01,0x00,
	0x3b02,0x00,
	0x3b03,0x07,
	0x3b04,0x07,
	0x3b05,0x07,
	0x3b08,0x07,
	0x3b14,0x02,
	0x3b15,0x07,
	0x3b19,0x07,
	0x3b1a,0x07,
	0x3b1d,0x00,
	0x3b22,0x07,
	0x3b25,0x07,
	0x3b2b,0x00,
	0x3b2c,0x00,
	0x3b2d,0x04,
	0x3b32,0x07,
	0x3b33,0x07,
	0x3b34,0x07,
	0x3b38,0x07,
	0x3b39,0x07,
	0x3b3a,0x07,
	0x3b3b,0x07,
	0x3b41,0x07,
	0x3b42,0x07,
	0x3b43,0x07,
	0x3b44,0x07,
	0x3b45,0x00,
	0x3b49,0x00,
	0x3b56,0x11,
	0x3b57,0x11,
	0x3b58,0x11,
	0x3b59,0x11,
	0x3b5a,0x11,
	0x3b5b,0x11,
	0x3b5c,0x11,
	0x3b5d,0x11,
	0x3b82,0x11,
	0x3ba0,0x07,
	0x3ba1,0x11,
	0x3ba2,0x07,
	0x3bab,0x2c,
	0x3baf,0x58,
	0x3bf2,0x33,
	0x3bfa,0x00,
	0x3bff,0x08,
	0x4010,0x28,
	0x4012,0xfc,
	0x4016,0x1f,
	0x4018,0x0f,
	0x401e,0x01,
	0x401f,0x30,
	0x40c4,0x07,
	0x40c5,0xff,
	0x40c6,0x07,
	0x40c7,0xff,
	0x4288,0x07,
	0x4505,0x0c,
	0x4506,0x01,
	0x4509,0x05,
	0x450c,0x00,
	0x450d,0x30,
	0x4510,0x03,
	0x4511,0x08,
	0x4512,0x05,
	0x4513,0x05,
	0x4514,0xaf,
	0x4515,0xaf,
	0x4516,0x05,
	0x4517,0x05,
	0x4518,0xaf,
	0x4519,0xaf,
	0x451a,0x11,
	0x451b,0xbb,
	0x451c,0x11,
	0x451d,0xbb,
	0x451e,0x11,
	0x451f,0xbb,
	0x4520,0x11,
	0x4521,0xbb,
	0x4542,0x00,
	0x4549,0x00,
	0x45c0,0x1c,
	0x45c1,0x80,
	0x45c2,0x0a,
	0x45c3,0x84,
	0x45c4,0x10,
	0x45c5,0x00,
	0x45c6,0x08,
	0x45dd,0x00,
	0x4602,0x00,
	0x4603,0x11,
	0x460b,0x07,
	0x4640,0x01,
	0x4641,0x00,
	0x4643,0x08,
	0x4680,0x11,
	0x468e,0x30,
	0x4813,0x10,
	0x4836,0x32,
	0x4916,0x1f,
	0x4918,0x0f,
	0x491e,0x01,
	0x491f,0x30,
	0x4a16,0x1f,
	0x4a18,0x0f,
	0x4a1e,0x01,
	0x4a1f,0x30,
	0x5000,0x5b,
	0x5001,0x28,
	0x5002,0x00,
	0x5006,0x00,
	0x6a03,0x00,
	0xc200,0x00,
	0xc210,0x00,
	0xc211,0x00,
	0xc231,0x00,
	0xc232,0x01,
	0xc233,0x8f,
	0xc245,0x00,
	0xc246,0x01,
	0xc247,0x8f,
	0xc40f,0x07,
	0xc46d,0x55,
	0xc48f,0x3f,
	0xc49c,0x08,
	0xc49e,0x20,
	0xc49f,0x20,
	0xc4a2,0x3e,
	0xc4a3,0x3e,
	0xc4ae,0x00,
	0xc4af,0x00,
	0xc4b0,0x00,
	0xc4b1,0x00,
	0xc4b2,0x00,
	0xc4c2,0x07,
	0xc4c3,0x07,
	0xc4c4,0x07,
	0xc4c6,0x2a,
	0xc4c7,0x2a,
	0xc4c8,0x35,
	0xc4c9,0x35,
	0xc4ca,0x35,
	0xc4cb,0x35,
	0xc4ce,0x03,
	0xc4cf,0x01,
	0xc4d0,0x00,
	0xc4d1,0x00,
	0xc4e0,0x07,
	0xc4e1,0x07,
	0xc4e2,0x07,
	0xc4e3,0x11,
	0xc4e9,0x11,
	0xc4ed,0x07,
	0xc4ee,0x07,
	0xc4fa,0x07,
	0xc4fb,0x07,
	0xc4fe,0x07,
	0xc4ff,0x07,
	0xc50f,0x58,
	0xc51b,0x38,
	0xc51c,0x38,
	0xc51d,0x2c,
	0xc51e,0x2c,
	0xc51f,0x2c,
	0xc520,0x2c,
	0xc521,0x2c,
	0xc526,0x0e,
	0xc527,0x0e,
	0xc528,0x0e,
	0xc529,0x0e,
	0xc52a,0x0e,
	0xc52b,0x0e,
	0xc52c,0x0e,
	0xc52d,0x0e,
	0xc52e,0x0e,
	0xc52f,0x0e,
	0xc530,0x0e,
	0xc531,0x0e,
	0xc533,0x0e,
	0xc534,0x0e,
	0xc535,0x0e,
	0xc5c3,0x00,
	0xc5c4,0x00,
	0xc5c5,0x00,
	0xc5c6,0x00,
	0xc5c7,0x00,
	0xc5c8,0x00,
	0xc5c9,0x48,
	0xc5ca,0x48,
	0xc5cb,0x40,
	0xc5cc,0x40,
	0xc5cd,0x40,
	0xc5ce,0x40,
	0xc5fe,0x04,
	0xc5ff,0x06,
	0x464c,0x01,
	0x4690,0x00,
	0x3501,0x18,
	0x3502,0x00,
	0x3508,0x01,
	0x3509,0x00,
	0x3400,0x04,
	0x3002,0x80,
	0x3008,0x00,
	0x382e,0x49,
	0x368d,0x10,
	0x3841,0x00,
	0x381a,0x18,
	0x381b,0x6a,
	0x381c,0x00,
	0x381d,0x01,
	0x381e,0x00,
	0x381f,0x20,
	0x382a,0x83,
};

// 序号2 - 来源文件：2_OV50E40_4096x3072_Cropping_10bit_30fps_AG16_PDVC1_2048x768LR_PDVC2_2048x768UD_20251113.txt
static u16 chagallovx8000wide_setting_2[] = {
	0x0324,0x01,
	0x0325,0xf4,
	0x0326,0xd4,
	0x0327,0x0b,
	0x0360,0x09,
	0x3025,0x03,
	0x3506,0x58,
	0x350e,0x00,
	0x350f,0x00,
	0x3546,0x38,
	0x354e,0x00,
	0x354f,0x00,
	0x3586,0x38,
	0x358e,0x00,
	0x358f,0x00,
	0x3600,0xc7,
	0x3608,0xf3,
	0x360a,0xbb,
	0x3616,0x58,
	0x361a,0x56,
	0x361c,0x08,
	0x361e,0x16,
	0x363b,0x14,
	0x363c,0xba,
	0x3645,0x14,
	0x3680,0x00,
	0x3682,0x80,
	0x3684,0x01,
	0x3688,0x03,
	0x369a,0x00,
	0x36d0,0x00,
	0x3706,0x20,
	0x3707,0x04,
	0x3709,0x9d,
	0x370b,0x3e,
	0x370c,0x04,
	0x3712,0x51,
	0x3714,0x74,
	0x3715,0x00,
	0x3724,0x60,
	0x372a,0x00,
	0x372b,0x00,
	0x374f,0x50,
	0x3755,0x70,
	0x3756,0x00,
	0x3757,0x30,
	0x3758,0x00,
	0x3759,0x50,
	0x375e,0x00,
	0x375f,0x02,
	0x3763,0x08,
	0x376c,0x00,
	0x3780,0x4c,
	0x3781,0x00,
	0x3782,0x01,
	0x3785,0x01,
	0x3786,0x01,
	0x3789,0x01,
	0x378a,0x01,
	0x378d,0x01,
	0x378e,0x01,
	0x3791,0x20,
	0x3793,0x1c,
	0x3795,0x1c,
	0x3797,0x3e,
	0x3799,0x3c,
	0x379b,0x3c,
	0x37a0,0x70,
	0x37d0,0x00,
	0x37e3,0x30,
	0x3800,0x08,
	0x3801,0x00,
	0x3802,0x06,
	0x3803,0x00,
	0x3804,0x18,
	0x3805,0x1f,
	0x3806,0x12,
	0x3807,0x1f,
	0x3808,0x10,
	0x3809,0x00,
	0x380a,0x0c,
	0x380b,0x00,
	0x380c,0x01,
	0x380d,0x90,
	0x380e,0x18,
	0x380f,0x68,
	0x3811,0x0f,
	0x3813,0x10,
	0x3815,0x11,
	0x3820,0x40,
	0x3821,0x04,
	0x3822,0x00,
	0x3823,0x04,
	0x3828,0x14,
	0x3830,0x1c,
	0x3831,0x00,
	0x3837,0x1c,
	0x383f,0x08,
	0x384c,0x01,
	0x384d,0x90,
	0x3889,0x10,
	0x388b,0x10,
	0x388c,0x10,
	0x388d,0x00,
	0x388e,0x0c,
	0x388f,0x00,
	0x3896,0x00,
	0x3917,0x00,
	0x3981,0x01,
	0x3982,0x20,
	0x398b,0x80,
	0x39ec,0x06,
	0x39ed,0x04,
	0x3a0d,0x00,
	0x3a13,0x00,
	0x3a14,0x04,
	0x3a15,0x01,
	0x3a16,0x02,
	0x3a17,0x00,
	0x3a2a,0x01,
	0x3a2e,0x01,
	0x3a2f,0x01,
	0x3a30,0x01,
	0x3a31,0x01,
	0x3a32,0x01,
	0x3a34,0x01,
	0x3a35,0x01,
	0x3a36,0x01,
	0x3a37,0x01,
	0x3a40,0x01,
	0x3a42,0x01,
	0x3a43,0x01,
	0x3a44,0x01,
	0x3a45,0x01,
	0x3a46,0x01,
	0x3a48,0x01,
	0x3a49,0x01,
	0x3a4a,0x01,
	0x3a4b,0x01,
	0x3a5e,0x50,
	0x3aed,0x3a,
	0x3af1,0x3f,
	0x3afd,0x04,
	0x3afe,0x09,
	0x3aff,0x04,
	0x3b00,0x09,
	0x3b01,0x00,
	0x3b02,0x00,
	0x3b03,0x07,
	0x3b04,0x07,
	0x3b05,0x07,
	0x3b08,0x07,
	0x3b14,0x02,
	0x3b15,0x07,
	0x3b19,0x07,
	0x3b1a,0x07,
	0x3b1d,0x00,
	0x3b22,0x07,
	0x3b25,0x07,
	0x3b2b,0x00,
	0x3b2c,0x00,
	0x3b2d,0x04,
	0x3b32,0x07,
	0x3b33,0x07,
	0x3b34,0x07,
	0x3b38,0x07,
	0x3b39,0x07,
	0x3b3a,0x07,
	0x3b3b,0x07,
	0x3b41,0x07,
	0x3b42,0x07,
	0x3b43,0x07,
	0x3b44,0x07,
	0x3b45,0x00,
	0x3b49,0x00,
	0x3b56,0x11,
	0x3b57,0x11,
	0x3b58,0x11,
	0x3b59,0x11,
	0x3b5a,0x11,
	0x3b5b,0x11,
	0x3b5c,0x11,
	0x3b5d,0x11,
	0x3b82,0x11,
	0x3ba0,0x07,
	0x3ba1,0x11,
	0x3ba2,0x07,
	0x3bab,0x2c,
	0x3baf,0x58,
	0x3bf2,0x33,
	0x3bfa,0x00,
	0x3bff,0x08,
	0x4010,0x28,
	0x4012,0xfc,
	0x4016,0x1f,
	0x4018,0x0f,
	0x401e,0x01,
	0x401f,0x30,
	0x40c4,0x07,
	0x40c5,0xff,
	0x40c6,0x07,
	0x40c7,0xff,
	0x4288,0x07,
	0x4505,0x0c,
	0x4506,0x01,
	0x4509,0x05,
	0x450c,0x00,
	0x450d,0x30,
	0x4510,0x03,
	0x4511,0x08,
	0x4512,0x05,
	0x4513,0x05,
	0x4514,0xaf,
	0x4515,0xaf,
	0x4516,0x05,
	0x4517,0x05,
	0x4518,0xaf,
	0x4519,0xaf,
	0x451a,0x11,
	0x451b,0xbb,
	0x451c,0x11,
	0x451d,0xbb,
	0x451e,0x11,
	0x451f,0xbb,
	0x4520,0x11,
	0x4521,0xbb,
	0x4542,0x00,
	0x4549,0x00,
	0x45c0,0x14,
	0x45c1,0x80,
	0x45c2,0x02,
	0x45c3,0x87,
	0x45c4,0x10,
	0x45c5,0x00,
	0x45c6,0x04,
	0x45dd,0x00,
	0x4602,0x00,
	0x4603,0x11,
	0x460b,0x07,
	0x4640,0x00,
	0x4641,0x80,
	0x4643,0x08,
	0x4680,0x11,
	0x468e,0x30,
	0x4813,0x10,
	0x4836,0x32,
	0x4916,0x1f,
	0x4918,0x0f,
	0x491e,0x01,
	0x491f,0x30,
	0x4a16,0x1f,
	0x4a18,0x0f,
	0x4a1e,0x01,
	0x4a1f,0x30,
	0x5000,0x5b,
	0x5001,0x28,
	0x5002,0x00,
	0x5006,0x00,
	0x6a03,0x00,
	0xc200,0x00,
	0xc210,0x00,
	0xc211,0x00,
	0xc231,0x00,
	0xc232,0x01,
	0xc233,0x8f,
	0xc245,0x00,
	0xc246,0x01,
	0xc247,0x8f,
	0xc40f,0x07,
	0xc46d,0x55,
	0xc48f,0x3f,
	0xc49c,0x08,
	0xc49e,0x20,
	0xc49f,0x20,
	0xc4a2,0x3e,
	0xc4a3,0x3e,
	0xc4ae,0x00,
	0xc4af,0x00,
	0xc4b0,0x00,
	0xc4b1,0x00,
	0xc4b2,0x00,
	0xc4c2,0x07,
	0xc4c3,0x07,
	0xc4c4,0x07,
	0xc4c6,0x2a,
	0xc4c7,0x2a,
	0xc4c8,0x35,
	0xc4c9,0x35,
	0xc4ca,0x35,
	0xc4cb,0x35,
	0xc4ce,0x03,
	0xc4cf,0x01,
	0xc4d0,0x00,
	0xc4d1,0x00,
	0xc4e0,0x07,
	0xc4e1,0x07,
	0xc4e2,0x07,
	0xc4e3,0x11,
	0xc4e9,0x11,
	0xc4ed,0x07,
	0xc4ee,0x07,
	0xc4fa,0x07,
	0xc4fb,0x07,
	0xc4fe,0x07,
	0xc4ff,0x07,
	0xc50f,0x58,
	0xc51b,0x38,
	0xc51c,0x38,
	0xc51d,0x2c,
	0xc51e,0x2c,
	0xc51f,0x2c,
	0xc520,0x2c,
	0xc521,0x2c,
	0xc526,0x0e,
	0xc527,0x0e,
	0xc528,0x0e,
	0xc529,0x0e,
	0xc52a,0x0e,
	0xc52b,0x0e,
	0xc52c,0x0e,
	0xc52d,0x0e,
	0xc52e,0x0e,
	0xc52f,0x0e,
	0xc530,0x0e,
	0xc531,0x0e,
	0xc533,0x0e,
	0xc534,0x0e,
	0xc535,0x0e,
	0xc5c3,0x00,
	0xc5c4,0x00,
	0xc5c5,0x00,
	0xc5c6,0x00,
	0xc5c7,0x00,
	0xc5c8,0x00,
	0xc5c9,0x48,
	0xc5ca,0x48,
	0xc5cb,0x40,
	0xc5cc,0x40,
	0xc5cd,0x40,
	0xc5ce,0x40,
	0xc5fe,0x04,
	0xc5ff,0x06,
	0x464c,0x21,
	0x4690,0x0a,
	0x3501,0x18,
	0x3502,0x00,
	0x3508,0x01,
	0x3509,0x00,
	0x3400,0x04,
	0x3002,0x80,
	0x3008,0x00,
	0x382e,0x49,
	0x368d,0x10,
	0x3841,0x00,
	0x381a,0x0c,
	0x381b,0x6c,
	0x381c,0x00,
	0x381d,0x01,
	0x381e,0x00,
	0x381f,0x20,
	0x382a,0x80,
};

// 序号3 - 来源文件：3_OV50E40_8192x6144_Quad_14bit_30fps_AG16_20251113.txt
static u16 chagallovx8000wide_setting_3[] = {
	0x0324,0x01,
	0x0325,0xf5,
	0x0326,0xd4,
	0x0327,0x0b,
	0x0360,0x0b,
	0x3025,0x03,
	0x3506,0x58,
	0x350e,0x00,
	0x350f,0x00,
	0x3546,0x38,
	0x354e,0x00,
	0x354f,0x00,
	0x3586,0x38,
	0x358e,0x00,
	0x358f,0x00,
	0x3600,0x07,
	0x3608,0xf0,
	0x360a,0xbf,
	0x3616,0x58,
	0x361a,0x56,
	0x361c,0x08,
	0x361e,0x16,
	0x363b,0x14,
	0x363c,0xba,
	0x3645,0x14,
	0x3680,0x00,
	0x3682,0x80,
	0x3684,0x00,
	0x3688,0x03,
	0x369a,0x00,
	0x36d0,0x00,
	0x3706,0x20,
	0x3707,0x04,
	0x3709,0x9d,
	0x370b,0x3e,
	0x370c,0x04,
	0x3712,0x51,
	0x3714,0x74,
	0x3715,0x00,
	0x3724,0x08,
	0x372a,0x00,
	0x372b,0x00,
	0x374f,0x50,
	0x3755,0x70,
	0x3756,0x00,
	0x3757,0x30,
	0x3758,0x00,
	0x3759,0x50,
	0x375e,0x00,
	0x375f,0x02,
	0x3763,0x08,
	0x376c,0x00,
	0x3780,0x4c,
	0x3781,0x00,
	0x3782,0x01,
	0x3785,0x01,
	0x3786,0x01,
	0x3789,0x01,
	0x378a,0x01,
	0x378d,0x01,
	0x378e,0x01,
	0x3791,0x20,
	0x3793,0x1c,
	0x3795,0x1c,
	0x3797,0x3e,
	0x3799,0x3c,
	0x379b,0x3c,
	0x37a0,0x70,
	0x37d0,0x00,
	0x37e3,0x30,
	0x3800,0x00,
	0x3801,0x00,
	0x3802,0x00,
	0x3803,0x00,
	0x3804,0x20,
	0x3805,0x1f,
	0x3806,0x18,
	0x3807,0x1f,
	0x3808,0x20,
	0x3809,0x00,
	0x380a,0x18,
	0x380b,0x00,
	0x380c,0x01,
	0x380d,0x90,
	0x380e,0x18,
	0x380f,0x6c,
	0x3811,0x0e,
	0x3813,0x10,
	0x3815,0x11,
	0x3820,0x40,
	0x3821,0x04,
	0x3822,0x00,
	0x3823,0x04,
	0x3828,0x14,
	0x3830,0x1c,
	0x3831,0x00,
	0x3837,0x1c,
	0x383f,0x08,
	0x384c,0x01,
	0x384d,0x90,
	0x3889,0x10,
	0x388b,0x10,
	0x388c,0x20,
	0x388d,0x00,
	0x388e,0x18,
	0x388f,0x00,
	0x3896,0x00,
	0x3917,0x00,
	0x3981,0x01,
	0x3982,0x20,
	0x398b,0x80,
	0x39ec,0x06,
	0x39ed,0x04,
	0x3a0d,0x00,
	0x3a13,0x00,
	0x3a14,0x04,
	0x3a15,0x01,
	0x3a16,0x02,
	0x3a17,0x00,
	0x3a2a,0x01,
	0x3a2e,0x01,
	0x3a2f,0x01,
	0x3a30,0x01,
	0x3a31,0x01,
	0x3a32,0x01,
	0x3a34,0x01,
	0x3a35,0x01,
	0x3a36,0x01,
	0x3a37,0x01,
	0x3a40,0x01,
	0x3a42,0x01,
	0x3a43,0x01,
	0x3a44,0x01,
	0x3a45,0x01,
	0x3a46,0x01,
	0x3a48,0x01,
	0x3a49,0x01,
	0x3a4a,0x01,
	0x3a4b,0x01,
	0x3a5e,0x50,
	0x3aed,0x3a,
	0x3af1,0x3f,
	0x3afd,0x04,
	0x3afe,0x09,
	0x3aff,0x04,
	0x3b00,0x09,
	0x3b01,0x00,
	0x3b02,0x00,
	0x3b03,0x07,
	0x3b04,0x07,
	0x3b05,0x07,
	0x3b08,0x07,
	0x3b14,0x02,
	0x3b15,0x07,
	0x3b19,0x07,
	0x3b1a,0x07,
	0x3b1d,0x00,
	0x3b22,0x07,
	0x3b25,0x07,
	0x3b2b,0x00,
	0x3b2c,0x00,
	0x3b2d,0x04,
	0x3b32,0x07,
	0x3b33,0x07,
	0x3b34,0x07,
	0x3b38,0x07,
	0x3b39,0x07,
	0x3b3a,0x07,
	0x3b3b,0x07,
	0x3b41,0x07,
	0x3b42,0x07,
	0x3b43,0x07,
	0x3b44,0x07,
	0x3b45,0x00,
	0x3b49,0x00,
	0x3b56,0x11,
	0x3b57,0x11,
	0x3b58,0x11,
	0x3b59,0x11,
	0x3b5a,0x11,
	0x3b5b,0x11,
	0x3b5c,0x11,
	0x3b5d,0x11,
	0x3b82,0x11,
	0x3ba0,0x07,
	0x3ba1,0x11,
	0x3ba2,0x07,
	0x3bab,0x2c,
	0x3baf,0x58,
	0x3bf2,0x33,
	0x3bfa,0x00,
	0x3bff,0x08,
	0x4010,0x28,
	0x4012,0xfc,
	0x4016,0x1f,
	0x4018,0x0f,
	0x401e,0x01,
	0x401f,0x30,
	0x40c4,0x07,
	0x40c5,0xff,
	0x40c6,0x07,
	0x40c7,0xff,
	0x4288,0x07,
	0x4505,0x0c,
	0x4506,0x01,
	0x4509,0x05,
	0x450c,0x00,
	0x450d,0x30,
	0x4510,0x03,
	0x4511,0x08,
	0x4512,0x05,
	0x4513,0x05,
	0x4514,0xaf,
	0x4515,0xaf,
	0x4516,0x05,
	0x4517,0x05,
	0x4518,0xaf,
	0x4519,0xaf,
	0x451a,0x11,
	0x451b,0xbb,
	0x451c,0x11,
	0x451d,0xbb,
	0x451e,0x11,
	0x451f,0xbb,
	0x4520,0x11,
	0x4521,0xbb,
	0x4542,0x00,
	0x4549,0x00,
	0x45c0,0x1c,
	0x45c1,0x80,
	0x45c2,0x0a,
	0x45c3,0x84,
	0x45c4,0x10,
	0x45c5,0x00,
	0x45c6,0x08,
	0x45dd,0x00,
	0x4602,0x00,
	0x4603,0x11,
	0x460b,0x07,
	0x4640,0x01,
	0x4641,0x00,
	0x4643,0x08,
	0x4680,0x11,
	0x468e,0x30,
	0x4813,0x10,
	0x4836,0x32,
	0x4916,0x1f,
	0x4918,0x0f,
	0x491e,0x01,
	0x491f,0x30,
	0x4a16,0x1f,
	0x4a18,0x0f,
	0x4a1e,0x01,
	0x4a1f,0x30,
	0x5000,0x5b,
	0x5001,0x08,
	0x5002,0x00,
	0x5006,0x00,
	0x6a03,0x00,
	0xc200,0x00,
	0xc210,0x00,
	0xc211,0x00,
	0xc231,0x00,
	0xc232,0x01,
	0xc233,0x8f,
	0xc245,0x00,
	0xc246,0x01,
	0xc247,0x8f,
	0xc40f,0x07,
	0xc46d,0x55,
	0xc48f,0x3f,
	0xc49c,0x08,
	0xc49e,0x20,
	0xc49f,0x20,
	0xc4a2,0x3e,
	0xc4a3,0x3e,
	0xc4ae,0x00,
	0xc4af,0x00,
	0xc4b0,0x00,
	0xc4b1,0x00,
	0xc4b2,0x00,
	0xc4c2,0x07,
	0xc4c3,0x07,
	0xc4c4,0x07,
	0xc4c6,0x2a,
	0xc4c7,0x2a,
	0xc4c8,0x35,
	0xc4c9,0x35,
	0xc4ca,0x35,
	0xc4cb,0x35,
	0xc4ce,0x03,
	0xc4cf,0x01,
	0xc4d0,0x00,
	0xc4d1,0x00,
	0xc4e0,0x07,
	0xc4e1,0x07,
	0xc4e2,0x07,
	0xc4e3,0x11,
	0xc4e9,0x11,
	0xc4ed,0x07,
	0xc4ee,0x07,
	0xc4fa,0x07,
	0xc4fb,0x07,
	0xc4fe,0x07,
	0xc4ff,0x07,
	0xc50f,0x58,
	0xc51b,0x38,
	0xc51c,0x38,
	0xc51d,0x2c,
	0xc51e,0x2c,
	0xc51f,0x2c,
	0xc520,0x2c,
	0xc521,0x2c,
	0xc526,0x0e,
	0xc527,0x0e,
	0xc528,0x0e,
	0xc529,0x0e,
	0xc52a,0x0e,
	0xc52b,0x0e,
	0xc52c,0x0e,
	0xc52d,0x0e,
	0xc52e,0x0e,
	0xc52f,0x0e,
	0xc530,0x0e,
	0xc531,0x0e,
	0xc533,0x0e,
	0xc534,0x0e,
	0xc535,0x0e,
	0xc5c3,0x00,
	0xc5c4,0x00,
	0xc5c5,0x00,
	0xc5c6,0x00,
	0xc5c7,0x00,
	0xc5c8,0x00,
	0xc5c9,0x48,
	0xc5ca,0x48,
	0xc5cb,0x40,
	0xc5cc,0x40,
	0xc5cd,0x40,
	0xc5ce,0x40,
	0xc5fe,0x04,
	0xc5ff,0x06,
	0x464c,0x01,
	0x4690,0x00,
	0x3501,0x18,
	0x3502,0x00,
	0x3508,0x01,
	0x3509,0x00,
	0x3400,0x04,
	0x3002,0x80,
	0x3008,0x00,
	0x382e,0x49,
	0x368d,0x10,
	0x3841,0x00,
	0x381a,0x18,
	0x381b,0x66,
	0x381c,0x00,
	0x381d,0x01,
	0x381e,0x00,
	0x381f,0x20,
	0x382a,0x80,
};

// 序号4 - 来源文件：4_OV50E40_4096x3072_CroppingQuad_14bit_30fps_AG16_PDVC1_2048x768LR_PDVC2_2048x768UD_20251113.txt
static u16 chagallovx8000wide_setting_4[] = {
	0x0324,0x01,
	0x0325,0xf4,
	0x0326,0xd4,
	0x0327,0x0b,
	0x0360,0x0b,
	0x3025,0x03,
	0x3506,0x58,
	0x350e,0x00,
	0x350f,0x00,
	0x3546,0x38,
	0x354e,0x00,
	0x354f,0x00,
	0x3586,0x38,
	0x358e,0x00,
	0x358f,0x00,
	0x3600,0xc7,
	0x3608,0xf3,
	0x360a,0xbb,
	0x3616,0x58,
	0x361a,0x56,
	0x361c,0x08,
	0x361e,0x16,
	0x363b,0x14,
	0x363c,0xba,
	0x3645,0x14,
	0x3680,0x00,
	0x3682,0x80,
	0x3684,0x01,
	0x3688,0x03,
	0x369a,0x00,
	0x36d0,0x00,
	0x3706,0x20,
	0x3707,0x04,
	0x3709,0x9d,
	0x370b,0x3e,
	0x370c,0x04,
	0x3712,0x51,
	0x3714,0x74,
	0x3715,0x00,
	0x3724,0x52,
	0x372a,0x00,
	0x372b,0x00,
	0x374f,0x50,
	0x3755,0x70,
	0x3756,0x00,
	0x3757,0x30,
	0x3758,0x00,
	0x3759,0x50,
	0x375e,0x00,
	0x375f,0x02,
	0x3763,0x08,
	0x376c,0x00,
	0x3780,0x4c,
	0x3781,0x00,
	0x3782,0x01,
	0x3785,0x01,
	0x3786,0x01,
	0x3789,0x01,
	0x378a,0x01,
	0x378d,0x01,
	0x378e,0x01,
	0x3791,0x20,
	0x3793,0x1c,
	0x3795,0x1c,
	0x3797,0x3e,
	0x3799,0x3c,
	0x379b,0x3c,
	0x37a0,0x70,
	0x37d0,0x00,
	0x37e3,0x30,
	0x3800,0x08,
	0x3801,0x00,
	0x3802,0x06,
	0x3803,0x00,
	0x3804,0x18,
	0x3805,0x1f,
	0x3806,0x12,
	0x3807,0x1f,
	0x3808,0x10,
	0x3809,0x00,
	0x380a,0x0c,
	0x380b,0x00,
	0x380c,0x01,
	0x380d,0x90,
	0x380e,0x18,
	0x380f,0x68,
	0x3811,0x0e,
	0x3813,0x10,
	0x3815,0x11,
	0x3820,0x40,
	0x3821,0x04,
	0x3822,0x00,
	0x3823,0x04,
	0x3828,0x14,
	0x3830,0x1c,
	0x3831,0x00,
	0x3837,0x1c,
	0x383f,0x08,
	0x384c,0x01,
	0x384d,0x90,
	0x3889,0x10,
	0x388b,0x10,
	0x388c,0x10,
	0x388d,0x00,
	0x388e,0x0c,
	0x388f,0x00,
	0x3896,0x00,
	0x3917,0x00,
	0x3981,0x01,
	0x3982,0x20,
	0x398b,0x80,
	0x39ec,0x06,
	0x39ed,0x04,
	0x3a0d,0x00,
	0x3a13,0x00,
	0x3a14,0x04,
	0x3a15,0x01,
	0x3a16,0x02,
	0x3a17,0x00,
	0x3a2a,0x01,
	0x3a2e,0x01,
	0x3a2f,0x01,
	0x3a30,0x01,
	0x3a31,0x01,
	0x3a32,0x01,
	0x3a34,0x01,
	0x3a35,0x01,
	0x3a36,0x01,
	0x3a37,0x01,
	0x3a40,0x01,
	0x3a42,0x01,
	0x3a43,0x01,
	0x3a44,0x01,
	0x3a45,0x01,
	0x3a46,0x01,
	0x3a48,0x01,
	0x3a49,0x01,
	0x3a4a,0x01,
	0x3a4b,0x01,
	0x3a5e,0x50,
	0x3aed,0x3a,
	0x3af1,0x3f,
	0x3afd,0x04,
	0x3afe,0x09,
	0x3aff,0x04,
	0x3b00,0x09,
	0x3b01,0x00,
	0x3b02,0x00,
	0x3b03,0x07,
	0x3b04,0x07,
	0x3b05,0x07,
	0x3b08,0x07,
	0x3b14,0x02,
	0x3b15,0x07,
	0x3b19,0x07,
	0x3b1a,0x07,
	0x3b1d,0x00,
	0x3b22,0x07,
	0x3b25,0x07,
	0x3b2b,0x00,
	0x3b2c,0x00,
	0x3b2d,0x04,
	0x3b32,0x07,
	0x3b33,0x07,
	0x3b34,0x07,
	0x3b38,0x07,
	0x3b39,0x07,
	0x3b3a,0x07,
	0x3b3b,0x07,
	0x3b41,0x07,
	0x3b42,0x07,
	0x3b43,0x07,
	0x3b44,0x07,
	0x3b45,0x00,
	0x3b49,0x00,
	0x3b56,0x11,
	0x3b57,0x11,
	0x3b58,0x11,
	0x3b59,0x11,
	0x3b5a,0x11,
	0x3b5b,0x11,
	0x3b5c,0x11,
	0x3b5d,0x11,
	0x3b82,0x11,
	0x3ba0,0x07,
	0x3ba1,0x11,
	0x3ba2,0x07,
	0x3bab,0x2c,
	0x3baf,0x58,
	0x3bf2,0x33,
	0x3bfa,0x00,
	0x3bff,0x08,
	0x4010,0x28,
	0x4012,0xfc,
	0x4016,0x1f,
	0x4018,0x0f,
	0x401e,0x01,
	0x401f,0x30,
	0x40c4,0x07,
	0x40c5,0xff,
	0x40c6,0x07,
	0x40c7,0xff,
	0x4288,0x07,
	0x4505,0x0c,
	0x4506,0x01,
	0x4509,0x05,
	0x450c,0x00,
	0x450d,0x30,
	0x4510,0x03,
	0x4511,0x08,
	0x4512,0x05,
	0x4513,0x05,
	0x4514,0xaf,
	0x4515,0xaf,
	0x4516,0x05,
	0x4517,0x05,
	0x4518,0xaf,
	0x4519,0xaf,
	0x451a,0x11,
	0x451b,0xbb,
	0x451c,0x11,
	0x451d,0xbb,
	0x451e,0x11,
	0x451f,0xbb,
	0x4520,0x11,
	0x4521,0xbb,
	0x4542,0x00,
	0x4549,0x00,
	0x45c0,0x14,
	0x45c1,0x80,
	0x45c2,0x02,
	0x45c3,0x87,
	0x45c4,0x10,
	0x45c5,0x00,
	0x45c6,0x04,
	0x45dd,0x00,
	0x4602,0x00,
	0x4603,0x11,
	0x460b,0x07,
	0x4640,0x00,
	0x4641,0x80,
	0x4643,0x08,
	0x4680,0x11,
	0x468e,0x30,
	0x4813,0x10,
	0x4836,0x32,
	0x4916,0x1f,
	0x4918,0x0f,
	0x491e,0x01,
	0x491f,0x30,
	0x4a16,0x1f,
	0x4a18,0x0f,
	0x4a1e,0x01,
	0x4a1f,0x30,
	0x5000,0x5b,
	0x5001,0x08,
	0x5002,0x00,
	0x5006,0x00,
	0x6a03,0x00,
	0xc200,0x00,
	0xc210,0x00,
	0xc211,0x00,
	0xc231,0x00,
	0xc232,0x01,
	0xc233,0x8f,
	0xc245,0x00,
	0xc246,0x01,
	0xc247,0x8f,
	0xc40f,0x07,
	0xc46d,0x55,
	0xc48f,0x3f,
	0xc49c,0x08,
	0xc49e,0x20,
	0xc49f,0x20,
	0xc4a2,0x3e,
	0xc4a3,0x3e,
	0xc4ae,0x00,
	0xc4af,0x00,
	0xc4b0,0x00,
	0xc4b1,0x00,
	0xc4b2,0x00,
	0xc4c2,0x07,
	0xc4c3,0x07,
	0xc4c4,0x07,
	0xc4c6,0x2a,
	0xc4c7,0x2a,
	0xc4c8,0x35,
	0xc4c9,0x35,
	0xc4ca,0x35,
	0xc4cb,0x35,
	0xc4ce,0x03,
	0xc4cf,0x01,
	0xc4d0,0x00,
	0xc4d1,0x00,
	0xc4e0,0x07,
	0xc4e1,0x07,
	0xc4e2,0x07,
	0xc4e3,0x11,
	0xc4e9,0x11,
	0xc4ed,0x07,
	0xc4ee,0x07,
	0xc4fa,0x07,
	0xc4fb,0x07,
	0xc4fe,0x07,
	0xc4ff,0x07,
	0xc50f,0x58,
	0xc51b,0x38,
	0xc51c,0x38,
	0xc51d,0x2c,
	0xc51e,0x2c,
	0xc51f,0x2c,
	0xc520,0x2c,
	0xc521,0x2c,
	0xc526,0x0e,
	0xc527,0x0e,
	0xc528,0x0e,
	0xc529,0x0e,
	0xc52a,0x0e,
	0xc52b,0x0e,
	0xc52c,0x0e,
	0xc52d,0x0e,
	0xc52e,0x0e,
	0xc52f,0x0e,
	0xc530,0x0e,
	0xc531,0x0e,
	0xc533,0x0e,
	0xc534,0x0e,
	0xc535,0x0e,
	0xc5c3,0x00,
	0xc5c4,0x00,
	0xc5c5,0x00,
	0xc5c6,0x00,
	0xc5c7,0x00,
	0xc5c8,0x00,
	0xc5c9,0x48,
	0xc5ca,0x48,
	0xc5cb,0x40,
	0xc5cc,0x40,
	0xc5cd,0x40,
	0xc5ce,0x40,
	0xc5fe,0x04,
	0xc5ff,0x06,
	0x464c,0x21,
	0x4690,0x0a,
	0x3501,0x18,
	0x3502,0x00,
	0x3508,0x01,
	0x3509,0x00,
	0x3400,0x04,
	0x3002,0x80,
	0x3008,0x00,
	0x382e,0x49,
	0x368d,0x10,
	0x3841,0x00,
	0x381a,0x0c,
	0x381b,0x62,
	0x381c,0x00,
	0x381d,0x01,
	0x381e,0x00,
	0x381f,0x20,
	0x382a,0x80,
};

// 序号5 - 来源文件：5_OV50E40_4096x3072_Cropping_14bit_30fps_AG16_PDVC1_2048x768LR_PDVC2_2048x768UD_20251113.txt
static u16 chagallovx8000wide_setting_5[] = {
	0x0324,0x01,
	0x0325,0xf4,
	0x0326,0xd4,
	0x0327,0x0b,
	0x0360,0x0b,
	0x3025,0x03,
	0x3506,0x58,
	0x350e,0x00,
	0x350f,0x00,
	0x3546,0x38,
	0x354e,0x00,
	0x354f,0x00,
	0x3586,0x38,
	0x358e,0x00,
	0x358f,0x00,
	0x3600,0xc7,
	0x3608,0xf3,
	0x360a,0xbb,
	0x3616,0x58,
	0x361a,0x56,
	0x361c,0x08,
	0x361e,0x16,
	0x363b,0x14,
	0x363c,0xba,
	0x3645,0x14,
	0x3680,0x00,
	0x3682,0x80,
	0x3684,0x01,
	0x3688,0x03,
	0x369a,0x00,
	0x36d0,0x00,
	0x3706,0x20,
	0x3707,0x04,
	0x3709,0x9d,
	0x370b,0x3e,
	0x370c,0x04,
	0x3712,0x51,
	0x3714,0x74,
	0x3715,0x00,
	0x3724,0x08,
	0x372a,0x00,
	0x372b,0x00,
	0x374f,0x50,
	0x3755,0x70,
	0x3756,0x00,
	0x3757,0x30,
	0x3758,0x00,
	0x3759,0x50,
	0x375e,0x00,
	0x375f,0x02,
	0x3763,0x08,
	0x376c,0x00,
	0x3780,0x4c,
	0x3781,0x00,
	0x3782,0x01,
	0x3785,0x01,
	0x3786,0x01,
	0x3789,0x01,
	0x378a,0x01,
	0x378d,0x01,
	0x378e,0x01,
	0x3791,0x20,
	0x3793,0x1c,
	0x3795,0x1c,
	0x3797,0x3e,
	0x3799,0x3c,
	0x379b,0x3c,
	0x37a0,0x70,
	0x37d0,0x00,
	0x37e3,0x30,
	0x3800,0x08,
	0x3801,0x00,
	0x3802,0x06,
	0x3803,0x00,
	0x3804,0x18,
	0x3805,0x1f,
	0x3806,0x12,
	0x3807,0x1f,
	0x3808,0x10,
	0x3809,0x00,
	0x380a,0x0c,
	0x380b,0x00,
	0x380c,0x01,
	0x380d,0x90,
	0x380e,0x18,
	0x380f,0x68,
	0x3811,0x0f,
	0x3813,0x10,
	0x3815,0x11,
	0x3820,0x40,
	0x3821,0x04,
	0x3822,0x00,
	0x3823,0x04,
	0x3828,0x14,
	0x3830,0x1c,
	0x3831,0x00,
	0x3837,0x1c,
	0x383f,0x08,
	0x384c,0x01,
	0x384d,0x90,
	0x3889,0x10,
	0x388b,0x10,
	0x388c,0x10,
	0x388d,0x00,
	0x388e,0x0c,
	0x388f,0x00,
	0x3896,0x00,
	0x3917,0x00,
	0x3981,0x01,
	0x3982,0x20,
	0x398b,0x80,
	0x39ec,0x06,
	0x39ed,0x04,
	0x3a0d,0x00,
	0x3a13,0x00,
	0x3a14,0x04,
	0x3a15,0x01,
	0x3a16,0x02,
	0x3a17,0x00,
	0x3a2a,0x01,
	0x3a2e,0x01,
	0x3a2f,0x01,
	0x3a30,0x01,
	0x3a31,0x01,
	0x3a32,0x01,
	0x3a34,0x01,
	0x3a35,0x01,
	0x3a36,0x01,
	0x3a37,0x01,
	0x3a40,0x01,
	0x3a42,0x01,
	0x3a43,0x01,
	0x3a44,0x01,
	0x3a45,0x01,
	0x3a46,0x01,
	0x3a48,0x01,
	0x3a49,0x01,
	0x3a4a,0x01,
	0x3a4b,0x01,
	0x3a5e,0x50,
	0x3aed,0x3a,
	0x3af1,0x3f,
	0x3afd,0x04,
	0x3afe,0x09,
	0x3aff,0x04,
	0x3b00,0x09,
	0x3b01,0x00,
	0x3b02,0x00,
	0x3b03,0x07,
	0x3b04,0x07,
	0x3b05,0x07,
	0x3b08,0x07,
	0x3b14,0x02,
	0x3b15,0x07,
	0x3b19,0x07,
	0x3b1a,0x07,
	0x3b1d,0x00,
	0x3b22,0x07,
	0x3b25,0x07,
	0x3b2b,0x00,
	0x3b2c,0x00,
	0x3b2d,0x04,
	0x3b32,0x07,
	0x3b33,0x07,
	0x3b34,0x07,
	0x3b38,0x07,
	0x3b39,0x07,
	0x3b3a,0x07,
	0x3b3b,0x07,
	0x3b41,0x07,
	0x3b42,0x07,
	0x3b43,0x07,
	0x3b44,0x07,
	0x3b45,0x00,
	0x3b49,0x00,
	0x3b56,0x11,
	0x3b57,0x11,
	0x3b58,0x11,
	0x3b59,0x11,
	0x3b5a,0x11,
	0x3b5b,0x11,
	0x3b5c,0x11,
	0x3b5d,0x11,
	0x3b82,0x11,
	0x3ba0,0x07,
	0x3ba1,0x11,
	0x3ba2,0x07,
	0x3bab,0x2c,
	0x3baf,0x58,
	0x3bf2,0x33,
	0x3bfa,0x00,
	0x3bff,0x08,
	0x4010,0x28,
	0x4012,0xfc,
	0x4016,0x1f,
	0x4018,0x0f,
	0x401e,0x01,
	0x401f,0x30,
	0x40c4,0x07,
	0x40c5,0xff,
	0x40c6,0x07,
	0x40c7,0xff,
	0x4288,0x07,
	0x4505,0x0c,
	0x4506,0x01,
	0x4509,0x05,
	0x450c,0x00,
	0x450d,0x30,
	0x4510,0x03,
	0x4511,0x08,
	0x4512,0x05,
	0x4513,0x05,
	0x4514,0xaf,
	0x4515,0xaf,
	0x4516,0x05,
	0x4517,0x05,
	0x4518,0xaf,
	0x4519,0xaf,
	0x451a,0x11,
	0x451b,0xbb,
	0x451c,0x11,
	0x451d,0xbb,
	0x451e,0x11,
	0x451f,0xbb,
	0x4520,0x11,
	0x4521,0xbb,
	0x4542,0x00,
	0x4549,0x00,
	0x45c0,0x14,
	0x45c1,0x80,
	0x45c2,0x02,
	0x45c3,0x87,
	0x45c4,0x10,
	0x45c5,0x00,
	0x45c6,0x04,
	0x45dd,0x00,
	0x4602,0x00,
	0x4603,0x11,
	0x460b,0x07,
	0x4640,0x00,
	0x4641,0x80,
	0x4643,0x08,
	0x4680,0x11,
	0x468e,0x30,
	0x4813,0x10,
	0x4836,0x32,
	0x4916,0x1f,
	0x4918,0x0f,
	0x491e,0x01,
	0x491f,0x30,
	0x4a16,0x1f,
	0x4a18,0x0f,
	0x4a1e,0x01,
	0x4a1f,0x30,
	0x5000,0x5b,
	0x5001,0x28,
	0x5002,0x00,
	0x5006,0x00,
	0x6a03,0x00,
	0xc200,0x00,
	0xc210,0x00,
	0xc211,0x00,
	0xc231,0x00,
	0xc232,0x01,
	0xc233,0x8f,
	0xc245,0x00,
	0xc246,0x01,
	0xc247,0x8f,
	0xc40f,0x07,
	0xc46d,0x55,
	0xc48f,0x3f,
	0xc49c,0x08,
	0xc49e,0x20,
	0xc49f,0x20,
	0xc4a2,0x3e,
	0xc4a3,0x3e,
	0xc4ae,0x00,
	0xc4af,0x00,
	0xc4b0,0x00,
	0xc4b1,0x00,
	0xc4b2,0x00,
	0xc4c2,0x07,
	0xc4c3,0x07,
	0xc4c4,0x07,
	0xc4c6,0x2a,
	0xc4c7,0x2a,
	0xc4c8,0x35,
	0xc4c9,0x35,
	0xc4ca,0x35,
	0xc4cb,0x35,
	0xc4ce,0x03,
	0xc4cf,0x01,
	0xc4d0,0x00,
	0xc4d1,0x00,
	0xc4e0,0x07,
	0xc4e1,0x07,
	0xc4e2,0x07,
	0xc4e3,0x11,
	0xc4e9,0x11,
	0xc4ed,0x07,
	0xc4ee,0x07,
	0xc4fa,0x07,
	0xc4fb,0x07,
	0xc4fe,0x07,
	0xc4ff,0x07,
	0xc50f,0x58,
	0xc51b,0x38,
	0xc51c,0x38,
	0xc51d,0x2c,
	0xc51e,0x2c,
	0xc51f,0x2c,
	0xc520,0x2c,
	0xc521,0x2c,
	0xc526,0x0e,
	0xc527,0x0e,
	0xc528,0x0e,
	0xc529,0x0e,
	0xc52a,0x0e,
	0xc52b,0x0e,
	0xc52c,0x0e,
	0xc52d,0x0e,
	0xc52e,0x0e,
	0xc52f,0x0e,
	0xc530,0x0e,
	0xc531,0x0e,
	0xc533,0x0e,
	0xc534,0x0e,
	0xc535,0x0e,
	0xc5c3,0x00,
	0xc5c4,0x00,
	0xc5c5,0x00,
	0xc5c6,0x00,
	0xc5c7,0x00,
	0xc5c8,0x00,
	0xc5c9,0x48,
	0xc5ca,0x48,
	0xc5cb,0x40,
	0xc5cc,0x40,
	0xc5cd,0x40,
	0xc5ce,0x40,
	0xc5fe,0x04,
	0xc5ff,0x06,
	0x464c,0x21,
	0x4690,0x0a,
	0x3501,0x18,
	0x3502,0x00,
	0x3508,0x01,
	0x3509,0x00,
	0x3400,0x04,
	0x3002,0x80,
	0x3008,0x00,
	0x382e,0x49,
	0x368d,0x10,
	0x3841,0x00,
	0x381a,0x0c,
	0x381b,0x76,
	0x381c,0x00,
	0x381d,0x01,
	0x381e,0x00,
	0x381f,0x20,
	0x382a,0x80,
};

// 序号6 - 来源文件：6_OV50E40_4096X3072_4C2PlusSCG_14bit_60fps_AG64_PDVC_4096x768_20251113.txt
static u16 chagallovx8000wide_setting_6[] = {
	0x0324,0x01,
	0x0325,0x91,
	0x0326,0xd3,
	0x0327,0x05,
	0x0360,0x0b,
	0x3025,0x03,
	0x3506,0xf9,
	0x350e,0x21,
	0x350f,0x80,
	0x3546,0xf9,
	0x354e,0x21,
	0x354f,0x80,
	0x3586,0xf9,
	0x358e,0x21,
	0x358f,0x80,
	0x3600,0x07,
	0x3608,0xf0,
	0x360a,0xff,
	0x3616,0x18,
	0x361a,0x56,
	0x361c,0x00,
	0x361e,0x14,
	0x363b,0xc2,
	0x363c,0xcb,
	0x3645,0x10,
	0x3680,0x00,
	0x3682,0x80,
	0x3684,0x01,
	0x3688,0x01,
	0x369a,0x00,
	0x36d0,0x00,
	0x3706,0x25,
	0x3707,0x04,
	0x3709,0x80,
	0x370b,0x55,
	0x370c,0x04,
	0x3712,0x50,
	0x3714,0x65,
	0x3715,0x00,
	0x3724,0x58,
	0x372a,0x00,
	0x372b,0x00,
	0x374f,0x50,
	0x3755,0x80,
	0x3756,0x00,
	0x3757,0xa0,
	0x3758,0x00,
	0x3759,0x50,
	0x375e,0x3b,
	0x375f,0x02,
	0x3763,0x08,
	0x376c,0x00,
	0x3780,0x4f,
	0x3781,0x00,
	0x3782,0x01,
	0x3785,0x01,
	0x3786,0x01,
	0x3789,0x01,
	0x378a,0x01,
	0x378d,0x01,
	0x378e,0x01,
	0x3791,0x25,
	0x3793,0x1c,
	0x3795,0x1c,
	0x3797,0x55,
	0x3799,0x3c,
	0x379b,0x3c,
	0x37a0,0xa8,
	0x37d0,0x66,
	0x37e3,0x30,
	0x3800,0x00,
	0x3801,0x00,
	0x3802,0x00,
	0x3803,0x00,
	0x3804,0x20,
	0x3805,0x1f,
	0x3806,0x18,
	0x3807,0x1f,
	0x3808,0x10,
	0x3809,0x00,
	0x380a,0x0c,
	0x380b,0x00,
	0x380c,0x01,
	0x380d,0x90,
	0x380e,0x0c,
	0x380f,0x38,
	0x3811,0x07,
	0x3813,0x08,
	0x3815,0x11,
	0x3820,0x42,
	0x3821,0x15,
	0x3822,0x10,
	0x3823,0x04,
	0x3828,0x05,
	0x3830,0x07,
	0x3831,0x02,
	0x3837,0x07,
	0x383f,0x08,
	0x384c,0x01,
	0x384d,0x90,
	0x3889,0x08,
	0x388b,0x08,
	0x388c,0x10,
	0x388d,0x00,
	0x388e,0x0c,
	0x388f,0x00,
	0x3896,0x00,
	0x3917,0x00,
	0x3981,0x01,
	0x3982,0x20,
	0x398b,0x80,
	0x39ec,0x04,
	0x39ed,0x04,
	0x3a0d,0x05,
	0x3a13,0x05,
	0x3a14,0x05,
	0x3a15,0x01,
	0x3a16,0x00,
	0x3a17,0x00,
	0x3a2a,0x01,
	0x3a2e,0x01,
	0x3a2f,0x01,
	0x3a30,0x01,
	0x3a31,0x01,
	0x3a32,0x01,
	0x3a34,0x01,
	0x3a35,0x01,
	0x3a36,0x01,
	0x3a37,0x01,
	0x3a40,0x01,
	0x3a42,0x01,
	0x3a43,0x01,
	0x3a44,0x01,
	0x3a45,0x01,
	0x3a46,0x01,
	0x3a48,0x01,
	0x3a49,0x01,
	0x3a4a,0x01,
	0x3a4b,0x01,
	0x3a5e,0x50,
	0x3aed,0x3a,
	0x3af1,0x3f,
	0x3afd,0x04,
	0x3afe,0x09,
	0x3aff,0x04,
	0x3b00,0x09,
	0x3b01,0xfb,
	0x3b02,0x02,
	0x3b03,0x14,
	0x3b04,0x19,
	0x3b05,0x1d,
	0x3b08,0x1f,
	0x3b14,0x02,
	0x3b15,0x2b,
	0x3b19,0x2b,
	0x3b1a,0x2c,
	0x3b1d,0x00,
	0x3b22,0x2c,
	0x3b25,0x28,
	0x3b2b,0x00,
	0x3b2c,0x00,
	0x3b2d,0x04,
	0x3b32,0x29,
	0x3b33,0x2a,
	0x3b34,0x2a,
	0x3b38,0x22,
	0x3b39,0x25,
	0x3b3a,0x26,
	0x3b3b,0x27,
	0x3b41,0x07,
	0x3b42,0x07,
	0x3b43,0x07,
	0x3b44,0x07,
	0x3b45,0x00,
	0x3b49,0x00,
	0x3b56,0x12,
	0x3b57,0x12,
	0x3b58,0x12,
	0x3b59,0x12,
	0x3b5a,0x1d,
	0x3b5b,0x1d,
	0x3b5c,0x1d,
	0x3b5d,0x1d,
	0x3b82,0x1d,
	0x3ba0,0x25,
	0x3ba1,0x12,
	0x3ba2,0x26,
	0x3bab,0x2c,
	0x3baf,0x58,
	0x3bf2,0x33,
	0x3bfa,0xa0,
	0x3bff,0x08,
	0x4010,0x28,
	0x4012,0x8c,
	0x4016,0x0f,
	0x4018,0x07,
	0x401e,0x02,
	0x401f,0x80,
	0x40c4,0x02,
	0x40c5,0x00,
	0x40c6,0x04,
	0x40c7,0x00,
	0x4288,0x07,
	0x4505,0x0c,
	0x4506,0x01,
	0x4509,0x15,
	0x450c,0x00,
	0x450d,0x60,
	0x4510,0x07,
	0x4511,0x00,
	0x4512,0x00,
	0x4513,0x00,
	0x4514,0x00,
	0x4515,0x00,
	0x4516,0x00,
	0x4517,0x00,
	0x4518,0x00,
	0x4519,0x00,
	0x451a,0x11,
	0x451b,0xbb,
	0x451c,0x11,
	0x451d,0xbb,
	0x451e,0x11,
	0x451f,0xbb,
	0x4520,0x11,
	0x4521,0xbb,
	0x4542,0x00,
	0x4549,0x00,
	0x45c0,0x0e,
	0x45c1,0x80,
	0x45c2,0x0a,
	0x45c3,0x94,
	0x45c4,0x10,
	0x45c5,0x40,
	0x45c6,0x04,
	0x45dd,0x60,
	0x4602,0x00,
	0x4603,0x11,
	0x460b,0x07,
	0x4640,0x01,
	0x4641,0x00,
	0x4643,0x0c,
	0x4680,0x11,
	0x468e,0x30,
	0x4813,0x10,
	0x4836,0x32,
	0x4916,0x0f,
	0x4918,0x07,
	0x491e,0x02,
	0x491f,0x80,
	0x4a16,0x0f,
	0x4a18,0x07,
	0x4a1e,0x02,
	0x4a1f,0x80,
	0x5000,0x2b,
	0x5001,0x08,
	0x5002,0x00,
	0x5006,0x00,
	0x6a03,0x00,
	0xc200,0xaa,
	0xc210,0x1f,
	0xc211,0x20,
	0xc231,0x02,
	0xc232,0x03,
	0xc233,0x1e,
	0xc245,0x02,
	0xc246,0x03,
	0xc247,0x1e,
	0xc40f,0x07,
	0xc46d,0x55,
	0xc48f,0x3f,
	0xc49c,0x08,
	0xc49e,0x25,
	0xc49f,0x25,
	0xc4a2,0x55,
	0xc4a3,0x55,
	0xc4ae,0x00,
	0xc4af,0x00,
	0xc4b0,0x00,
	0xc4b1,0x00,
	0xc4b2,0x00,
	0xc4c2,0x07,
	0xc4c3,0x07,
	0xc4c4,0x07,
	0xc4c6,0x2c,
	0xc4c7,0x2c,
	0xc4c8,0x2c,
	0xc4c9,0x2c,
	0xc4ca,0x2c,
	0xc4cb,0x2c,
	0xc4ce,0x03,
	0xc4cf,0x01,
	0xc4d0,0x02,
	0xc4d1,0x00,
	0xc4e0,0x07,
	0xc4e1,0x07,
	0xc4e2,0x07,
	0xc4e3,0x1d,
	0xc4e9,0x12,
	0xc4ed,0x07,
	0xc4ee,0x07,
	0xc4fa,0x07,
	0xc4fb,0x07,
	0xc4fe,0x21,
	0xc4ff,0x23,
	0xc50f,0x58,
	0xc51b,0x38,
	0xc51c,0x38,
	0xc51d,0x2c,
	0xc51e,0x2c,
	0xc51f,0x2c,
	0xc520,0x2c,
	0xc521,0x2c,
	0xc526,0x0e,
	0xc527,0x0e,
	0xc528,0x0e,
	0xc529,0x0e,
	0xc52a,0x0e,
	0xc52b,0x0e,
	0xc52c,0x0e,
	0xc52d,0x0e,
	0xc52e,0x0e,
	0xc52f,0x0e,
	0xc530,0x0e,
	0xc531,0x0e,
	0xc533,0x0e,
	0xc534,0x0e,
	0xc535,0x0e,
	0xc5c3,0x48,
	0xc5c4,0x48,
	0xc5c5,0x48,
	0xc5c6,0x48,
	0xc5c7,0x48,
	0xc5c8,0x48,
	0xc5c9,0x48,
	0xc5ca,0x48,
	0xc5cb,0x48,
	0xc5cc,0x48,
	0xc5cd,0x48,
	0xc5ce,0x48,
	0xc5fe,0x04,
	0xc5ff,0x04,
	0x464c,0x01,
	0x4690,0x00,
	0x3501,0x0c,
	0x3502,0x00,
	0x3508,0x01,
	0x3509,0x00,
	0x3400,0x04,
	0x3002,0x80,
	0x3008,0x00,
	0x382e,0x49,
	0x368d,0x10,
	0x3841,0x00,
	0x381a,0x06,
	0x381b,0x1b,
	0x381c,0x00,
	0x381d,0x01,
	0x381e,0x00,
	0x381f,0x10,
	0x382a,0x80,
};

// 序号7 - 来源文件：7_OV50E40_4096x3072_4C2PlusDCGCombineMSB_AG64_14bit_30fps_AG64x_PDVC_4096x768_20251113.txt
static u16 chagallovx8000wide_setting_7[] = {
	0x0324,0x01,
	0x0325,0x90,
	0x0326,0xd3,
	0x0327,0x05,
	0x0360,0x0b,
	0x3025,0x03,
	0x3506,0x50,
	0x350e,0x21,
	0x350f,0x80,
	0x3546,0x50,
	0x354e,0x21,
	0x354f,0x80,
	0x3586,0x50,
	0x358e,0x21,
	0x358f,0x80,
	0x3600,0x07,
	0x3608,0xf0,
	0x360a,0xff,
	0x3616,0x58,
	0x361a,0x56,
	0x361c,0x00,
	0x361e,0x14,
	0x363b,0xc0,
	0x363c,0xc0,
	0x3645,0x10,
	0x3680,0x01,
	0x3682,0x80,
	0x3684,0x01,
	0x3688,0x01,
	0x369a,0x08,
	0x36d0,0x00,
	0x3706,0x27,
	0x3707,0x04,
	0x3709,0xc6,
	0x370b,0x40,
	0x370c,0x04,
	0x3712,0x50,
	0x3714,0x65,
	0x3715,0x00,
	0x3724,0x60,
	0x372a,0x00,
	0x372b,0x00,
	0x374f,0x10,
	0x3755,0x84,
	0x3756,0x00,
	0x3757,0x70,
	0x3758,0x00,
	0x3759,0xf0,
	0x375e,0xcb,
	0x375f,0x22,
	0x3763,0x08,
	0x376c,0x00,
	0x3780,0x4f,
	0x3781,0x03,
	0x3782,0x03,
	0x3785,0x04,
	0x3786,0x04,
	0x3789,0x03,
	0x378a,0x03,
	0x378d,0x04,
	0x378e,0x04,
	0x3791,0x27,
	0x3793,0x5d,
	0x3795,0x5d,
	0x3797,0x40,
	0x3799,0x8d,
	0x379b,0x8d,
	0x37a0,0xc6,
	0x37d0,0x22,
	0x37e3,0x30,
	0x3800,0x00,
	0x3801,0x00,
	0x3802,0x00,
	0x3803,0x00,
	0x3804,0x20,
	0x3805,0x1f,
	0x3806,0x18,
	0x3807,0x1f,
	0x3808,0x10,
	0x3809,0x00,
	0x380a,0x0c,
	0x380b,0x00,
	0x380c,0x03,
	0x380d,0x07,
	0x380e,0x0c,
	0x380f,0x98,
	0x3811,0x07,
	0x3813,0x08,
	0x3815,0x11,
	0x3820,0x42,
	0x3821,0x15,
	0x3822,0x10,
	0x3823,0x06,
	0x3828,0x05,
	0x3830,0x07,
	0x3831,0x02,
	0x3837,0x07,
	0x383f,0x08,
	0x384c,0x03,
	0x384d,0x07,
	0x3889,0x08,
	0x388b,0x08,
	0x388c,0x10,
	0x388d,0x00,
	0x388e,0x0c,
	0x388f,0x00,
	0x3896,0x00,
	0x3917,0x00,
	0x3981,0x01,
	0x3982,0xe0,
	0x398b,0x00,
	0x39ec,0x04,
	0x39ed,0x04,
	0x3a0d,0x0d,
	0x3a13,0x0d,
	0x3a14,0x0d,
	0x3a15,0x09,
	0x3a16,0x07,
	0x3a17,0x08,
	0x3a2a,0x24,
	0x3a2e,0x24,
	0x3a2f,0x38,
	0x3a30,0x38,
	0x3a31,0x38,
	0x3a32,0x38,
	0x3a34,0x38,
	0x3a35,0x38,
	0x3a36,0x38,
	0x3a37,0x38,
	0x3a40,0x24,
	0x3a42,0x24,
	0x3a43,0x38,
	0x3a44,0x38,
	0x3a45,0x38,
	0x3a46,0x38,
	0x3a48,0x38,
	0x3a49,0x38,
	0x3a4a,0x38,
	0x3a4b,0x38,
	0x3a5e,0x3b,
	0x3aed,0x3a,
	0x3af1,0x3f,
	0x3afd,0x01,
	0x3afe,0x04,
	0x3aff,0x01,
	0x3b00,0x04,
	0x3b01,0xcb,
	0x3b02,0x02,
	0x3b03,0x10,
	0x3b04,0x10,
	0x3b05,0x10,
	0x3b08,0x10,
	0x3b14,0x02,
	0x3b15,0x10,
	0x3b19,0x10,
	0x3b1a,0x10,
	0x3b1d,0x00,
	0x3b22,0x10,
	0x3b25,0x10,
	0x3b2b,0x0f,
	0x3b2c,0x10,
	0x3b2d,0x10,
	0x3b32,0x10,
	0x3b33,0x10,
	0x3b34,0x10,
	0x3b38,0x10,
	0x3b39,0x10,
	0x3b3a,0x10,
	0x3b3b,0x10,
	0x3b41,0x10,
	0x3b42,0x10,
	0x3b43,0x10,
	0x3b44,0x10,
	0x3b45,0x0e,
	0x3b49,0x0e,
	0x3b56,0x13,
	0x3b57,0x13,
	0x3b58,0x13,
	0x3b59,0x13,
	0x3b5a,0x13,
	0x3b5b,0x13,
	0x3b5c,0x13,
	0x3b5d,0x13,
	0x3b82,0x13,
	0x3ba0,0x10,
	0x3ba1,0x13,
	0x3ba2,0x10,
	0x3bab,0x2a,
	0x3baf,0x56,
	0x3bf2,0x33,
	0x3bfa,0xa0,
	0x3bff,0x08,
	0x4010,0x28,
	0x4012,0x8c,
	0x4016,0x0f,
	0x4018,0x07,
	0x401e,0x02,
	0x401f,0x80,
	0x40c4,0x02,
	0x40c5,0x00,
	0x40c6,0x04,
	0x40c7,0x00,
	0x4288,0x07,
	0x4505,0x0c,
	0x4506,0x01,
	0x4509,0x15,
	0x450c,0x00,
	0x450d,0x60,
	0x4510,0x07,
	0x4511,0x00,
	0x4512,0x00,
	0x4513,0x00,
	0x4514,0x00,
	0x4515,0x00,
	0x4516,0x00,
	0x4517,0x00,
	0x4518,0x00,
	0x4519,0x00,
	0x451a,0x11,
	0x451b,0xbb,
	0x451c,0x11,
	0x451d,0xbb,
	0x451e,0x11,
	0x451f,0xbb,
	0x4520,0x11,
	0x4521,0xbb,
	0x4542,0x00,
	0x4549,0x00,
	0x45c0,0x0e,
	0x45c1,0x80,
	0x45c2,0x0a,
	0x45c3,0x94,
	0x45c4,0x10,
	0x45c5,0x40,
	0x45c6,0x04,
	0x45dd,0x60,
	0x4602,0x00,
	0x4603,0x05,
	0x460b,0x07,
	0x4640,0x01,
	0x4641,0x00,
	0x4643,0x0c,
	0x4680,0x11,
	0x468e,0x30,
	0x4813,0x10,
	0x4836,0x32,
	0x4916,0x0f,
	0x4918,0x07,
	0x491e,0x02,
	0x491f,0x80,
	0x4a16,0x0f,
	0x4a18,0x07,
	0x4a1e,0x02,
	0x4a1f,0x80,
	0x5000,0x2b,
	0x5001,0x08,
	0x5002,0x41,
	0x5006,0x06,
	0x6a03,0x41,
	0xc200,0x00,
	0xc210,0x00,
	0xc211,0x00,
	0xc231,0x00,
	0xc232,0x00,
	0xc233,0x00,
	0xc245,0x00,
	0xc246,0x00,
	0xc247,0x00,
	0xc40f,0x10,
	0xc46d,0x00,
	0xc48f,0x00,
	0xc49c,0x1c,
	0xc49e,0x5d,
	0xc49f,0x5d,
	0xc4a2,0x8d,
	0xc4a3,0x8d,
	0xc4ae,0xff,
	0xc4af,0x10,
	0xc4b0,0x10,
	0xc4b1,0x10,
	0xc4b2,0x10,
	0xc4c2,0x77,
	0xc4c3,0x77,
	0xc4c4,0x77,
	0xc4c6,0x18,
	0xc4c7,0x18,
	0xc4c8,0x18,
	0xc4c9,0x18,
	0xc4ca,0x18,
	0xc4cb,0x18,
	0xc4ce,0x0e,
	0xc4cf,0x0a,
	0xc4d0,0x07,
	0xc4d1,0x08,
	0xc4e0,0x10,
	0xc4e1,0x10,
	0xc4e2,0x10,
	0xc4e3,0x13,
	0xc4e9,0x13,
	0xc4ed,0x10,
	0xc4ee,0x10,
	0xc4fa,0x10,
	0xc4fb,0x10,
	0xc4fe,0x10,
	0xc4ff,0x10,
	0xc50f,0x5c,
	0xc51b,0x38,
	0xc51c,0x38,
	0xc51d,0x2a,
	0xc51e,0x2a,
	0xc51f,0x2a,
	0xc520,0x2c,
	0xc521,0x2c,
	0xc526,0x0e,
	0xc527,0x0e,
	0xc528,0x0e,
	0xc529,0x0e,
	0xc52a,0x0e,
	0xc52b,0x0e,
	0xc52c,0x08,
	0xc52d,0x07,
	0xc52e,0x0e,
	0xc52f,0x0e,
	0xc530,0x0e,
	0xc531,0x0e,
	0xc533,0x0b,
	0xc534,0x08,
	0xc535,0x06,
	0xc5c3,0x48,
	0xc5c4,0x48,
	0xc5c5,0x48,
	0xc5c6,0x48,
	0xc5c7,0x48,
	0xc5c8,0x48,
	0xc5c9,0x48,
	0xc5ca,0x48,
	0xc5cb,0x48,
	0xc5cc,0x48,
	0xc5cd,0x48,
	0xc5ce,0x48,
	0xc5fe,0x04,
	0xc5ff,0x04,
	0x464c,0x01,
	0x4690,0x00,
	0x3501,0x0c,
	0x3502,0x00,
	0x3508,0x01,
	0x3509,0x00,
	0x5019,0x00,
	0x501a,0x04,
	0x501b,0x00,
	0x3541,0x0c,
	0x3542,0x00,
	0x3548,0x01,
	0x3549,0x00,
	0x501c,0x00,
	0x501d,0x04,
	0x501e,0x00,
	0x3400,0x04,
	0x3002,0x80,
	0x3008,0x00,
	0x382e,0x49,
	0x368d,0x10,
	0x3841,0x00,
	0x381a,0x06,
	0x381b,0x1c,
	0x381c,0x00,
	0x381d,0x01,
	0x381e,0x00,
	0x381f,0x20,
	0x382a,0x80,
};

// 序号8 - 来源文件：8_OV50E40_4096X3072_4C2PlusSCG_STG2_14bit_30fps_AG64_PDVC_4096x768_20251113.txt
static u16 chagallovx8000wide_setting_8[] = {
	0x0324,0x01,
	0x0325,0x91,
	0x0326,0xd3,
	0x0327,0x05,
	0x0360,0x0b,
	0x3025,0x03,
	0x3506,0xf9,
	0x350e,0x21,
	0x350f,0x80,
	0x3546,0xf9,
	0x354e,0x21,
	0x354f,0x80,
	0x3586,0xf9,
	0x358e,0x21,
	0x358f,0x80,
	0x3600,0x07,
	0x3608,0xf0,
	0x360a,0xff,
	0x3616,0x18,
	0x361a,0x56,
	0x361c,0x00,
	0x361e,0x14,
	0x363b,0xc2,
	0x363c,0xcb,
	0x3645,0x10,
	0x3680,0x00,
	0x3682,0x80,
	0x3684,0x00,
	0x3688,0x01,
	0x369a,0x00,
	0x36d0,0x00,
	0x3706,0x25,
	0x3707,0x20,
	0x3709,0x80,
	0x370b,0x55,
	0x370c,0x04,
	0x3712,0x50,
	0x3714,0x65,
	0x3715,0x00,
	0x3724,0x30,
	0x372a,0x00,
	0x372b,0x00,
	0x374f,0x50,
	0x3755,0x80,
	0x3756,0x00,
	0x3757,0xa0,
	0x3758,0x00,
	0x3759,0x50,
	0x375e,0x3b,
	0x375f,0x02,
	0x3763,0x30,
	0x376c,0x30,
	0x3780,0x4f,
	0x3781,0x00,
	0x3782,0x01,
	0x3785,0x01,
	0x3786,0x01,
	0x3789,0x01,
	0x378a,0x01,
	0x378d,0x01,
	0x378e,0x01,
	0x3791,0x25,
	0x3793,0x1c,
	0x3795,0x1c,
	0x3797,0x55,
	0x3799,0x3c,
	0x379b,0x3c,
	0x37a0,0xa8,
	0x37d0,0x66,
	0x37e3,0x30,
	0x3800,0x00,
	0x3801,0x00,
	0x3802,0x00,
	0x3803,0x00,
	0x3804,0x20,
	0x3805,0x1f,
	0x3806,0x18,
	0x3807,0x1f,
	0x3808,0x10,
	0x3809,0x00,
	0x380a,0x0c,
	0x380b,0x00,
	0x380c,0x01,
	0x380d,0x90,
	0x380e,0x0c,
	0x380f,0x38,
	0x3811,0x07,
	0x3813,0x08,
	0x3815,0x11,
	0x3820,0x42,
	0x3821,0x15,
	0x3822,0x10,
	0x3823,0x84,
	0x3828,0x05,
	0x3830,0x07,
	0x3831,0x02,
	0x3837,0x08,
	0x383f,0x48,
	0x384c,0x01,
	0x384d,0x90,
	0x3889,0x08,
	0x388b,0x08,
	0x388c,0x10,
	0x388d,0x00,
	0x388e,0x0c,
	0x388f,0x00,
	0x3896,0x30,
	0x3917,0x03,
	0x3981,0x01,
	0x3982,0x20,
	0x398b,0x80,
	0x39ec,0x04,
	0x39ed,0x04,
	0x3a0d,0x05,
	0x3a13,0x05,
	0x3a14,0x05,
	0x3a15,0x01,
	0x3a16,0x00,
	0x3a17,0x00,
	0x3a2a,0x01,
	0x3a2e,0x01,
	0x3a2f,0x01,
	0x3a30,0x01,
	0x3a31,0x01,
	0x3a32,0x01,
	0x3a34,0x01,
	0x3a35,0x01,
	0x3a36,0x01,
	0x3a37,0x01,
	0x3a40,0x01,
	0x3a42,0x01,
	0x3a43,0x01,
	0x3a44,0x01,
	0x3a45,0x01,
	0x3a46,0x01,
	0x3a48,0x01,
	0x3a49,0x01,
	0x3a4a,0x01,
	0x3a4b,0x01,
	0x3a5e,0x50,
	0x3aed,0x3a,
	0x3af1,0x3f,
	0x3afd,0x04,
	0x3afe,0x09,
	0x3aff,0x04,
	0x3b00,0x09,
	0x3b01,0xfb,
	0x3b02,0x02,
	0x3b03,0x14,
	0x3b04,0x19,
	0x3b05,0x1d,
	0x3b08,0x1f,
	0x3b14,0x02,
	0x3b15,0x2b,
	0x3b19,0x2b,
	0x3b1a,0x2c,
	0x3b1d,0x00,
	0x3b22,0x2c,
	0x3b25,0x28,
	0x3b2b,0x00,
	0x3b2c,0x00,
	0x3b2d,0x04,
	0x3b32,0x29,
	0x3b33,0x2a,
	0x3b34,0x2a,
	0x3b38,0x22,
	0x3b39,0x25,
	0x3b3a,0x26,
	0x3b3b,0x27,
	0x3b41,0x07,
	0x3b42,0x07,
	0x3b43,0x07,
	0x3b44,0x07,
	0x3b45,0x00,
	0x3b49,0x00,
	0x3b56,0x12,
	0x3b57,0x12,
	0x3b58,0x12,
	0x3b59,0x12,
	0x3b5a,0x1d,
	0x3b5b,0x1d,
	0x3b5c,0x1d,
	0x3b5d,0x1d,
	0x3b82,0x1d,
	0x3ba0,0x25,
	0x3ba1,0x12,
	0x3ba2,0x26,
	0x3bab,0x2c,
	0x3baf,0x58,
	0x3bf2,0x33,
	0x3bfa,0xa0,
	0x3bff,0x08,
	0x4010,0x28,
	0x4012,0x8c,
	0x4016,0x0f,
	0x4018,0x07,
	0x401e,0x02,
	0x401f,0x80,
	0x40c4,0x02,
	0x40c5,0x00,
	0x40c6,0x04,
	0x40c7,0x00,
	0x4288,0x07,
	0x4505,0x0c,
	0x4506,0x01,
	0x4509,0x15,
	0x450c,0x00,
	0x450d,0x60,
	0x4510,0x07,
	0x4511,0x00,
	0x4512,0x00,
	0x4513,0x00,
	0x4514,0x00,
	0x4515,0x00,
	0x4516,0x00,
	0x4517,0x00,
	0x4518,0x00,
	0x4519,0x00,
	0x451a,0x11,
	0x451b,0xbb,
	0x451c,0x11,
	0x451d,0xbb,
	0x451e,0x11,
	0x451f,0xbb,
	0x4520,0x11,
	0x4521,0xbb,
	0x4542,0x00,
	0x4549,0x00,
	0x45c0,0x0e,
	0x45c1,0x80,
	0x45c2,0x0a,
	0x45c3,0x94,
	0x45c4,0x10,
	0x45c5,0x40,
	0x45c6,0x04,
	0x45dd,0x60,
	0x4602,0x08,
	0x4603,0x01,
	0x460b,0x06,
	0x4640,0x01,
	0x4641,0x00,
	0x4643,0x0c,
	0x4680,0x21,
	0x468e,0x30,
	0x4813,0x10,
	0x4836,0x32,
	0x4916,0x0f,
	0x4918,0x07,
	0x491e,0x02,
	0x491f,0x80,
	0x4a16,0x0f,
	0x4a18,0x07,
	0x4a1e,0x02,
	0x4a1f,0x80,
	0x5000,0x2b,
	0x5001,0x08,
	0x5002,0x00,
	0x5006,0x00,
	0x6a03,0x00,
	0xc200,0xaa,
	0xc210,0x1f,
	0xc211,0x20,
	0xc231,0x02,
	0xc232,0x03,
	0xc233,0x1e,
	0xc245,0x02,
	0xc246,0x03,
	0xc247,0x1e,
	0xc40f,0x07,
	0xc46d,0x55,
	0xc48f,0x3f,
	0xc49c,0x08,
	0xc49e,0x25,
	0xc49f,0x25,
	0xc4a2,0x55,
	0xc4a3,0x55,
	0xc4ae,0x00,
	0xc4af,0x00,
	0xc4b0,0x00,
	0xc4b1,0x00,
	0xc4b2,0x00,
	0xc4c2,0x07,
	0xc4c3,0x07,
	0xc4c4,0x07,
	0xc4c6,0x2c,
	0xc4c7,0x2c,
	0xc4c8,0x2c,
	0xc4c9,0x2c,
	0xc4ca,0x2c,
	0xc4cb,0x2c,
	0xc4ce,0x03,
	0xc4cf,0x01,
	0xc4d0,0x02,
	0xc4d1,0x00,
	0xc4e0,0x07,
	0xc4e1,0x07,
	0xc4e2,0x07,
	0xc4e3,0x1d,
	0xc4e9,0x12,
	0xc4ed,0x07,
	0xc4ee,0x07,
	0xc4fa,0x07,
	0xc4fb,0x07,
	0xc4fe,0x21,
	0xc4ff,0x23,
	0xc50f,0x58,
	0xc51b,0x38,
	0xc51c,0x38,
	0xc51d,0x2c,
	0xc51e,0x2c,
	0xc51f,0x2c,
	0xc520,0x2c,
	0xc521,0x2c,
	0xc526,0x03,
	0xc527,0x03,
	0xc528,0x03,
	0xc529,0x03,
	0xc52a,0x04,
	0xc52b,0x04,
	0xc52c,0x04,
	0xc52d,0x04,
	0xc52e,0x09,
	0xc52f,0x09,
	0xc530,0x09,
	0xc531,0x09,
	0xc533,0x0e,
	0xc534,0x0e,
	0xc535,0x0e,
	0xc5c3,0x48,
	0xc5c4,0x48,
	0xc5c5,0x48,
	0xc5c6,0x48,
	0xc5c7,0x48,
	0xc5c8,0x48,
	0xc5c9,0x48,
	0xc5ca,0x48,
	0xc5cb,0x48,
	0xc5cc,0x48,
	0xc5cd,0x48,
	0xc5ce,0x48,
	0xc5fe,0x04,
	0xc5ff,0x04,
	0x464c,0x01,
	0x4690,0x00,
	0x3501,0x06,
	0x3502,0x00,
	0x3508,0x01,
	0x3509,0x00,
	0x3541,0x03,
	0x3542,0x00,
	0x3548,0x01,
	0x3549,0x00,
	0x3400,0x3d,
	0x382a,0x80,
};

// 序号9 - 来源文件：9_OV50E40_2048x1536_4C2PlusSCG_14bit_30fps_AG64_PDVC_2048x768_20251113.txt
static u16 chagallovx8000wide_setting_9[] = {
	0x0324,0x01,
	0x0325,0x90,
	0x0326,0xd3,
	0x0327,0x05,
	0x0360,0x0b,
	0x3025,0x03,
	0x3506,0xf9,
	0x350e,0x21,
	0x350f,0x80,
	0x3546,0xf9,
	0x354e,0x21,
	0x354f,0x80,
	0x3586,0xf9,
	0x358e,0x21,
	0x358f,0x80,
	0x3600,0x07,
	0x3608,0xf0,
	0x360a,0xff,
	0x3616,0x18,
	0x361a,0x56,
	0x361c,0x00,
	0x361e,0x14,
	0x363b,0xc2,
	0x363c,0xcb,
	0x3645,0x10,
	0x3680,0x00,
	0x3682,0x80,
	0x3684,0x01,
	0x3688,0x01,
	0x369a,0x00,
	0x36d0,0x00,
	0x3706,0x25,
	0x3707,0x04,
	0x3709,0x80,
	0x370b,0x55,
	0x370c,0x04,
	0x3712,0x50,
	0x3714,0x63,
	0x3715,0x00,
	0x3724,0x36,
	0x372a,0x00,
	0x372b,0x00,
	0x374f,0x50,
	0x3755,0x80,
	0x3756,0x00,
	0x3757,0xa0,
	0x3758,0x00,
	0x3759,0x50,
	0x375e,0x3b,
	0x375f,0x02,
	0x3763,0x08,
	0x376c,0x00,
	0x3780,0x4f,
	0x3781,0x00,
	0x3782,0x01,
	0x3785,0x01,
	0x3786,0x01,
	0x3789,0x01,
	0x378a,0x01,
	0x378d,0x01,
	0x378e,0x01,
	0x3791,0x25,
	0x3793,0x1c,
	0x3795,0x1c,
	0x3797,0x55,
	0x3799,0x3c,
	0x379b,0x3c,
	0x37a0,0xa8,
	0x37d0,0x66,
	0x37e3,0x30,
	0x3800,0x00,
	0x3801,0x00,
	0x3802,0x00,
	0x3803,0x00,
	0x3804,0x20,
	0x3805,0x1f,
	0x3806,0x18,
	0x3807,0x1f,
	0x3808,0x08,
	0x3809,0x00,
	0x380a,0x06,
	0x380b,0x00,
	0x380c,0x01,
	0x380d,0x90,
	0x380e,0x18,
	0x380f,0x68,
	0x3811,0x03,
	0x3813,0x04,
	0x3815,0x31,
	0x3820,0x43,
	0x3821,0x15,
	0x3822,0x20,
	0x3823,0x04,
	0x3828,0x03,
	0x3830,0x05,
	0x3831,0x02,
	0x3837,0x05,
	0x383f,0x08,
	0x384c,0x01,
	0x384d,0x90,
	0x3889,0x04,
	0x388b,0x04,
	0x388c,0x08,
	0x388d,0x00,
	0x388e,0x06,
	0x388f,0x00,
	0x3896,0x00,
	0x3917,0x00,
	0x3981,0x01,
	0x3982,0x20,
	0x398b,0x80,
	0x39ec,0x04,
	0x39ed,0x04,
	0x3a0d,0x05,
	0x3a13,0x05,
	0x3a14,0x05,
	0x3a15,0x01,
	0x3a16,0x00,
	0x3a17,0x00,
	0x3a2a,0x01,
	0x3a2e,0x01,
	0x3a2f,0x01,
	0x3a30,0x01,
	0x3a31,0x01,
	0x3a32,0x01,
	0x3a34,0x01,
	0x3a35,0x01,
	0x3a36,0x01,
	0x3a37,0x01,
	0x3a40,0x01,
	0x3a42,0x01,
	0x3a43,0x01,
	0x3a44,0x01,
	0x3a45,0x01,
	0x3a46,0x01,
	0x3a48,0x01,
	0x3a49,0x01,
	0x3a4a,0x01,
	0x3a4b,0x01,
	0x3a5e,0x50,
	0x3aed,0x3a,
	0x3af1,0x3f,
	0x3afd,0x04,
	0x3afe,0x09,
	0x3aff,0x04,
	0x3b00,0x09,
	0x3b01,0xfb,
	0x3b02,0x02,
	0x3b03,0x14,
	0x3b04,0x19,
	0x3b05,0x1d,
	0x3b08,0x1f,
	0x3b14,0x02,
	0x3b15,0x2b,
	0x3b19,0x2b,
	0x3b1a,0x2c,
	0x3b1d,0x00,
	0x3b22,0x2c,
	0x3b25,0x28,
	0x3b2b,0x00,
	0x3b2c,0x00,
	0x3b2d,0x04,
	0x3b32,0x29,
	0x3b33,0x2a,
	0x3b34,0x2a,
	0x3b38,0x22,
	0x3b39,0x25,
	0x3b3a,0x26,
	0x3b3b,0x27,
	0x3b41,0x07,
	0x3b42,0x07,
	0x3b43,0x07,
	0x3b44,0x07,
	0x3b45,0x00,
	0x3b49,0x00,
	0x3b56,0x12,
	0x3b57,0x12,
	0x3b58,0x12,
	0x3b59,0x12,
	0x3b5a,0x1d,
	0x3b5b,0x1d,
	0x3b5c,0x1d,
	0x3b5d,0x1d,
	0x3b82,0x1d,
	0x3ba0,0x25,
	0x3ba1,0x12,
	0x3ba2,0x26,
	0x3bab,0x2c,
	0x3baf,0x58,
	0x3bf2,0x33,
	0x3bfa,0xa0,
	0x3bff,0x08,
	0x4010,0x28,
	0x4012,0x8c,
	0x4016,0x07,
	0x4018,0x03,
	0x401e,0x02,
	0x401f,0x80,
	0x40c4,0x02,
	0x40c5,0x00,
	0x40c6,0x04,
	0x40c7,0x00,
	0x4288,0x07,
	0x4505,0x0c,
	0x4506,0x01,
	0x4509,0x15,
	0x450c,0x00,
	0x450d,0x60,
	0x4510,0x07,
	0x4511,0x00,
	0x4512,0x00,
	0x4513,0x00,
	0x4514,0x00,
	0x4515,0x00,
	0x4516,0x00,
	0x4517,0x00,
	0x4518,0x00,
	0x4519,0x00,
	0x451a,0x11,
	0x451b,0xbb,
	0x451c,0x11,
	0x451d,0xbb,
	0x451e,0x11,
	0x451f,0xbb,
	0x4520,0x11,
	0x4521,0xbb,
	0x4542,0x00,
	0x4549,0x00,
	0x45c0,0x06,
	0x45c1,0x81,
	0x45c2,0x02,
	0x45c3,0x94,
	0x45c4,0x10,
	0x45c5,0x40,
	0x45c6,0x03,
	0x45dd,0x60,
	0x4602,0x00,
	0x4603,0x11,
	0x460b,0x07,
	0x4640,0x00,
	0x4641,0x80,
	0x4643,0x0c,
	0x4680,0x11,
	0x468e,0x30,
	0x4813,0x10,
	0x4836,0x32,
	0x4916,0x07,
	0x4918,0x03,
	0x491e,0x02,
	0x491f,0x80,
	0x4a16,0x07,
	0x4a18,0x03,
	0x4a1e,0x02,
	0x4a1f,0x80,
	0x5000,0xab,
	0x5001,0xca,
	0x5002,0x00,
	0x5006,0x00,
	0x6a03,0x00,
	0xc200,0xaa,
	0xc210,0x1f,
	0xc211,0x20,
	0xc231,0x02,
	0xc232,0x03,
	0xc233,0x1e,
	0xc245,0x02,
	0xc246,0x03,
	0xc247,0x1e,
	0xc40f,0x07,
	0xc46d,0x55,
	0xc48f,0x3f,
	0xc49c,0x08,
	0xc49e,0x25,
	0xc49f,0x25,
	0xc4a2,0x55,
	0xc4a3,0x55,
	0xc4ae,0x00,
	0xc4af,0x00,
	0xc4b0,0x00,
	0xc4b1,0x00,
	0xc4b2,0x00,
	0xc4c2,0x07,
	0xc4c3,0x07,
	0xc4c4,0x07,
	0xc4c6,0x2c,
	0xc4c7,0x2c,
	0xc4c8,0x2c,
	0xc4c9,0x2c,
	0xc4ca,0x2c,
	0xc4cb,0x2c,
	0xc4ce,0x03,
	0xc4cf,0x01,
	0xc4d0,0x02,
	0xc4d1,0x00,
	0xc4e0,0x07,
	0xc4e1,0x07,
	0xc4e2,0x07,
	0xc4e3,0x1d,
	0xc4e9,0x12,
	0xc4ed,0x07,
	0xc4ee,0x07,
	0xc4fa,0x07,
	0xc4fb,0x07,
	0xc4fe,0x21,
	0xc4ff,0x23,
	0xc50f,0x58,
	0xc51b,0x38,
	0xc51c,0x38,
	0xc51d,0x2c,
	0xc51e,0x2c,
	0xc51f,0x2c,
	0xc520,0x2c,
	0xc521,0x2c,
	0xc526,0x0e,
	0xc527,0x0e,
	0xc528,0x0e,
	0xc529,0x0e,
	0xc52a,0x0e,
	0xc52b,0x0e,
	0xc52c,0x0e,
	0xc52d,0x0e,
	0xc52e,0x0e,
	0xc52f,0x0e,
	0xc530,0x0e,
	0xc531,0x0e,
	0xc533,0x0e,
	0xc534,0x0e,
	0xc535,0x0e,
	0xc5c3,0x48,
	0xc5c4,0x48,
	0xc5c5,0x48,
	0xc5c6,0x48,
	0xc5c7,0x48,
	0xc5c8,0x48,
	0xc5c9,0x48,
	0xc5ca,0x48,
	0xc5cb,0x48,
	0xc5cc,0x48,
	0xc5cd,0x48,
	0xc5ce,0x48,
	0xc5fe,0x04,
	0xc5ff,0x04,
	0x464c,0x01,
	0x4690,0x00,
	0x3501,0x18,
	0x3502,0x00,
	0x3508,0x01,
	0x3509,0x00,
	0x3400,0x04,
	0x3002,0x80,
	0x3008,0x00,
	0x382e,0x49,
	0x368d,0x10,
	0x3841,0x00,
	0x381a,0x03,
	0x381b,0x12,
	0x381c,0x00,
	0x381d,0x01,
	0x381e,0x00,
	0x381f,0x20,
	0x382a,0x80,
};

// 序号10 - 来源文件：10_OV50E40_4096X2560_4C2PlusSCG_14bit_30fps_AG64_PDVC_4096x640_20251113.txt
static u16 chagallovx8000wide_setting_10[] = {
	0x0324,0x01,
	0x0325,0x90,
	0x0326,0xd3,
	0x0327,0x05,
	0x0360,0x0b,
	0x3025,0x03,
	0x3506,0xf9,
	0x350e,0x21,
	0x350f,0x80,
	0x3546,0xf9,
	0x354e,0x21,
	0x354f,0x80,
	0x3586,0xf9,
	0x358e,0x21,
	0x358f,0x80,
	0x3600,0x07,
	0x3608,0xf0,
	0x360a,0xff,
	0x3616,0x18,
	0x361a,0x56,
	0x361c,0x00,
	0x361e,0x14,
	0x363b,0xc2,
	0x363c,0xcb,
	0x3645,0x10,
	0x3680,0x00,
	0x3682,0x80,
	0x3684,0x01,
	0x3688,0x01,
	0x369a,0x00,
	0x36d0,0x00,
	0x3706,0x25,
	0x3707,0x04,
	0x3709,0x80,
	0x370b,0x55,
	0x370c,0x04,
	0x3712,0x50,
	0x3714,0x65,
	0x3715,0x00,
	0x3724,0x6a,
	0x372a,0x00,
	0x372b,0x00,
	0x374f,0x50,
	0x3755,0x80,
	0x3756,0x00,
	0x3757,0xa0,
	0x3758,0x00,
	0x3759,0x50,
	0x375e,0x3b,
	0x375f,0x02,
	0x3763,0x08,
	0x376c,0x00,
	0x3780,0x4f,
	0x3781,0x00,
	0x3782,0x01,
	0x3785,0x01,
	0x3786,0x01,
	0x3789,0x01,
	0x378a,0x01,
	0x378d,0x01,
	0x378e,0x01,
	0x3791,0x25,
	0x3793,0x1c,
	0x3795,0x1c,
	0x3797,0x55,
	0x3799,0x3c,
	0x379b,0x3c,
	0x37a0,0xa8,
	0x37d0,0x66,
	0x37e3,0x30,
	0x3800,0x00,
	0x3801,0x00,
	0x3802,0x02,
	0x3803,0x00,
	0x3804,0x20,
	0x3805,0x1f,
	0x3806,0x16,
	0x3807,0x1f,
	0x3808,0x10,
	0x3809,0x00,
	0x380a,0x0a,
	0x380b,0x00,
	0x380c,0x01,
	0x380d,0x90,
	0x380e,0x18,
	0x380f,0x68,
	0x3811,0x07,
	0x3813,0x08,
	0x3815,0x11,
	0x3820,0x42,
	0x3821,0x15,
	0x3822,0x10,
	0x3823,0x04,
	0x3828,0x05,
	0x3830,0x07,
	0x3831,0x02,
	0x3837,0x07,
	0x383f,0x08,
	0x384c,0x01,
	0x384d,0x90,
	0x3889,0x08,
	0x388b,0x08,
	0x388c,0x10,
	0x388d,0x00,
	0x388e,0x0a,
	0x388f,0x00,
	0x3896,0x00,
	0x3917,0x00,
	0x3981,0x01,
	0x3982,0x20,
	0x398b,0x80,
	0x39ec,0x04,
	0x39ed,0x04,
	0x3a0d,0x05,
	0x3a13,0x05,
	0x3a14,0x05,
	0x3a15,0x01,
	0x3a16,0x00,
	0x3a17,0x00,
	0x3a2a,0x01,
	0x3a2e,0x01,
	0x3a2f,0x01,
	0x3a30,0x01,
	0x3a31,0x01,
	0x3a32,0x01,
	0x3a34,0x01,
	0x3a35,0x01,
	0x3a36,0x01,
	0x3a37,0x01,
	0x3a40,0x01,
	0x3a42,0x01,
	0x3a43,0x01,
	0x3a44,0x01,
	0x3a45,0x01,
	0x3a46,0x01,
	0x3a48,0x01,
	0x3a49,0x01,
	0x3a4a,0x01,
	0x3a4b,0x01,
	0x3a5e,0x50,
	0x3aed,0x3a,
	0x3af1,0x3f,
	0x3afd,0x04,
	0x3afe,0x09,
	0x3aff,0x04,
	0x3b00,0x09,
	0x3b01,0xfb,
	0x3b02,0x02,
	0x3b03,0x14,
	0x3b04,0x19,
	0x3b05,0x1d,
	0x3b08,0x1f,
	0x3b14,0x02,
	0x3b15,0x2b,
	0x3b19,0x2b,
	0x3b1a,0x2c,
	0x3b1d,0x00,
	0x3b22,0x2c,
	0x3b25,0x28,
	0x3b2b,0x00,
	0x3b2c,0x00,
	0x3b2d,0x04,
	0x3b32,0x29,
	0x3b33,0x2a,
	0x3b34,0x2a,
	0x3b38,0x22,
	0x3b39,0x25,
	0x3b3a,0x26,
	0x3b3b,0x27,
	0x3b41,0x07,
	0x3b42,0x07,
	0x3b43,0x07,
	0x3b44,0x07,
	0x3b45,0x00,
	0x3b49,0x00,
	0x3b56,0x12,
	0x3b57,0x12,
	0x3b58,0x12,
	0x3b59,0x12,
	0x3b5a,0x1d,
	0x3b5b,0x1d,
	0x3b5c,0x1d,
	0x3b5d,0x1d,
	0x3b82,0x1d,
	0x3ba0,0x25,
	0x3ba1,0x12,
	0x3ba2,0x26,
	0x3bab,0x2c,
	0x3baf,0x58,
	0x3bf2,0x33,
	0x3bfa,0xa0,
	0x3bff,0x08,
	0x4010,0x28,
	0x4012,0x8c,
	0x4016,0x0f,
	0x4018,0x07,
	0x401e,0x02,
	0x401f,0x80,
	0x40c4,0x02,
	0x40c5,0x00,
	0x40c6,0x04,
	0x40c7,0x00,
	0x4288,0x07,
	0x4505,0x0c,
	0x4506,0x01,
	0x4509,0x15,
	0x450c,0x00,
	0x450d,0x60,
	0x4510,0x07,
	0x4511,0x00,
	0x4512,0x00,
	0x4513,0x00,
	0x4514,0x00,
	0x4515,0x00,
	0x4516,0x00,
	0x4517,0x00,
	0x4518,0x00,
	0x4519,0x00,
	0x451a,0x11,
	0x451b,0xbb,
	0x451c,0x11,
	0x451d,0xbb,
	0x451e,0x11,
	0x451f,0xbb,
	0x4520,0x11,
	0x4521,0xbb,
	0x4542,0x00,
	0x4549,0x00,
	0x45c0,0x0e,
	0x45c1,0x80,
	0x45c2,0x0a,
	0x45c3,0x94,
	0x45c4,0x10,
	0x45c5,0x40,
	0x45c6,0x04,
	0x45dd,0x60,
	0x4602,0x00,
	0x4603,0x11,
	0x460b,0x07,
	0x4640,0x01,
	0x4641,0x00,
	0x4643,0x0c,
	0x4680,0x11,
	0x468e,0x30,
	0x4813,0x10,
	0x4836,0x32,
	0x4916,0x0f,
	0x4918,0x07,
	0x491e,0x02,
	0x491f,0x80,
	0x4a16,0x0f,
	0x4a18,0x07,
	0x4a1e,0x02,
	0x4a1f,0x80,
	0x5000,0x2b,
	0x5001,0x08,
	0x5002,0x00,
	0x5006,0x00,
	0x6a03,0x00,
	0xc200,0xaa,
	0xc210,0x1f,
	0xc211,0x20,
	0xc231,0x02,
	0xc232,0x03,
	0xc233,0x1e,
	0xc245,0x02,
	0xc246,0x03,
	0xc247,0x1e,
	0xc40f,0x07,
	0xc46d,0x55,
	0xc48f,0x3f,
	0xc49c,0x08,
	0xc49e,0x25,
	0xc49f,0x25,
	0xc4a2,0x55,
	0xc4a3,0x55,
	0xc4ae,0x00,
	0xc4af,0x00,
	0xc4b0,0x00,
	0xc4b1,0x00,
	0xc4b2,0x00,
	0xc4c2,0x07,
	0xc4c3,0x07,
	0xc4c4,0x07,
	0xc4c6,0x2c,
	0xc4c7,0x2c,
	0xc4c8,0x2c,
	0xc4c9,0x2c,
	0xc4ca,0x2c,
	0xc4cb,0x2c,
	0xc4ce,0x03,
	0xc4cf,0x01,
	0xc4d0,0x02,
	0xc4d1,0x00,
	0xc4e0,0x07,
	0xc4e1,0x07,
	0xc4e2,0x07,
	0xc4e3,0x1d,
	0xc4e9,0x12,
	0xc4ed,0x07,
	0xc4ee,0x07,
	0xc4fa,0x07,
	0xc4fb,0x07,
	0xc4fe,0x21,
	0xc4ff,0x23,
	0xc50f,0x58,
	0xc51b,0x38,
	0xc51c,0x38,
	0xc51d,0x2c,
	0xc51e,0x2c,
	0xc51f,0x2c,
	0xc520,0x2c,
	0xc521,0x2c,
	0xc526,0x0e,
	0xc527,0x0e,
	0xc528,0x0e,
	0xc529,0x0e,
	0xc52a,0x0e,
	0xc52b,0x0e,
	0xc52c,0x0e,
	0xc52d,0x0e,
	0xc52e,0x0e,
	0xc52f,0x0e,
	0xc530,0x0e,
	0xc531,0x0e,
	0xc533,0x0e,
	0xc534,0x0e,
	0xc535,0x0e,
	0xc5c3,0x48,
	0xc5c4,0x48,
	0xc5c5,0x48,
	0xc5c6,0x48,
	0xc5c7,0x48,
	0xc5c8,0x48,
	0xc5c9,0x48,
	0xc5ca,0x48,
	0xc5cb,0x48,
	0xc5cc,0x48,
	0xc5cd,0x48,
	0xc5ce,0x48,
	0xc5fe,0x04,
	0xc5ff,0x04,
	0x464c,0x01,
	0x4690,0x00,
	0x3501,0x18,
	0x3502,0x00,
	0x3508,0x01,
	0x3509,0x00,
	0x3400,0x04,
	0x3002,0x80,
	0x3008,0x00,
	0x382e,0x49,
	0x368d,0x10,
	0x3841,0x00,
	0x381a,0x05,
	0x381b,0x1d,
	0x381c,0x00,
	0x381d,0x01,
	0x381e,0x00,
	0x381f,0x20,
	0x382a,0x80,
};

// 序号11 - 来源文件：11_OV50E40_4096x2560_4C2PlusDCGCombineMSB_AG64_14bit_30fps_AG64x_PDVC_4096x640_20251113.txt
static u16 chagallovx8000wide_setting_11[] = {
	0x0324,0x01,
	0x0325,0x90,
	0x0326,0xd3,
	0x0327,0x05,
	0x0360,0x0b,
	0x3025,0x03,
	0x3506,0x50,
	0x350e,0x21,
	0x350f,0x80,
	0x3546,0x50,
	0x354e,0x21,
	0x354f,0x80,
	0x3586,0x50,
	0x358e,0x21,
	0x358f,0x80,
	0x3600,0x07,
	0x3608,0xf0,
	0x360a,0xff,
	0x3616,0x58,
	0x361a,0x56,
	0x361c,0x00,
	0x361e,0x14,
	0x363b,0xc0,
	0x363c,0xc0,
	0x3645,0x10,
	0x3680,0x01,
	0x3682,0x80,
	0x3684,0x01,
	0x3688,0x01,
	0x369a,0x08,
	0x36d0,0x00,
	0x3706,0x27,
	0x3707,0x04,
	0x3709,0xc6,
	0x370b,0x40,
	0x370c,0x04,
	0x3712,0x50,
	0x3714,0x65,
	0x3715,0x00,
	0x3724,0x60,
	0x372a,0x00,
	0x372b,0x00,
	0x374f,0x10,
	0x3755,0x84,
	0x3756,0x00,
	0x3757,0x70,
	0x3758,0x00,
	0x3759,0xf0,
	0x375e,0xcb,
	0x375f,0x22,
	0x3763,0x08,
	0x376c,0x00,
	0x3780,0x4f,
	0x3781,0x03,
	0x3782,0x03,
	0x3785,0x04,
	0x3786,0x04,
	0x3789,0x03,
	0x378a,0x03,
	0x378d,0x04,
	0x378e,0x04,
	0x3791,0x27,
	0x3793,0x5d,
	0x3795,0x5d,
	0x3797,0x40,
	0x3799,0x8d,
	0x379b,0x8d,
	0x37a0,0xc6,
	0x37d0,0x22,
	0x37e3,0x30,
	0x3800,0x00,
	0x3801,0x00,
	0x3802,0x02,
	0x3803,0x00,
	0x3804,0x20,
	0x3805,0x1f,
	0x3806,0x16,
	0x3807,0x1f,
	0x3808,0x10,
	0x3809,0x00,
	0x380a,0x0a,
	0x380b,0x00,
	0x380c,0x03,
	0x380d,0x07,
	0x380e,0x0c,
	0x380f,0x98,
	0x3811,0x07,
	0x3813,0x08,
	0x3815,0x11,
	0x3820,0x42,
	0x3821,0x15,
	0x3822,0x10,
	0x3823,0x06,
	0x3828,0x05,
	0x3830,0x07,
	0x3831,0x02,
	0x3837,0x07,
	0x383f,0x08,
	0x384c,0x03,
	0x384d,0x07,
	0x3889,0x08,
	0x388b,0x08,
	0x388c,0x10,
	0x388d,0x00,
	0x388e,0x0a,
	0x388f,0x00,
	0x3896,0x00,
	0x3917,0x00,
	0x3981,0x01,
	0x3982,0xe0,
	0x398b,0x00,
	0x39ec,0x04,
	0x39ed,0x04,
	0x3a0d,0x0d,
	0x3a13,0x0d,
	0x3a14,0x0d,
	0x3a15,0x09,
	0x3a16,0x07,
	0x3a17,0x08,
	0x3a2a,0x24,
	0x3a2e,0x24,
	0x3a2f,0x38,
	0x3a30,0x38,
	0x3a31,0x38,
	0x3a32,0x38,
	0x3a34,0x38,
	0x3a35,0x38,
	0x3a36,0x38,
	0x3a37,0x38,
	0x3a40,0x24,
	0x3a42,0x24,
	0x3a43,0x38,
	0x3a44,0x38,
	0x3a45,0x38,
	0x3a46,0x38,
	0x3a48,0x38,
	0x3a49,0x38,
	0x3a4a,0x38,
	0x3a4b,0x38,
	0x3a5e,0x3b,
	0x3aed,0x3a,
	0x3af1,0x3f,
	0x3afd,0x01,
	0x3afe,0x04,
	0x3aff,0x01,
	0x3b00,0x04,
	0x3b01,0xcb,
	0x3b02,0x02,
	0x3b03,0x10,
	0x3b04,0x10,
	0x3b05,0x10,
	0x3b08,0x10,
	0x3b14,0x02,
	0x3b15,0x10,
	0x3b19,0x10,
	0x3b1a,0x10,
	0x3b1d,0x00,
	0x3b22,0x10,
	0x3b25,0x10,
	0x3b2b,0x0f,
	0x3b2c,0x10,
	0x3b2d,0x10,
	0x3b32,0x10,
	0x3b33,0x10,
	0x3b34,0x10,
	0x3b38,0x10,
	0x3b39,0x10,
	0x3b3a,0x10,
	0x3b3b,0x10,
	0x3b41,0x10,
	0x3b42,0x10,
	0x3b43,0x10,
	0x3b44,0x10,
	0x3b45,0x0e,
	0x3b49,0x0e,
	0x3b56,0x13,
	0x3b57,0x13,
	0x3b58,0x13,
	0x3b59,0x13,
	0x3b5a,0x13,
	0x3b5b,0x13,
	0x3b5c,0x13,
	0x3b5d,0x13,
	0x3b82,0x13,
	0x3ba0,0x10,
	0x3ba1,0x13,
	0x3ba2,0x10,
	0x3bab,0x2a,
	0x3baf,0x56,
	0x3bf2,0x33,
	0x3bfa,0xa0,
	0x3bff,0x08,
	0x4010,0x28,
	0x4012,0x8c,
	0x4016,0x0f,
	0x4018,0x07,
	0x401e,0x02,
	0x401f,0x80,
	0x40c4,0x02,
	0x40c5,0x00,
	0x40c6,0x04,
	0x40c7,0x00,
	0x4288,0x07,
	0x4505,0x0c,
	0x4506,0x01,
	0x4509,0x15,
	0x450c,0x00,
	0x450d,0x60,
	0x4510,0x07,
	0x4511,0x00,
	0x4512,0x00,
	0x4513,0x00,
	0x4514,0x00,
	0x4515,0x00,
	0x4516,0x00,
	0x4517,0x00,
	0x4518,0x00,
	0x4519,0x00,
	0x451a,0x11,
	0x451b,0xbb,
	0x451c,0x11,
	0x451d,0xbb,
	0x451e,0x11,
	0x451f,0xbb,
	0x4520,0x11,
	0x4521,0xbb,
	0x4542,0x00,
	0x4549,0x00,
	0x45c0,0x0e,
	0x45c1,0x80,
	0x45c2,0x0a,
	0x45c3,0x94,
	0x45c4,0x10,
	0x45c5,0x40,
	0x45c6,0x04,
	0x45dd,0x60,
	0x4602,0x00,
	0x4603,0x05,
	0x460b,0x07,
	0x4640,0x01,
	0x4641,0x00,
	0x4643,0x0c,
	0x4680,0x11,
	0x468e,0x30,
	0x4813,0x10,
	0x4836,0x32,
	0x4916,0x0f,
	0x4918,0x07,
	0x491e,0x02,
	0x491f,0x80,
	0x4a16,0x0f,
	0x4a18,0x07,
	0x4a1e,0x02,
	0x4a1f,0x80,
	0x5000,0x2b,
	0x5001,0x08,
	0x5002,0x41,
	0x5006,0x06,
	0x6a03,0x41,
	0xc200,0x00,
	0xc210,0x00,
	0xc211,0x00,
	0xc231,0x00,
	0xc232,0x00,
	0xc233,0x00,
	0xc245,0x00,
	0xc246,0x00,
	0xc247,0x00,
	0xc40f,0x10,
	0xc46d,0x00,
	0xc48f,0x00,
	0xc49c,0x1c,
	0xc49e,0x5d,
	0xc49f,0x5d,
	0xc4a2,0x8d,
	0xc4a3,0x8d,
	0xc4ae,0xff,
	0xc4af,0x10,
	0xc4b0,0x10,
	0xc4b1,0x10,
	0xc4b2,0x10,
	0xc4c2,0x77,
	0xc4c3,0x77,
	0xc4c4,0x77,
	0xc4c6,0x18,
	0xc4c7,0x18,
	0xc4c8,0x18,
	0xc4c9,0x18,
	0xc4ca,0x18,
	0xc4cb,0x18,
	0xc4ce,0x0e,
	0xc4cf,0x0a,
	0xc4d0,0x07,
	0xc4d1,0x08,
	0xc4e0,0x10,
	0xc4e1,0x10,
	0xc4e2,0x10,
	0xc4e3,0x13,
	0xc4e9,0x13,
	0xc4ed,0x10,
	0xc4ee,0x10,
	0xc4fa,0x10,
	0xc4fb,0x10,
	0xc4fe,0x10,
	0xc4ff,0x10,
	0xc50f,0x5c,
	0xc51b,0x38,
	0xc51c,0x38,
	0xc51d,0x2a,
	0xc51e,0x2a,
	0xc51f,0x2a,
	0xc520,0x2c,
	0xc521,0x2c,
	0xc526,0x0e,
	0xc527,0x0e,
	0xc528,0x0e,
	0xc529,0x0e,
	0xc52a,0x0e,
	0xc52b,0x0e,
	0xc52c,0x08,
	0xc52d,0x07,
	0xc52e,0x0e,
	0xc52f,0x0e,
	0xc530,0x0e,
	0xc531,0x0e,
	0xc533,0x0b,
	0xc534,0x08,
	0xc535,0x06,
	0xc5c3,0x48,
	0xc5c4,0x48,
	0xc5c5,0x48,
	0xc5c6,0x48,
	0xc5c7,0x48,
	0xc5c8,0x48,
	0xc5c9,0x48,
	0xc5ca,0x48,
	0xc5cb,0x48,
	0xc5cc,0x48,
	0xc5cd,0x48,
	0xc5ce,0x48,
	0xc5fe,0x04,
	0xc5ff,0x04,
	0x464c,0x01,
	0x4690,0x00,
	0x3501,0x0c,
	0x3502,0x00,
	0x3508,0x01,
	0x3509,0x00,
	0x5019,0x00,
	0x501a,0x04,
	0x501b,0x00,
	0x3541,0x0c,
	0x3542,0x00,
	0x3548,0x01,
	0x3549,0x00,
	0x501c,0x00,
	0x501d,0x04,
	0x501e,0x00,
	0x3400,0x04,
	0x3002,0x00, //close vsync
	// 0x3008,0x00,
	// 0x382e,0x49,
	// 0x368d,0x10,
	// 0x3841,0x00,
	// 0x381a,0x05,
	// 0x381b,0x1d,
	// 0x381c,0x00,
	// 0x381d,0x01,
	// 0x381e,0x00,
	// 0x381f,0x20,
	0x382a,0x80,
};

// 序号12 - 来源文件：12_OV50E40_4096x2560_Cropping_14bit_30fps_AG16_PDVC1_2048x640LR_PDVC2_2048x640UD_20251113.txt
static u16 chagallovx8000wide_setting_12[] = {
	0x0324,0x01,
	0x0325,0xf4,
	0x0326,0xd4,
	0x0327,0x0b,
	0x0360,0x0b,
	0x3025,0x03,
	0x3506,0x58,
	0x350e,0x00,
	0x350f,0x00,
	0x3546,0x38,
	0x354e,0x00,
	0x354f,0x00,
	0x3586,0x38,
	0x358e,0x00,
	0x358f,0x00,
	0x3600,0xc7,
	0x3608,0xf3,
	0x360a,0xbb,
	0x3616,0x58,
	0x361a,0x56,
	0x361c,0x08,
	0x361e,0x16,
	0x363b,0x14,
	0x363c,0xba,
	0x3645,0x14,
	0x3680,0x00,
	0x3682,0x80,
	0x3684,0x01,
	0x3688,0x03,
	0x369a,0x00,
	0x36d0,0x00,
	0x3706,0x20,
	0x3707,0x04,
	0x3709,0x9d,
	0x370b,0x3e,
	0x370c,0x04,
	0x3712,0x51,
	0x3714,0x74,
	0x3715,0x00,
	0x3724,0x46,
	0x372a,0x00,
	0x372b,0x00,
	0x374f,0x50,
	0x3755,0x70,
	0x3756,0x00,
	0x3757,0x30,
	0x3758,0x00,
	0x3759,0x50,
	0x375e,0x00,
	0x375f,0x02,
	0x3763,0x08,
	0x376c,0x00,
	0x3780,0x4c,
	0x3781,0x00,
	0x3782,0x01,
	0x3785,0x01,
	0x3786,0x01,
	0x3789,0x01,
	0x378a,0x01,
	0x378d,0x01,
	0x378e,0x01,
	0x3791,0x20,
	0x3793,0x1c,
	0x3795,0x1c,
	0x3797,0x3e,
	0x3799,0x3c,
	0x379b,0x3c,
	0x37a0,0x70,
	0x37d0,0x00,
	0x37e3,0x30,
	0x3800,0x08,
	0x3801,0x00,
	0x3802,0x07,
	0x3803,0x00,
	0x3804,0x18,
	0x3805,0x1f,
	0x3806,0x11,
	0x3807,0x1f,
	0x3808,0x10,
	0x3809,0x00,
	0x380a,0x0a,
	0x380b,0x00,
	0x380c,0x01,
	0x380d,0x90,
	0x380e,0x18,
	0x380f,0x68,
	0x3811,0x0f,
	0x3813,0x10,
	0x3815,0x11,
	0x3820,0x40,
	0x3821,0x04,
	0x3822,0x00,
	0x3823,0x04,
	0x3828,0x14,
	0x3830,0x1c,
	0x3831,0x00,
	0x3837,0x1c,
	0x383f,0x08,
	0x384c,0x01,
	0x384d,0x90,
	0x3889,0x10,
	0x388b,0x10,
	0x388c,0x10,
	0x388d,0x00,
	0x388e,0x0a,
	0x388f,0x00,
	0x3896,0x00,
	0x3917,0x00,
	0x3981,0x01,
	0x3982,0x20,
	0x398b,0x80,
	0x39ec,0x06,
	0x39ed,0x04,
	0x3a0d,0x00,
	0x3a13,0x00,
	0x3a14,0x04,
	0x3a15,0x01,
	0x3a16,0x02,
	0x3a17,0x00,
	0x3a2a,0x01,
	0x3a2e,0x01,
	0x3a2f,0x01,
	0x3a30,0x01,
	0x3a31,0x01,
	0x3a32,0x01,
	0x3a34,0x01,
	0x3a35,0x01,
	0x3a36,0x01,
	0x3a37,0x01,
	0x3a40,0x01,
	0x3a42,0x01,
	0x3a43,0x01,
	0x3a44,0x01,
	0x3a45,0x01,
	0x3a46,0x01,
	0x3a48,0x01,
	0x3a49,0x01,
	0x3a4a,0x01,
	0x3a4b,0x01,
	0x3a5e,0x50,
	0x3aed,0x3a,
	0x3af1,0x3f,
	0x3afd,0x04,
	0x3afe,0x09,
	0x3aff,0x04,
	0x3b00,0x09,
	0x3b01,0x00,
	0x3b02,0x00,
	0x3b03,0x07,
	0x3b04,0x07,
	0x3b05,0x07,
	0x3b08,0x07,
	0x3b14,0x02,
	0x3b15,0x07,
	0x3b19,0x07,
	0x3b1a,0x07,
	0x3b1d,0x00,
	0x3b22,0x07,
	0x3b25,0x07,
	0x3b2b,0x00,
	0x3b2c,0x00,
	0x3b2d,0x04,
	0x3b32,0x07,
	0x3b33,0x07,
	0x3b34,0x07,
	0x3b38,0x07,
	0x3b39,0x07,
	0x3b3a,0x07,
	0x3b3b,0x07,
	0x3b41,0x07,
	0x3b42,0x07,
	0x3b43,0x07,
	0x3b44,0x07,
	0x3b45,0x00,
	0x3b49,0x00,
	0x3b56,0x11,
	0x3b57,0x11,
	0x3b58,0x11,
	0x3b59,0x11,
	0x3b5a,0x11,
	0x3b5b,0x11,
	0x3b5c,0x11,
	0x3b5d,0x11,
	0x3b82,0x11,
	0x3ba0,0x07,
	0x3ba1,0x11,
	0x3ba2,0x07,
	0x3bab,0x2c,
	0x3baf,0x58,
	0x3bf2,0x33,
	0x3bfa,0x00,
	0x3bff,0x08,
	0x4010,0x28,
	0x4012,0xfc,
	0x4016,0x1f,
	0x4018,0x0f,
	0x401e,0x01,
	0x401f,0x30,
	0x40c4,0x07,
	0x40c5,0xff,
	0x40c6,0x07,
	0x40c7,0xff,
	0x4288,0x07,
	0x4505,0x0c,
	0x4506,0x01,
	0x4509,0x05,
	0x450c,0x00,
	0x450d,0x30,
	0x4510,0x03,
	0x4511,0x08,
	0x4512,0x05,
	0x4513,0x05,
	0x4514,0xaf,
	0x4515,0xaf,
	0x4516,0x05,
	0x4517,0x05,
	0x4518,0xaf,
	0x4519,0xaf,
	0x451a,0x11,
	0x451b,0xbb,
	0x451c,0x11,
	0x451d,0xbb,
	0x451e,0x11,
	0x451f,0xbb,
	0x4520,0x11,
	0x4521,0xbb,
	0x4542,0x00,
	0x4549,0x00,
	0x45c0,0x14,
	0x45c1,0x80,
	0x45c2,0x02,
	0x45c3,0x87,
	0x45c4,0x10,
	0x45c5,0x00,
	0x45c6,0x04,
	0x45dd,0x00,
	0x4602,0x00,
	0x4603,0x11,
	0x460b,0x07,
	0x4640,0x00,
	0x4641,0x80,
	0x4643,0x08,
	0x4680,0x11,
	0x468e,0x30,
	0x4813,0x10,
	0x4836,0x32,
	0x4916,0x1f,
	0x4918,0x0f,
	0x491e,0x01,
	0x491f,0x30,
	0x4a16,0x1f,
	0x4a18,0x0f,
	0x4a1e,0x01,
	0x4a1f,0x30,
	0x5000,0x5b,
	0x5001,0x28,
	0x5002,0x00,
	0x5006,0x00,
	0x6a03,0x00,
	0xc200,0x00,
	0xc210,0x00,
	0xc211,0x00,
	0xc231,0x00,
	0xc232,0x01,
	0xc233,0x8f,
	0xc245,0x00,
	0xc246,0x01,
	0xc247,0x8f,
	0xc40f,0x07,
	0xc46d,0x55,
	0xc48f,0x3f,
	0xc49c,0x08,
	0xc49e,0x20,
	0xc49f,0x20,
	0xc4a2,0x3e,
	0xc4a3,0x3e,
	0xc4ae,0x00,
	0xc4af,0x00,
	0xc4b0,0x00,
	0xc4b1,0x00,
	0xc4b2,0x00,
	0xc4c2,0x07,
	0xc4c3,0x07,
	0xc4c4,0x07,
	0xc4c6,0x2a,
	0xc4c7,0x2a,
	0xc4c8,0x35,
	0xc4c9,0x35,
	0xc4ca,0x35,
	0xc4cb,0x35,
	0xc4ce,0x03,
	0xc4cf,0x01,
	0xc4d0,0x00,
	0xc4d1,0x00,
	0xc4e0,0x07,
	0xc4e1,0x07,
	0xc4e2,0x07,
	0xc4e3,0x11,
	0xc4e9,0x11,
	0xc4ed,0x07,
	0xc4ee,0x07,
	0xc4fa,0x07,
	0xc4fb,0x07,
	0xc4fe,0x07,
	0xc4ff,0x07,
	0xc50f,0x58,
	0xc51b,0x38,
	0xc51c,0x38,
	0xc51d,0x2c,
	0xc51e,0x2c,
	0xc51f,0x2c,
	0xc520,0x2c,
	0xc521,0x2c,
	0xc526,0x0e,
	0xc527,0x0e,
	0xc528,0x0e,
	0xc529,0x0e,
	0xc52a,0x0e,
	0xc52b,0x0e,
	0xc52c,0x0e,
	0xc52d,0x0e,
	0xc52e,0x0e,
	0xc52f,0x0e,
	0xc530,0x0e,
	0xc531,0x0e,
	0xc533,0x0e,
	0xc534,0x0e,
	0xc535,0x0e,
	0xc5c3,0x00,
	0xc5c4,0x00,
	0xc5c5,0x00,
	0xc5c6,0x00,
	0xc5c7,0x00,
	0xc5c8,0x00,
	0xc5c9,0x48,
	0xc5ca,0x48,
	0xc5cb,0x40,
	0xc5cc,0x40,
	0xc5cd,0x40,
	0xc5ce,0x40,
	0xc5fe,0x04,
	0xc5ff,0x06,
	0x464c,0x21,
	0x4690,0x0a,
	0x3501,0x18,
	0x3502,0x00,
	0x3508,0x01,
	0x3509,0x00,
	0x3400,0x04,
	0x3002,0x80,
	0x3008,0x00,
	0x382e,0x49,
	0x368d,0x10,
	0x3841,0x00,
	0x381a,0x0a,
	0x381b,0x70,
	0x381c,0x00,
	0x381d,0x01,
	0x381e,0x00,
	0x381f,0x20,
	0x382a,0x80,
};

// 序号13 - 来源文件：13_OV50E40_4096X2304_4C2PlusSCG_10bit_30fps_AG64_PDVC_4096x576_20251113.txt
static u16 chagallovx8000wide_setting_13[] = {
	0x0324,0x01,
	0x0325,0x90,
	0x0326,0xd3,
	0x0327,0x05,
	0x0360,0x09,
	0x3025,0x03,
	0x3506,0xf9,
	0x350e,0x21,
	0x350f,0x80,
	0x3546,0xf9,
	0x354e,0x21,
	0x354f,0x80,
	0x3586,0xf9,
	0x358e,0x21,
	0x358f,0x80,
	0x3600,0x07,
	0x3608,0xf0,
	0x360a,0xff,
	0x3616,0x18,
	0x361a,0x56,
	0x361c,0x00,
	0x361e,0x14,
	0x363b,0xc2,
	0x363c,0xcb,
	0x3645,0x10,
	0x3680,0x00,
	0x3682,0x80,
	0x3684,0x01,
	0x3688,0x01,
	0x369a,0x00,
	0x36d0,0x00,
	0x3706,0x25,
	0x3707,0x04,
	0x3709,0x80,
	0x370b,0x55,
	0x370c,0x04,
	0x3712,0x50,
	0x3714,0x65,
	0x3715,0x00,
	0x3724,0x7a,
	0x372a,0x00,
	0x372b,0x00,
	0x374f,0x50,
	0x3755,0x80,
	0x3756,0x00,
	0x3757,0xa0,
	0x3758,0x00,
	0x3759,0x50,
	0x375e,0x3b,
	0x375f,0x02,
	0x3763,0x08,
	0x376c,0x00,
	0x3780,0x4f,
	0x3781,0x00,
	0x3782,0x01,
	0x3785,0x01,
	0x3786,0x01,
	0x3789,0x01,
	0x378a,0x01,
	0x378d,0x01,
	0x378e,0x01,
	0x3791,0x25,
	0x3793,0x1c,
	0x3795,0x1c,
	0x3797,0x55,
	0x3799,0x3c,
	0x379b,0x3c,
	0x37a0,0xa8,
	0x37d0,0x66,
	0x37e3,0x30,
	0x3800,0x00,
	0x3801,0x00,
	0x3802,0x03,
	0x3803,0x00,
	0x3804,0x20,
	0x3805,0x1f,
	0x3806,0x15,
	0x3807,0x1f,
	0x3808,0x10,
	0x3809,0x00,
	0x380a,0x09,
	0x380b,0x00,
	0x380c,0x01,
	0x380d,0x90,
	0x380e,0x18,
	0x380f,0x68,
	0x3811,0x07,
	0x3813,0x08,
	0x3815,0x11,
	0x3820,0x42,
	0x3821,0x15,
	0x3822,0x10,
	0x3823,0x04,
	0x3828,0x05,
	0x3830,0x07,
	0x3831,0x02,
	0x3837,0x07,
	0x383f,0x08,
	0x384c,0x01,
	0x384d,0x90,
	0x3889,0x08,
	0x388b,0x08,
	0x388c,0x10,
	0x388d,0x00,
	0x388e,0x09,
	0x388f,0x00,
	0x3896,0x00,
	0x3917,0x00,
	0x3981,0x01,
	0x3982,0x20,
	0x398b,0x80,
	0x39ec,0x04,
	0x39ed,0x04,
	0x3a0d,0x05,
	0x3a13,0x05,
	0x3a14,0x05,
	0x3a15,0x01,
	0x3a16,0x00,
	0x3a17,0x00,
	0x3a2a,0x01,
	0x3a2e,0x01,
	0x3a2f,0x01,
	0x3a30,0x01,
	0x3a31,0x01,
	0x3a32,0x01,
	0x3a34,0x01,
	0x3a35,0x01,
	0x3a36,0x01,
	0x3a37,0x01,
	0x3a40,0x01,
	0x3a42,0x01,
	0x3a43,0x01,
	0x3a44,0x01,
	0x3a45,0x01,
	0x3a46,0x01,
	0x3a48,0x01,
	0x3a49,0x01,
	0x3a4a,0x01,
	0x3a4b,0x01,
	0x3a5e,0x50,
	0x3aed,0x3a,
	0x3af1,0x3f,
	0x3afd,0x04,
	0x3afe,0x09,
	0x3aff,0x04,
	0x3b00,0x09,
	0x3b01,0xfb,
	0x3b02,0x02,
	0x3b03,0x14,
	0x3b04,0x19,
	0x3b05,0x1d,
	0x3b08,0x1f,
	0x3b14,0x02,
	0x3b15,0x2b,
	0x3b19,0x2b,
	0x3b1a,0x2c,
	0x3b1d,0x00,
	0x3b22,0x2c,
	0x3b25,0x28,
	0x3b2b,0x00,
	0x3b2c,0x00,
	0x3b2d,0x04,
	0x3b32,0x29,
	0x3b33,0x2a,
	0x3b34,0x2a,
	0x3b38,0x22,
	0x3b39,0x25,
	0x3b3a,0x26,
	0x3b3b,0x27,
	0x3b41,0x07,
	0x3b42,0x07,
	0x3b43,0x07,
	0x3b44,0x07,
	0x3b45,0x00,
	0x3b49,0x00,
	0x3b56,0x12,
	0x3b57,0x12,
	0x3b58,0x12,
	0x3b59,0x12,
	0x3b5a,0x1d,
	0x3b5b,0x1d,
	0x3b5c,0x1d,
	0x3b5d,0x1d,
	0x3b82,0x1d,
	0x3ba0,0x25,
	0x3ba1,0x12,
	0x3ba2,0x26,
	0x3bab,0x2c,
	0x3baf,0x58,
	0x3bf2,0x33,
	0x3bfa,0xa0,
	0x3bff,0x08,
	0x4010,0x28,
	0x4012,0x8c,
	0x4016,0x0f,
	0x4018,0x07,
	0x401e,0x02,
	0x401f,0x80,
	0x40c4,0x02,
	0x40c5,0x00,
	0x40c6,0x04,
	0x40c7,0x00,
	0x4288,0x07,
	0x4505,0x0c,
	0x4506,0x01,
	0x4509,0x15,
	0x450c,0x00,
	0x450d,0x60,
	0x4510,0x07,
	0x4511,0x00,
	0x4512,0x00,
	0x4513,0x00,
	0x4514,0x00,
	0x4515,0x00,
	0x4516,0x00,
	0x4517,0x00,
	0x4518,0x00,
	0x4519,0x00,
	0x451a,0x11,
	0x451b,0xbb,
	0x451c,0x11,
	0x451d,0xbb,
	0x451e,0x11,
	0x451f,0xbb,
	0x4520,0x11,
	0x4521,0xbb,
	0x4542,0x00,
	0x4549,0x00,
	0x45c0,0x0e,
	0x45c1,0x80,
	0x45c2,0x0a,
	0x45c3,0x94,
	0x45c4,0x10,
	0x45c5,0x40,
	0x45c6,0x04,
	0x45dd,0x60,
	0x4602,0x00,
	0x4603,0x11,
	0x460b,0x07,
	0x4640,0x01,
	0x4641,0x00,
	0x4643,0x0c,
	0x4680,0x11,
	0x468e,0x30,
	0x4813,0x10,
	0x4836,0x32,
	0x4916,0x0f,
	0x4918,0x07,
	0x491e,0x02,
	0x491f,0x80,
	0x4a16,0x0f,
	0x4a18,0x07,
	0x4a1e,0x02,
	0x4a1f,0x80,
	0x5000,0x2b,
	0x5001,0x08,
	0x5002,0x00,
	0x5006,0x00,
	0x6a03,0x00,
	0xc200,0xaa,
	0xc210,0x1f,
	0xc211,0x20,
	0xc231,0x02,
	0xc232,0x03,
	0xc233,0x1e,
	0xc245,0x02,
	0xc246,0x03,
	0xc247,0x1e,
	0xc40f,0x07,
	0xc46d,0x55,
	0xc48f,0x3f,
	0xc49c,0x08,
	0xc49e,0x25,
	0xc49f,0x25,
	0xc4a2,0x55,
	0xc4a3,0x55,
	0xc4ae,0x00,
	0xc4af,0x00,
	0xc4b0,0x00,
	0xc4b1,0x00,
	0xc4b2,0x00,
	0xc4c2,0x07,
	0xc4c3,0x07,
	0xc4c4,0x07,
	0xc4c6,0x2c,
	0xc4c7,0x2c,
	0xc4c8,0x2c,
	0xc4c9,0x2c,
	0xc4ca,0x2c,
	0xc4cb,0x2c,
	0xc4ce,0x03,
	0xc4cf,0x01,
	0xc4d0,0x02,
	0xc4d1,0x00,
	0xc4e0,0x07,
	0xc4e1,0x07,
	0xc4e2,0x07,
	0xc4e3,0x1d,
	0xc4e9,0x12,
	0xc4ed,0x07,
	0xc4ee,0x07,
	0xc4fa,0x07,
	0xc4fb,0x07,
	0xc4fe,0x21,
	0xc4ff,0x23,
	0xc50f,0x58,
	0xc51b,0x38,
	0xc51c,0x38,
	0xc51d,0x2c,
	0xc51e,0x2c,
	0xc51f,0x2c,
	0xc520,0x2c,
	0xc521,0x2c,
	0xc526,0x0e,
	0xc527,0x0e,
	0xc528,0x0e,
	0xc529,0x0e,
	0xc52a,0x0e,
	0xc52b,0x0e,
	0xc52c,0x0e,
	0xc52d,0x0e,
	0xc52e,0x0e,
	0xc52f,0x0e,
	0xc530,0x0e,
	0xc531,0x0e,
	0xc533,0x0e,
	0xc534,0x0e,
	0xc535,0x0e,
	0xc5c3,0x48,
	0xc5c4,0x48,
	0xc5c5,0x48,
	0xc5c6,0x48,
	0xc5c7,0x48,
	0xc5c8,0x48,
	0xc5c9,0x48,
	0xc5ca,0x48,
	0xc5cb,0x48,
	0xc5cc,0x48,
	0xc5cd,0x48,
	0xc5ce,0x48,
	0xc5fe,0x04,
	0xc5ff,0x04,
	0x464c,0x01,
	0x4690,0x00,
	0x3501,0x18,
	0x3502,0x00,
	0x3508,0x01,
	0x3509,0x00,
	0x3400,0x04,
	0x3002,0x80,
	0x3008,0x00,
	0x382e,0x49,
	0x368d,0x10,
	0x3841,0x00,
	0x381a,0x04,
	0x381b,0x9d,
	0x381c,0x00,
	0x381d,0x01,
	0x381e,0x00,
	0x381f,0x20,
	0x382a,0x80,
};

// 序号14 - 来源文件：14_OV50E40_1088x612_4C1SCG_10bit_480fps_AG64_20251113.txt
static u16 chagallovx8000wide_setting_14[] = {
	0x0324,0x01,
	0x0325,0x90,
	0x0326,0xd3,
	0x0327,0x05,
	0x0360,0x09,
	0x3025,0x03,
	0x3506,0xf9,
	0x350e,0x21,
	0x350f,0x80,
	0x3546,0xf9,
	0x354e,0x21,
	0x354f,0x80,
	0x3586,0xf9,
	0x358e,0x21,
	0x358f,0x80,
	0x3600,0x07,
	0x3608,0xf0,
	0x360a,0xff,
	0x3616,0x18,
	0x361a,0x56,
	0x361c,0x00,
	0x361e,0x14,
	0x363b,0xc2,
	0x363c,0xcb,
	0x3645,0x10,
	0x3680,0x00,
	0x3682,0x80,
	0x3684,0x00,
	0x3688,0x03,
	0x369a,0x00,
	0x36d0,0x00,
	0x3706,0x25,
	0x3707,0x04,
	0x3709,0x80,
	0x370b,0x4a,
	0x370c,0x04,
	0x3712,0x50,
	0x3714,0x63,
	0x3715,0x00,
	0x3724,0x28,
	0x372a,0x00,
	0x372b,0x00,
	0x374f,0x50,
	0x3755,0x80,
	0x3756,0x00,
	0x3757,0x30,
	0x3758,0x00,
	0x3759,0x50,
	0x375e,0x00,
	0x375f,0x02,
	0x3763,0x08,
	0x376c,0x00,
	0x3780,0x4f,
	0x3781,0x00,
	0x3782,0x01,
	0x3785,0x01,
	0x3786,0x01,
	0x3789,0x01,
	0x378a,0x01,
	0x378d,0x01,
	0x378e,0x01,
	0x3791,0x25,
	0x3793,0x1c,
	0x3795,0x1c,
	0x3797,0x4a,
	0x3799,0x3c,
	0x379b,0x3c,
	0x37a0,0xa8,
	0x37d0,0x66,
	0x37e3,0x30,
	0x3800,0x07,
	0x3801,0x80,
	0x3802,0x07,
	0x3803,0x30,
	0x3804,0x18,
	0x3805,0x9f,
	0x3806,0x10,
	0x3807,0xef,
	0x3808,0x04,
	0x3809,0x40,
	0x380a,0x02,
	0x380b,0x64,
	0x380c,0x00,
	0x380d,0xed,
	0x380e,0x02,
	0x380f,0x92,
	0x3811,0x03,
	0x3813,0x06,
	0x3815,0x31,
	0x3820,0x43,
	0x3821,0x15,
	0x3822,0x10,
	0x3823,0x04,
	0x3828,0x03,
	0x3830,0x05,
	0x3831,0x00,
	0x3837,0x05,
	0x383f,0x08,
	0x384c,0x00,
	0x384d,0xed,
	0x3889,0x04,
	0x388b,0x06,
	0x388c,0x04,
	0x388d,0x40,
	0x388e,0x02,
	0x388f,0x64,
	0x3896,0x00,
	0x3917,0x00,
	0x3981,0x01,
	0x3982,0x20,
	0x398b,0x80,
	0x39ec,0x04,
	0x39ed,0x04,
	0x3a0d,0x05,
	0x3a13,0x05,
	0x3a14,0x05,
	0x3a15,0x01,
	0x3a16,0x00,
	0x3a17,0x00,
	0x3a2a,0x01,
	0x3a2e,0x01,
	0x3a2f,0x01,
	0x3a30,0x01,
	0x3a31,0x01,
	0x3a32,0x01,
	0x3a34,0x01,
	0x3a35,0x01,
	0x3a36,0x01,
	0x3a37,0x01,
	0x3a40,0x01,
	0x3a42,0x01,
	0x3a43,0x01,
	0x3a44,0x01,
	0x3a45,0x01,
	0x3a46,0x01,
	0x3a48,0x01,
	0x3a49,0x01,
	0x3a4a,0x01,
	0x3a4b,0x01,
	0x3a5e,0x50,
	0x3aed,0x3a,
	0x3af1,0x3f,
	0x3afd,0x04,
	0x3afe,0x09,
	0x3aff,0x04,
	0x3b00,0x09,
	0x3b01,0x00,
	0x3b02,0x00,
	0x3b03,0x14,
	0x3b04,0x19,
	0x3b05,0x1d,
	0x3b08,0x1f,
	0x3b14,0x02,
	0x3b15,0x2b,
	0x3b19,0x2b,
	0x3b1a,0x2c,
	0x3b1d,0x00,
	0x3b22,0x2c,
	0x3b25,0x28,
	0x3b2b,0x00,
	0x3b2c,0x00,
	0x3b2d,0x04,
	0x3b32,0x29,
	0x3b33,0x2a,
	0x3b34,0x2a,
	0x3b38,0x22,
	0x3b39,0x25,
	0x3b3a,0x26,
	0x3b3b,0x27,
	0x3b41,0x14,
	0x3b42,0x14,
	0x3b43,0x14,
	0x3b44,0x14,
	0x3b45,0x00,
	0x3b49,0x00,
	0x3b56,0x12,
	0x3b57,0x12,
	0x3b58,0x12,
	0x3b59,0x12,
	0x3b5a,0x1d,
	0x3b5b,0x1d,
	0x3b5c,0x1d,
	0x3b5d,0x1d,
	0x3b82,0x1d,
	0x3ba0,0x25,
	0x3ba1,0x12,
	0x3ba2,0x26,
	0x3bab,0x2c,
	0x3baf,0x58,
	0x3bf2,0x33,
	0x3bfa,0x00,
	0x3bff,0x08,
	0x4010,0x28,
	0x4012,0x8c,
	0x4016,0x07,
	0x4018,0x03,
	0x401e,0x01,
	0x401f,0x20,
	0x40c4,0x07,
	0x40c5,0xff,
	0x40c6,0x07,
	0x40c7,0xff,
	0x4288,0x07,
	0x4505,0x0c,
	0x4506,0x01,
	0x4509,0x05,
	0x450c,0x00,
	0x450d,0x30,
	0x4510,0x00,
	0x4511,0x00,
	0x4512,0x00,
	0x4513,0x00,
	0x4514,0x00,
	0x4515,0x00,
	0x4516,0x00,
	0x4517,0x00,
	0x4518,0x00,
	0x4519,0x00,
	0x451a,0x00,
	0x451b,0x00,
	0x451c,0x00,
	0x451d,0x00,
	0x451e,0x00,
	0x451f,0x00,
	0x4520,0x00,
	0x4521,0x00,
	0x4542,0x00,
	0x4549,0x00,
	0x45c0,0x00,
	0x45c1,0x00,
	0x45c2,0x02,
	0x45c3,0x80,
	0x45c4,0x10,
	0x45c5,0x00,
	0x45c6,0x00,
	0x45dd,0x00,
	0x4602,0x00,
	0x4603,0x11,
	0x460b,0x07,
	0x4640,0x01,
	0x4641,0x00,
	0x4643,0x08,
	0x4680,0x11,
	0x468e,0x30,
	0x4813,0x10,
	0x4836,0x32,
	0x4916,0x07,
	0x4918,0x03,
	0x491e,0x01,
	0x491f,0x20,
	0x4a16,0x07,
	0x4a18,0x03,
	0x4a1e,0x01,
	0x4a1f,0x20,
	0x5000,0xab,
	0x5001,0xca,
	0x5002,0x00,
	0x5006,0x00,
	0x6a03,0x00,
	0xc200,0xaa,
	0xc210,0x1f,
	0xc211,0x20,
	0xc231,0x02,
	0xc232,0x01,
	0xc233,0xd8,
	0xc245,0x02,
	0xc246,0x01,
	0xc247,0xd8,
	0xc40f,0x07,
	0xc46d,0x55,
	0xc48f,0x3f,
	0xc49c,0x08,
	0xc49e,0x25,
	0xc49f,0x25,
	0xc4a2,0x4a,
	0xc4a3,0x4a,
	0xc4ae,0x00,
	0xc4af,0x00,
	0xc4b0,0x00,
	0xc4b1,0x00,
	0xc4b2,0x00,
	0xc4c2,0x07,
	0xc4c3,0x07,
	0xc4c4,0x07,
	0xc4c6,0x2c,
	0xc4c7,0x2c,
	0xc4c8,0x2c,
	0xc4c9,0x2c,
	0xc4ca,0x2c,
	0xc4cb,0x2c,
	0xc4ce,0x03,
	0xc4cf,0x01,
	0xc4d0,0x02,
	0xc4d1,0x00,
	0xc4e0,0x07,
	0xc4e1,0x07,
	0xc4e2,0x07,
	0xc4e3,0x1d,
	0xc4e9,0x12,
	0xc4ed,0x07,
	0xc4ee,0x07,
	0xc4fa,0x07,
	0xc4fb,0x07,
	0xc4fe,0x21,
	0xc4ff,0x23,
	0xc50f,0x58,
	0xc51b,0x38,
	0xc51c,0x38,
	0xc51d,0x2c,
	0xc51e,0x2c,
	0xc51f,0x2c,
	0xc520,0x2c,
	0xc521,0x2c,
	0xc526,0x0e,
	0xc527,0x0e,
	0xc528,0x0e,
	0xc529,0x0e,
	0xc52a,0x0e,
	0xc52b,0x0e,
	0xc52c,0x0e,
	0xc52d,0x0e,
	0xc52e,0x0e,
	0xc52f,0x0e,
	0xc530,0x0e,
	0xc531,0x0e,
	0xc533,0x0e,
	0xc534,0x0e,
	0xc535,0x0e,
	0xc5c3,0x48,
	0xc5c4,0x48,
	0xc5c5,0x48,
	0xc5c6,0x48,
	0xc5c7,0x48,
	0xc5c8,0x48,
	0xc5c9,0x48,
	0xc5ca,0x48,
	0xc5cb,0x48,
	0xc5cc,0x48,
	0xc5cd,0x48,
	0xc5ce,0x48,
	0xc5fe,0x04,
	0xc5ff,0x04,
	0x464c,0x01,
	0x4690,0x00,
	0x3501,0x02,
	0x3502,0x00,
	0x3508,0x01,
	0x3509,0x00,
	0x3400,0x04,
	0x382a,0x80,
};

// 序号15 - 来源文件：15_OV50E40_4096X2304_4C2PlusSCG_10bit_60fps_AG64_PDVC_4096x576_20251113.txt
static u16 chagallovx8000wide_setting_15[] = {
	0x0324,0x01,
	0x0325,0x90,
	0x0326,0xd3,
	0x0327,0x05,
	0x0360,0x09,
	0x3025,0x03,
	0x3506,0xf9,
	0x350e,0x21,
	0x350f,0x80,
	0x3546,0xf9,
	0x354e,0x21,
	0x354f,0x80,
	0x3586,0xf9,
	0x358e,0x21,
	0x358f,0x80,
	0x3600,0x07,
	0x3608,0xf0,
	0x360a,0xff,
	0x3616,0x18,
	0x361a,0x56,
	0x361c,0x00,
	0x361e,0x14,
	0x363b,0xc2,
	0x363c,0xcb,
	0x3645,0x10,
	0x3680,0x00,
	0x3682,0x80,
	0x3684,0x01,
	0x3688,0x01,
	0x369a,0x00,
	0x36d0,0x00,
	0x3706,0x25,
	0x3707,0x04,
	0x3709,0x80,
	0x370b,0x55,
	0x370c,0x04,
	0x3712,0x50,
	0x3714,0x65,
	0x3715,0x00,
	0x3724,0x36,
	0x372a,0x00,
	0x372b,0x00,
	0x374f,0x50,
	0x3755,0x80,
	0x3756,0x00,
	0x3757,0xa0,
	0x3758,0x00,
	0x3759,0x50,
	0x375e,0x3b,
	0x375f,0x02,
	0x3763,0x08,
	0x376c,0x00,
	0x3780,0x4f,
	0x3781,0x00,
	0x3782,0x01,
	0x3785,0x01,
	0x3786,0x01,
	0x3789,0x01,
	0x378a,0x01,
	0x378d,0x01,
	0x378e,0x01,
	0x3791,0x25,
	0x3793,0x1c,
	0x3795,0x1c,
	0x3797,0x55,
	0x3799,0x3c,
	0x379b,0x3c,
	0x37a0,0xa8,
	0x37d0,0x66,
	0x37e3,0x30,
	0x3800,0x00,
	0x3801,0x00,
	0x3802,0x03,
	0x3803,0x00,
	0x3804,0x20,
	0x3805,0x1f,
	0x3806,0x15,
	0x3807,0x1f,
	0x3808,0x10,
	0x3809,0x00,
	0x380a,0x09,
	0x380b,0x00,
	0x380c,0x01,
	0x380d,0x90,
	0x380e,0x0c,
	0x380f,0x34,
	0x3811,0x07,
	0x3813,0x08,
	0x3815,0x11,
	0x3820,0x42,
	0x3821,0x15,
	0x3822,0x10,
	0x3823,0x04,
	0x3828,0x05,
	0x3830,0x07,
	0x3831,0x02,
	0x3837,0x07,
	0x383f,0x08,
	0x384c,0x01,
	0x384d,0x90,
	0x3889,0x08,
	0x388b,0x08,
	0x388c,0x10,
	0x388d,0x00,
	0x388e,0x09,
	0x388f,0x00,
	0x3896,0x00,
	0x3917,0x00,
	0x3981,0x01,
	0x3982,0x20,
	0x398b,0x80,
	0x39ec,0x04,
	0x39ed,0x04,
	0x3a0d,0x05,
	0x3a13,0x05,
	0x3a14,0x05,
	0x3a15,0x01,
	0x3a16,0x00,
	0x3a17,0x00,
	0x3a2a,0x01,
	0x3a2e,0x01,
	0x3a2f,0x01,
	0x3a30,0x01,
	0x3a31,0x01,
	0x3a32,0x01,
	0x3a34,0x01,
	0x3a35,0x01,
	0x3a36,0x01,
	0x3a37,0x01,
	0x3a40,0x01,
	0x3a42,0x01,
	0x3a43,0x01,
	0x3a44,0x01,
	0x3a45,0x01,
	0x3a46,0x01,
	0x3a48,0x01,
	0x3a49,0x01,
	0x3a4a,0x01,
	0x3a4b,0x01,
	0x3a5e,0x50,
	0x3aed,0x3a,
	0x3af1,0x3f,
	0x3afd,0x04,
	0x3afe,0x09,
	0x3aff,0x04,
	0x3b00,0x09,
	0x3b01,0xfb,
	0x3b02,0x02,
	0x3b03,0x14,
	0x3b04,0x19,
	0x3b05,0x1d,
	0x3b08,0x1f,
	0x3b14,0x02,
	0x3b15,0x2b,
	0x3b19,0x2b,
	0x3b1a,0x2c,
	0x3b1d,0x00,
	0x3b22,0x2c,
	0x3b25,0x28,
	0x3b2b,0x00,
	0x3b2c,0x00,
	0x3b2d,0x04,
	0x3b32,0x29,
	0x3b33,0x2a,
	0x3b34,0x2a,
	0x3b38,0x22,
	0x3b39,0x25,
	0x3b3a,0x26,
	0x3b3b,0x27,
	0x3b41,0x07,
	0x3b42,0x07,
	0x3b43,0x07,
	0x3b44,0x07,
	0x3b45,0x00,
	0x3b49,0x00,
	0x3b56,0x12,
	0x3b57,0x12,
	0x3b58,0x12,
	0x3b59,0x12,
	0x3b5a,0x1d,
	0x3b5b,0x1d,
	0x3b5c,0x1d,
	0x3b5d,0x1d,
	0x3b82,0x1d,
	0x3ba0,0x25,
	0x3ba1,0x12,
	0x3ba2,0x26,
	0x3bab,0x2c,
	0x3baf,0x58,
	0x3bf2,0x33,
	0x3bfa,0xa0,
	0x3bff,0x08,
	0x4010,0x28,
	0x4012,0x8c,
	0x4016,0x0f,
	0x4018,0x07,
	0x401e,0x02,
	0x401f,0x80,
	0x40c4,0x02,
	0x40c5,0x00,
	0x40c6,0x04,
	0x40c7,0x00,
	0x4288,0x07,
	0x4505,0x0c,
	0x4506,0x01,
	0x4509,0x15,
	0x450c,0x00,
	0x450d,0x60,
	0x4510,0x07,
	0x4511,0x00,
	0x4512,0x00,
	0x4513,0x00,
	0x4514,0x00,
	0x4515,0x00,
	0x4516,0x00,
	0x4517,0x00,
	0x4518,0x00,
	0x4519,0x00,
	0x451a,0x11,
	0x451b,0xbb,
	0x451c,0x11,
	0x451d,0xbb,
	0x451e,0x11,
	0x451f,0xbb,
	0x4520,0x11,
	0x4521,0xbb,
	0x4542,0x00,
	0x4549,0x00,
	0x45c0,0x0e,
	0x45c1,0x80,
	0x45c2,0x0a,
	0x45c3,0x94,
	0x45c4,0x10,
	0x45c5,0x40,
	0x45c6,0x04,
	0x45dd,0x60,
	0x4602,0x00,
	0x4603,0x11,
	0x460b,0x07,
	0x4640,0x01,
	0x4641,0x00,
	0x4643,0x0c,
	0x4680,0x11,
	0x468e,0x30,
	0x4813,0x10,
	0x4836,0x32,
	0x4916,0x0f,
	0x4918,0x07,
	0x491e,0x02,
	0x491f,0x80,
	0x4a16,0x0f,
	0x4a18,0x07,
	0x4a1e,0x02,
	0x4a1f,0x80,
	0x5000,0x2b,
	0x5001,0x08,
	0x5002,0x00,
	0x5006,0x00,
	0x6a03,0x00,
	0xc200,0xaa,
	0xc210,0x1f,
	0xc211,0x20,
	0xc231,0x02,
	0xc232,0x03,
	0xc233,0x1e,
	0xc245,0x02,
	0xc246,0x03,
	0xc247,0x1e,
	0xc40f,0x07,
	0xc46d,0x55,
	0xc48f,0x3f,
	0xc49c,0x08,
	0xc49e,0x25,
	0xc49f,0x25,
	0xc4a2,0x55,
	0xc4a3,0x55,
	0xc4ae,0x00,
	0xc4af,0x00,
	0xc4b0,0x00,
	0xc4b1,0x00,
	0xc4b2,0x00,
	0xc4c2,0x07,
	0xc4c3,0x07,
	0xc4c4,0x07,
	0xc4c6,0x2c,
	0xc4c7,0x2c,
	0xc4c8,0x2c,
	0xc4c9,0x2c,
	0xc4ca,0x2c,
	0xc4cb,0x2c,
	0xc4ce,0x03,
	0xc4cf,0x01,
	0xc4d0,0x02,
	0xc4d1,0x00,
	0xc4e0,0x07,
	0xc4e1,0x07,
	0xc4e2,0x07,
	0xc4e3,0x1d,
	0xc4e9,0x12,
	0xc4ed,0x07,
	0xc4ee,0x07,
	0xc4fa,0x07,
	0xc4fb,0x07,
	0xc4fe,0x21,
	0xc4ff,0x23,
	0xc50f,0x58,
	0xc51b,0x38,
	0xc51c,0x38,
	0xc51d,0x2c,
	0xc51e,0x2c,
	0xc51f,0x2c,
	0xc520,0x2c,
	0xc521,0x2c,
	0xc526,0x0e,
	0xc527,0x0e,
	0xc528,0x0e,
	0xc529,0x0e,
	0xc52a,0x0e,
	0xc52b,0x0e,
	0xc52c,0x0e,
	0xc52d,0x0e,
	0xc52e,0x0e,
	0xc52f,0x0e,
	0xc530,0x0e,
	0xc531,0x0e,
	0xc533,0x0e,
	0xc534,0x0e,
	0xc535,0x0e,
	0xc5c3,0x48,
	0xc5c4,0x48,
	0xc5c5,0x48,
	0xc5c6,0x48,
	0xc5c7,0x48,
	0xc5c8,0x48,
	0xc5c9,0x48,
	0xc5ca,0x48,
	0xc5cb,0x48,
	0xc5cc,0x48,
	0xc5cd,0x48,
	0xc5ce,0x48,
	0xc5fe,0x04,
	0xc5ff,0x04,
	0x464c,0x01,
	0x4690,0x00,
	0x3501,0x0c,
	0x3502,0x00,
	0x3508,0x01,
	0x3509,0x00,
	0x3400,0x04,
	0x3002,0x80,
	0x3008,0x00,
	0x382e,0x49,
	0x368d,0x10,
	0x3841,0x00,
	0x381a,0x04,
	0x381b,0x9c,
	0x381c,0x00,
	0x381d,0x01,
	0x381e,0x00,
	0x381f,0x20,
	0x382a,0x80,
};

// 序号16 - 来源文件：16_OV50E40_3840x2160_4C2PlusSCG_10bit_60fps_AG64_PDVC_3840x540_20251113.txt
static u16 chagallovx8000wide_setting_16[] = {
	0x0324,0x01,
	0x0325,0x90,
	0x0326,0xd3,
	0x0327,0x05,
	0x0360,0x09,
	0x3025,0x03,
	0x3506,0xf9,
	0x350e,0x21,
	0x350f,0x80,
	0x3546,0xf9,
	0x354e,0x21,
	0x354f,0x80,
	0x3586,0xf9,
	0x358e,0x21,
	0x358f,0x80,
	0x3600,0x47,
	0x3608,0xf1,
	0x360a,0xfb,
	0x3616,0x18,
	0x361a,0x56,
	0x361c,0x00,
	0x361e,0x14,
	0x363b,0xc2,
	0x363c,0xcb,
	0x3645,0x10,
	0x3680,0x00,
	0x3682,0x80,
	0x3684,0x01,
	0x3688,0x01,
	0x369a,0x00,
	0x36d0,0x00,
	0x3706,0x25,
	0x3707,0x04,
	0x3709,0x80,
	0x370b,0x55,
	0x370c,0x04,
	0x3712,0x50,
	0x3714,0x65,
	0x3715,0x00,
	0x3724,0x18,
	0x372a,0x00,
	0x372b,0x00,
	0x374f,0x50,
	0x3755,0x80,
	0x3756,0x00,
	0x3757,0xa0,
	0x3758,0x00,
	0x3759,0x50,
	0x375e,0x3b,
	0x375f,0x02,
	0x3763,0x08,
	0x376c,0x00,
	0x3780,0x4f,
	0x3781,0x00,
	0x3782,0x01,
	0x3785,0x01,
	0x3786,0x01,
	0x3789,0x01,
	0x378a,0x01,
	0x378d,0x01,
	0x378e,0x01,
	0x3791,0x25,
	0x3793,0x1c,
	0x3795,0x1c,
	0x3797,0x55,
	0x3799,0x3c,
	0x379b,0x3c,
	0x37a0,0xa8,
	0x37d0,0x66,
	0x37e3,0x30,
	0x3800,0x01,
	0x3801,0x00,
	0x3802,0x03,
	0x3803,0x90,
	0x3804,0x1f,
	0x3805,0x1f,
	0x3806,0x14,
	0x3807,0x8f,
	0x3808,0x0f,
	0x3809,0x00,
	0x380a,0x08,
	0x380b,0x70,
	0x380c,0x01,
	0x380d,0x90,
	0x380e,0x0c,
	0x380f,0x34,
	0x3811,0x07,
	0x3813,0x08,
	0x3815,0x11,
	0x3820,0x42,
	0x3821,0x15,
	0x3822,0x10,
	0x3823,0x04,
	0x3828,0x05,
	0x3830,0x07,
	0x3831,0x02,
	0x3837,0x07,
	0x383f,0x08,
	0x384c,0x01,
	0x384d,0x90,
	0x3889,0x08,
	0x388b,0x08,
	0x388c,0x0f,
	0x388d,0x00,
	0x388e,0x08,
	0x388f,0x70,
	0x3896,0x00,
	0x3917,0x00,
	0x3981,0x01,
	0x3982,0x20,
	0x398b,0x80,
	0x39ec,0x04,
	0x39ed,0x04,
	0x3a0d,0x05,
	0x3a13,0x05,
	0x3a14,0x05,
	0x3a15,0x01,
	0x3a16,0x00,
	0x3a17,0x00,
	0x3a2a,0x01,
	0x3a2e,0x01,
	0x3a2f,0x01,
	0x3a30,0x01,
	0x3a31,0x01,
	0x3a32,0x01,
	0x3a34,0x01,
	0x3a35,0x01,
	0x3a36,0x01,
	0x3a37,0x01,
	0x3a40,0x01,
	0x3a42,0x01,
	0x3a43,0x01,
	0x3a44,0x01,
	0x3a45,0x01,
	0x3a46,0x01,
	0x3a48,0x01,
	0x3a49,0x01,
	0x3a4a,0x01,
	0x3a4b,0x01,
	0x3a5e,0x50,
	0x3aed,0x3a,
	0x3af1,0x3f,
	0x3afd,0x04,
	0x3afe,0x09,
	0x3aff,0x04,
	0x3b00,0x09,
	0x3b01,0xfb,
	0x3b02,0x02,
	0x3b03,0x14,
	0x3b04,0x19,
	0x3b05,0x1d,
	0x3b08,0x1f,
	0x3b14,0x02,
	0x3b15,0x2b,
	0x3b19,0x2b,
	0x3b1a,0x2c,
	0x3b1d,0x00,
	0x3b22,0x2c,
	0x3b25,0x28,
	0x3b2b,0x00,
	0x3b2c,0x00,
	0x3b2d,0x04,
	0x3b32,0x29,
	0x3b33,0x2a,
	0x3b34,0x2a,
	0x3b38,0x22,
	0x3b39,0x25,
	0x3b3a,0x26,
	0x3b3b,0x27,
	0x3b41,0x07,
	0x3b42,0x07,
	0x3b43,0x07,
	0x3b44,0x07,
	0x3b45,0x00,
	0x3b49,0x00,
	0x3b56,0x12,
	0x3b57,0x12,
	0x3b58,0x12,
	0x3b59,0x12,
	0x3b5a,0x1d,
	0x3b5b,0x1d,
	0x3b5c,0x1d,
	0x3b5d,0x1d,
	0x3b82,0x1d,
	0x3ba0,0x25,
	0x3ba1,0x12,
	0x3ba2,0x26,
	0x3bab,0x2c,
	0x3baf,0x58,
	0x3bf2,0x33,
	0x3bfa,0xa0,
	0x3bff,0x08,
	0x4010,0x28,
	0x4012,0x8c,
	0x4016,0x0f,
	0x4018,0x07,
	0x401e,0x02,
	0x401f,0x80,
	0x40c4,0x02,
	0x40c5,0x00,
	0x40c6,0x04,
	0x40c7,0x00,
	0x4288,0x07,
	0x4505,0x0c,
	0x4506,0x01,
	0x4509,0x15,
	0x450c,0x00,
	0x450d,0x60,
	0x4510,0x07,
	0x4511,0x00,
	0x4512,0x00,
	0x4513,0x00,
	0x4514,0x00,
	0x4515,0x00,
	0x4516,0x00,
	0x4517,0x00,
	0x4518,0x00,
	0x4519,0x00,
	0x451a,0x11,
	0x451b,0xbb,
	0x451c,0x11,
	0x451d,0xbb,
	0x451e,0x11,
	0x451f,0xbb,
	0x4520,0x11,
	0x4521,0xbb,
	0x4542,0x00,
	0x4549,0x00,
	0x45c0,0x0e,
	0x45c1,0x80,
	0x45c2,0x0a,
	0x45c3,0x94,
	0x45c4,0x10,
	0x45c5,0x00,
	0x45c6,0x04,
	0x45dd,0x60,
	0x4602,0x00,
	0x4603,0x11,
	0x460b,0x07,
	0x4640,0x00,
	0x4641,0xf0,
	0x4643,0x0c,
	0x4680,0x11,
	0x468e,0x30,
	0x4813,0x10,
	0x4836,0x32,
	0x4916,0x0f,
	0x4918,0x07,
	0x491e,0x02,
	0x491f,0x80,
	0x4a16,0x0f,
	0x4a18,0x07,
	0x4a1e,0x02,
	0x4a1f,0x80,
	0x5000,0x2b,
	0x5001,0x08,
	0x5002,0x00,
	0x5006,0x00,
	0x6a03,0x00,
	0xc200,0xaa,
	0xc210,0x1f,
	0xc211,0x20,
	0xc231,0x02,
	0xc232,0x03,
	0xc233,0x1e,
	0xc245,0x02,
	0xc246,0x03,
	0xc247,0x1e,
	0xc40f,0x07,
	0xc46d,0x55,
	0xc48f,0x3f,
	0xc49c,0x08,
	0xc49e,0x25,
	0xc49f,0x25,
	0xc4a2,0x55,
	0xc4a3,0x55,
	0xc4ae,0x00,
	0xc4af,0x00,
	0xc4b0,0x00,
	0xc4b1,0x00,
	0xc4b2,0x00,
	0xc4c2,0x07,
	0xc4c3,0x07,
	0xc4c4,0x07,
	0xc4c6,0x2c,
	0xc4c7,0x2c,
	0xc4c8,0x2c,
	0xc4c9,0x2c,
	0xc4ca,0x2c,
	0xc4cb,0x2c,
	0xc4ce,0x03,
	0xc4cf,0x01,
	0xc4d0,0x02,
	0xc4d1,0x00,
	0xc4e0,0x07,
	0xc4e1,0x07,
	0xc4e2,0x07,
	0xc4e3,0x1d,
	0xc4e9,0x12,
	0xc4ed,0x07,
	0xc4ee,0x07,
	0xc4fa,0x07,
	0xc4fb,0x07,
	0xc4fe,0x21,
	0xc4ff,0x23,
	0xc50f,0x58,
	0xc51b,0x38,
	0xc51c,0x38,
	0xc51d,0x2c,
	0xc51e,0x2c,
	0xc51f,0x2c,
	0xc520,0x2c,
	0xc521,0x2c,
	0xc526,0x0e,
	0xc527,0x0e,
	0xc528,0x0e,
	0xc529,0x0e,
	0xc52a,0x0e,
	0xc52b,0x0e,
	0xc52c,0x0e,
	0xc52d,0x0e,
	0xc52e,0x0e,
	0xc52f,0x0e,
	0xc530,0x0e,
	0xc531,0x0e,
	0xc533,0x0e,
	0xc534,0x0e,
	0xc535,0x0e,
	0xc5c3,0x48,
	0xc5c4,0x48,
	0xc5c5,0x48,
	0xc5c6,0x48,
	0xc5c7,0x48,
	0xc5c8,0x48,
	0xc5c9,0x48,
	0xc5ca,0x48,
	0xc5cb,0x48,
	0xc5cc,0x48,
	0xc5cd,0x48,
	0xc5ce,0x48,
	0xc5fe,0x04,
	0xc5ff,0x04,
	0x464c,0x01,
	0x4690,0x00,
	0x3501,0x0c,
	0x3502,0x00,
	0x3508,0x01,
	0x3509,0x00,
	0x3400,0x04,
	0x3002,0x80,
	0x3008,0x00,
	0x382e,0x49,
	0x368d,0x10,
	0x3841,0x00,
	0x381a,0x04,
	0x381b,0x54,
	0x381c,0x00,
	0x381d,0x01,
	0x381e,0x00,
	0x381f,0x20,
	0x382a,0x80,
};

// 序号17 - 来源文件：17_OV50E40_2048x1152_4C2PlusSCG_10bit_120fps_AG64_PDVC_2048x576_20251113.txt
static u16 chagallovx8000wide_setting_17[] = {
	0x0324,0x01,
	0x0325,0x90,
	0x0326,0xd3,
	0x0327,0x05,
	0x0360,0x09,
	0x3025,0x03,
	0x3506,0xf9,
	0x350e,0x21,
	0x350f,0x80,
	0x3546,0xf9,
	0x354e,0x21,
	0x354f,0x80,
	0x3586,0xf9,
	0x358e,0x21,
	0x358f,0x80,
	0x3600,0x07,
	0x3608,0xf0,
	0x360a,0xff,
	0x3616,0x18,
	0x361a,0x56,
	0x361c,0x00,
	0x361e,0x14,
	0x363b,0xc2,
	0x363c,0xcb,
	0x3645,0x10,
	0x3680,0x00,
	0x3682,0x80,
	0x3684,0x01,
	0x3688,0x01,
	0x369a,0x00,
	0x36d0,0x00,
	0x3706,0x25,
	0x3707,0x04,
	0x3709,0x80,
	0x370b,0x55,
	0x370c,0x04,
	0x3712,0x50,
	0x3714,0x63,
	0x3715,0x00,
	0x3724,0x36,
	0x372a,0x00,
	0x372b,0x00,
	0x374f,0x50,
	0x3755,0x80,
	0x3756,0x00,
	0x3757,0xa0,
	0x3758,0x00,
	0x3759,0x50,
	0x375e,0x3b,
	0x375f,0x02,
	0x3763,0x08,
	0x376c,0x00,
	0x3780,0x4f,
	0x3781,0x00,
	0x3782,0x01,
	0x3785,0x01,
	0x3786,0x01,
	0x3789,0x01,
	0x378a,0x01,
	0x378d,0x01,
	0x378e,0x01,
	0x3791,0x25,
	0x3793,0x1c,
	0x3795,0x1c,
	0x3797,0x55,
	0x3799,0x3c,
	0x379b,0x3c,
	0x37a0,0xa8,
	0x37d0,0x66,
	0x37e3,0x30,
	0x3800,0x00,
	0x3801,0x00,
	0x3802,0x03,
	0x3803,0x00,
	0x3804,0x20,
	0x3805,0x1f,
	0x3806,0x15,
	0x3807,0x1f,
	0x3808,0x08,
	0x3809,0x00,
	0x380a,0x04,
	0x380b,0x80,
	0x380c,0x01,
	0x380d,0x90,
	0x380e,0x06,
	0x380f,0x1a,
	0x3811,0x03,
	0x3813,0x04,
	0x3815,0x31,
	0x3820,0x43,
	0x3821,0x15,
	0x3822,0x20,
	0x3823,0x04,
	0x3828,0x03,
	0x3830,0x05,
	0x3831,0x02,
	0x3837,0x05,
	0x383f,0x08,
	0x384c,0x01,
	0x384d,0x90,
	0x3889,0x04,
	0x388b,0x04,
	0x388c,0x08,
	0x388d,0x00,
	0x388e,0x04,
	0x388f,0x80,
	0x3896,0x00,
	0x3917,0x00,
	0x3981,0x01,
	0x3982,0x20,
	0x398b,0x80,
	0x39ec,0x04,
	0x39ed,0x04,
	0x3a0d,0x05,
	0x3a13,0x05,
	0x3a14,0x05,
	0x3a15,0x01,
	0x3a16,0x00,
	0x3a17,0x00,
	0x3a2a,0x01,
	0x3a2e,0x01,
	0x3a2f,0x01,
	0x3a30,0x01,
	0x3a31,0x01,
	0x3a32,0x01,
	0x3a34,0x01,
	0x3a35,0x01,
	0x3a36,0x01,
	0x3a37,0x01,
	0x3a40,0x01,
	0x3a42,0x01,
	0x3a43,0x01,
	0x3a44,0x01,
	0x3a45,0x01,
	0x3a46,0x01,
	0x3a48,0x01,
	0x3a49,0x01,
	0x3a4a,0x01,
	0x3a4b,0x01,
	0x3a5e,0x50,
	0x3aed,0x3a,
	0x3af1,0x3f,
	0x3afd,0x04,
	0x3afe,0x09,
	0x3aff,0x04,
	0x3b00,0x09,
	0x3b01,0xfb,
	0x3b02,0x02,
	0x3b03,0x14,
	0x3b04,0x19,
	0x3b05,0x1d,
	0x3b08,0x1f,
	0x3b14,0x02,
	0x3b15,0x2b,
	0x3b19,0x2b,
	0x3b1a,0x2c,
	0x3b1d,0x00,
	0x3b22,0x2c,
	0x3b25,0x28,
	0x3b2b,0x00,
	0x3b2c,0x00,
	0x3b2d,0x04,
	0x3b32,0x29,
	0x3b33,0x2a,
	0x3b34,0x2a,
	0x3b38,0x22,
	0x3b39,0x25,
	0x3b3a,0x26,
	0x3b3b,0x27,
	0x3b41,0x07,
	0x3b42,0x07,
	0x3b43,0x07,
	0x3b44,0x07,
	0x3b45,0x00,
	0x3b49,0x00,
	0x3b56,0x12,
	0x3b57,0x12,
	0x3b58,0x12,
	0x3b59,0x12,
	0x3b5a,0x1d,
	0x3b5b,0x1d,
	0x3b5c,0x1d,
	0x3b5d,0x1d,
	0x3b82,0x1d,
	0x3ba0,0x25,
	0x3ba1,0x12,
	0x3ba2,0x26,
	0x3bab,0x2c,
	0x3baf,0x58,
	0x3bf2,0x33,
	0x3bfa,0xa0,
	0x3bff,0x08,
	0x4010,0x28,
	0x4012,0x8c,
	0x4016,0x07,
	0x4018,0x03,
	0x401e,0x02,
	0x401f,0x80,
	0x40c4,0x02,
	0x40c5,0x00,
	0x40c6,0x04,
	0x40c7,0x00,
	0x4288,0x07,
	0x4505,0x0c,
	0x4506,0x01,
	0x4509,0x15,
	0x450c,0x00,
	0x450d,0x60,
	0x4510,0x07,
	0x4511,0x00,
	0x4512,0x00,
	0x4513,0x00,
	0x4514,0x00,
	0x4515,0x00,
	0x4516,0x00,
	0x4517,0x00,
	0x4518,0x00,
	0x4519,0x00,
	0x451a,0x11,
	0x451b,0xbb,
	0x451c,0x11,
	0x451d,0xbb,
	0x451e,0x11,
	0x451f,0xbb,
	0x4520,0x11,
	0x4521,0xbb,
	0x4542,0x00,
	0x4549,0x00,
	0x45c0,0x06,
	0x45c1,0x81,
	0x45c2,0x02,
	0x45c3,0x94,
	0x45c4,0x10,
	0x45c5,0x40,
	0x45c6,0x03,
	0x45dd,0x60,
	0x4602,0x00,
	0x4603,0x11,
	0x460b,0x07,
	0x4640,0x00,
	0x4641,0x80,
	0x4643,0x0c,
	0x4680,0x11,
	0x468e,0x30,
	0x4813,0x10,
	0x4836,0x32,
	0x4916,0x07,
	0x4918,0x03,
	0x491e,0x02,
	0x491f,0x80,
	0x4a16,0x07,
	0x4a18,0x03,
	0x4a1e,0x02,
	0x4a1f,0x80,
	0x5000,0xab,
	0x5001,0xca,
	0x5002,0x00,
	0x5006,0x00,
	0x6a03,0x00,
	0xc200,0xaa,
	0xc210,0x1f,
	0xc211,0x20,
	0xc231,0x02,
	0xc232,0x03,
	0xc233,0x1e,
	0xc245,0x02,
	0xc246,0x03,
	0xc247,0x1e,
	0xc40f,0x07,
	0xc46d,0x55,
	0xc48f,0x3f,
	0xc49c,0x08,
	0xc49e,0x25,
	0xc49f,0x25,
	0xc4a2,0x55,
	0xc4a3,0x55,
	0xc4ae,0x00,
	0xc4af,0x00,
	0xc4b0,0x00,
	0xc4b1,0x00,
	0xc4b2,0x00,
	0xc4c2,0x07,
	0xc4c3,0x07,
	0xc4c4,0x07,
	0xc4c6,0x2c,
	0xc4c7,0x2c,
	0xc4c8,0x2c,
	0xc4c9,0x2c,
	0xc4ca,0x2c,
	0xc4cb,0x2c,
	0xc4ce,0x03,
	0xc4cf,0x01,
	0xc4d0,0x02,
	0xc4d1,0x00,
	0xc4e0,0x07,
	0xc4e1,0x07,
	0xc4e2,0x07,
	0xc4e3,0x1d,
	0xc4e9,0x12,
	0xc4ed,0x07,
	0xc4ee,0x07,
	0xc4fa,0x07,
	0xc4fb,0x07,
	0xc4fe,0x21,
	0xc4ff,0x23,
	0xc50f,0x58,
	0xc51b,0x38,
	0xc51c,0x38,
	0xc51d,0x2c,
	0xc51e,0x2c,
	0xc51f,0x2c,
	0xc520,0x2c,
	0xc521,0x2c,
	0xc526,0x0e,
	0xc527,0x0e,
	0xc528,0x0e,
	0xc529,0x0e,
	0xc52a,0x0e,
	0xc52b,0x0e,
	0xc52c,0x0e,
	0xc52d,0x0e,
	0xc52e,0x0e,
	0xc52f,0x0e,
	0xc530,0x0e,
	0xc531,0x0e,
	0xc533,0x0e,
	0xc534,0x0e,
	0xc535,0x0e,
	0xc5c3,0x48,
	0xc5c4,0x48,
	0xc5c5,0x48,
	0xc5c6,0x48,
	0xc5c7,0x48,
	0xc5c8,0x48,
	0xc5c9,0x48,
	0xc5ca,0x48,
	0xc5cb,0x48,
	0xc5cc,0x48,
	0xc5cd,0x48,
	0xc5ce,0x48,
	0xc5fe,0x04,
	0xc5ff,0x04,
	0x464c,0x01,
	0x4690,0x00,
	0x3501,0x05,
	0x3502,0x00,
	0x3508,0x01,
	0x3509,0x00,
	0x3400,0x04,
	0x3002,0x80,
	0x3008,0x00,
	0x382e,0x49,
	0x368d,0x10,
	0x3841,0x00,
	0x381a,0x02,
	0x381b,0x52,
	0x381c,0x00,
	0x381d,0x01,
	0x381e,0x00,
	0x381f,0x20,
	0x382a,0x80,
};

// 序号18 - 来源文件：18_OV50E40_1920x1080_4C1SCG_10bit_240fps_AG64_20251113.txt
static u16 chagallovx8000wide_setting_18[] = {
	0x0324,0x01,
	0x0325,0x90,
	0x0326,0xd3,
	0x0327,0x05,
	0x0360,0x09,
	0x3025,0x03,
	0x3506,0xf9,
	0x350e,0x21,
	0x350f,0x80,
	0x3546,0xf9,
	0x354e,0x21,
	0x354f,0x80,
	0x3586,0xf9,
	0x358e,0x21,
	0x358f,0x80,
	0x3600,0x47,
	0x3608,0xf1,
	0x360a,0xfb,
	0x3616,0x18,
	0x361a,0x56,
	0x361c,0x00,
	0x361e,0x14,
	0x363b,0xc2,
	0x363c,0xcb,
	0x3645,0x10,
	0x3680,0x00,
	0x3682,0x80,
	0x3684,0x00,
	0x3688,0x03,
	0x369a,0x00,
	0x36d0,0x00,
	0x3706,0x25,
	0x3707,0x04,
	0x3709,0x80,
	0x370b,0x4a,
	0x370c,0x04,
	0x3712,0x50,
	0x3714,0x63,
	0x3715,0x00,
	0x3724,0x28,
	0x372a,0x00,
	0x372b,0x00,
	0x374f,0x50,
	0x3755,0x80,
	0x3756,0x00,
	0x3757,0x30,
	0x3758,0x00,
	0x3759,0x50,
	0x375e,0x00,
	0x375f,0x02,
	0x3763,0x08,
	0x376c,0x00,
	0x3780,0x4f,
	0x3781,0x00,
	0x3782,0x01,
	0x3785,0x01,
	0x3786,0x01,
	0x3789,0x01,
	0x378a,0x01,
	0x378d,0x01,
	0x378e,0x01,
	0x3791,0x25,
	0x3793,0x1c,
	0x3795,0x1c,
	0x3797,0x4a,
	0x3799,0x3c,
	0x379b,0x3c,
	0x37a0,0xa8,
	0x37d0,0x66,
	0x37e3,0x30,
	0x3800,0x01,
	0x3801,0x00,
	0x3802,0x03,
	0x3803,0x90,
	0x3804,0x1f,
	0x3805,0x1f,
	0x3806,0x14,
	0x3807,0x8f,
	0x3808,0x07,
	0x3809,0x80,
	0x380a,0x04,
	0x380b,0x38,
	0x380c,0x00,
	0x380d,0xed,
	0x380e,0x05,
	0x380f,0x26,
	0x3811,0x03,
	0x3813,0x04,
	0x3815,0x31,
	0x3820,0x43,
	0x3821,0x15,
	0x3822,0x10,
	0x3823,0x04,
	0x3828,0x03,
	0x3830,0x05,
	0x3831,0x00,
	0x3837,0x05,
	0x383f,0x08,
	0x384c,0x00,
	0x384d,0xed,
	0x3889,0x04,
	0x388b,0x04,
	0x388c,0x07,
	0x388d,0x80,
	0x388e,0x04,
	0x388f,0x38,
	0x3896,0x00,
	0x3917,0x00,
	0x3981,0x01,
	0x3982,0x20,
	0x398b,0x80,
	0x39ec,0x04,
	0x39ed,0x04,
	0x3a0d,0x05,
	0x3a13,0x05,
	0x3a14,0x05,
	0x3a15,0x01,
	0x3a16,0x00,
	0x3a17,0x00,
	0x3a2a,0x01,
	0x3a2e,0x01,
	0x3a2f,0x01,
	0x3a30,0x01,
	0x3a31,0x01,
	0x3a32,0x01,
	0x3a34,0x01,
	0x3a35,0x01,
	0x3a36,0x01,
	0x3a37,0x01,
	0x3a40,0x01,
	0x3a42,0x01,
	0x3a43,0x01,
	0x3a44,0x01,
	0x3a45,0x01,
	0x3a46,0x01,
	0x3a48,0x01,
	0x3a49,0x01,
	0x3a4a,0x01,
	0x3a4b,0x01,
	0x3a5e,0x50,
	0x3aed,0x3a,
	0x3af1,0x3f,
	0x3afd,0x04,
	0x3afe,0x09,
	0x3aff,0x04,
	0x3b00,0x09,
	0x3b01,0x00,
	0x3b02,0x00,
	0x3b03,0x14,
	0x3b04,0x19,
	0x3b05,0x1d,
	0x3b08,0x1f,
	0x3b14,0x02,
	0x3b15,0x2b,
	0x3b19,0x2b,
	0x3b1a,0x2c,
	0x3b1d,0x00,
	0x3b22,0x2c,
	0x3b25,0x28,
	0x3b2b,0x00,
	0x3b2c,0x00,
	0x3b2d,0x04,
	0x3b32,0x29,
	0x3b33,0x2a,
	0x3b34,0x2a,
	0x3b38,0x22,
	0x3b39,0x25,
	0x3b3a,0x26,
	0x3b3b,0x27,
	0x3b41,0x14,
	0x3b42,0x14,
	0x3b43,0x14,
	0x3b44,0x14,
	0x3b45,0x00,
	0x3b49,0x00,
	0x3b56,0x12,
	0x3b57,0x12,
	0x3b58,0x12,
	0x3b59,0x12,
	0x3b5a,0x1d,
	0x3b5b,0x1d,
	0x3b5c,0x1d,
	0x3b5d,0x1d,
	0x3b82,0x1d,
	0x3ba0,0x25,
	0x3ba1,0x12,
	0x3ba2,0x26,
	0x3bab,0x2c,
	0x3baf,0x58,
	0x3bf2,0x33,
	0x3bfa,0x00,
	0x3bff,0x08,
	0x4010,0x28,
	0x4012,0x8c,
	0x4016,0x07,
	0x4018,0x03,
	0x401e,0x01,
	0x401f,0x20,
	0x40c4,0x07,
	0x40c5,0xff,
	0x40c6,0x07,
	0x40c7,0xff,
	0x4288,0x07,
	0x4505,0x0c,
	0x4506,0x01,
	0x4509,0x05,
	0x450c,0x00,
	0x450d,0x30,
	0x4510,0x00,
	0x4511,0x00,
	0x4512,0x00,
	0x4513,0x00,
	0x4514,0x00,
	0x4515,0x00,
	0x4516,0x00,
	0x4517,0x00,
	0x4518,0x00,
	0x4519,0x00,
	0x451a,0x00,
	0x451b,0x00,
	0x451c,0x00,
	0x451d,0x00,
	0x451e,0x00,
	0x451f,0x00,
	0x4520,0x00,
	0x4521,0x00,
	0x4542,0x00,
	0x4549,0x00,
	0x45c0,0x00,
	0x45c1,0x00,
	0x45c2,0x02,
	0x45c3,0x80,
	0x45c4,0x10,
	0x45c5,0x00,
	0x45c6,0x00,
	0x45dd,0x00,
	0x4602,0x00,
	0x4603,0x11,
	0x460b,0x07,
	0x4640,0x01,
	0x4641,0x00,
	0x4643,0x08,
	0x4680,0x11,
	0x468e,0x30,
	0x4813,0x10,
	0x4836,0x32,
	0x4916,0x07,
	0x4918,0x03,
	0x491e,0x01,
	0x491f,0x20,
	0x4a16,0x07,
	0x4a18,0x03,
	0x4a1e,0x01,
	0x4a1f,0x20,
	0x5000,0xab,
	0x5001,0xca,
	0x5002,0x00,
	0x5006,0x00,
	0x6a03,0x00,
	0xc200,0xaa,
	0xc210,0x1f,
	0xc211,0x20,
	0xc231,0x02,
	0xc232,0x01,
	0xc233,0xd8,
	0xc245,0x02,
	0xc246,0x01,
	0xc247,0xd8,
	0xc40f,0x07,
	0xc46d,0x55,
	0xc48f,0x3f,
	0xc49c,0x08,
	0xc49e,0x25,
	0xc49f,0x25,
	0xc4a2,0x4a,
	0xc4a3,0x4a,
	0xc4ae,0x00,
	0xc4af,0x00,
	0xc4b0,0x00,
	0xc4b1,0x00,
	0xc4b2,0x00,
	0xc4c2,0x07,
	0xc4c3,0x07,
	0xc4c4,0x07,
	0xc4c6,0x2c,
	0xc4c7,0x2c,
	0xc4c8,0x2c,
	0xc4c9,0x2c,
	0xc4ca,0x2c,
	0xc4cb,0x2c,
	0xc4ce,0x03,
	0xc4cf,0x01,
	0xc4d0,0x02,
	0xc4d1,0x00,
	0xc4e0,0x07,
	0xc4e1,0x07,
	0xc4e2,0x07,
	0xc4e3,0x1d,
	0xc4e9,0x12,
	0xc4ed,0x07,
	0xc4ee,0x07,
	0xc4fa,0x07,
	0xc4fb,0x07,
	0xc4fe,0x21,
	0xc4ff,0x23,
	0xc50f,0x58,
	0xc51b,0x38,
	0xc51c,0x38,
	0xc51d,0x2c,
	0xc51e,0x2c,
	0xc51f,0x2c,
	0xc520,0x2c,
	0xc521,0x2c,
	0xc526,0x0e,
	0xc527,0x0e,
	0xc528,0x0e,
	0xc529,0x0e,
	0xc52a,0x0e,
	0xc52b,0x0e,
	0xc52c,0x0e,
	0xc52d,0x0e,
	0xc52e,0x0e,
	0xc52f,0x0e,
	0xc530,0x0e,
	0xc531,0x0e,
	0xc533,0x0e,
	0xc534,0x0e,
	0xc535,0x0e,
	0xc5c3,0x48,
	0xc5c4,0x48,
	0xc5c5,0x48,
	0xc5c6,0x48,
	0xc5c7,0x48,
	0xc5c8,0x48,
	0xc5c9,0x48,
	0xc5ca,0x48,
	0xc5cb,0x48,
	0xc5cc,0x48,
	0xc5cd,0x48,
	0xc5ce,0x48,
	0xc5fe,0x04,
	0xc5ff,0x04,
	0x464c,0x01,
	0x4690,0x00,
	0x3501,0x05,
	0x3502,0x00,
	0x3508,0x01,
	0x3509,0x00,
	0x3400,0x04,
	0x382a,0x80,
};

// 序号19 - 来源文件：19_OV50E40_4096X3072_4C2PlusSCG_10bit_24fps_AG64_PDVC_4096x768_20251113.txt
static u16 chagallovx8000wide_setting_19[] = {
	0x0324,0x01,
	0x0325,0x90,
	0x0326,0xd3,
	0x0327,0x05,
	0x0360,0x09,
	0x3025,0x03,
	0x3506,0xf9,
	0x350e,0x21,
	0x350f,0x80,
	0x3546,0xf9,
	0x354e,0x21,
	0x354f,0x80,
	0x3586,0xf9,
	0x358e,0x21,
	0x358f,0x80,
	0x3600,0x07,
	0x3608,0xf0,
	0x360a,0xff,
	0x3616,0x18,
	0x361a,0x56,
	0x361c,0x00,
	0x361e,0x14,
	0x363b,0xc2,
	0x363c,0xcb,
	0x3645,0x10,
	0x3680,0x00,
	0x3682,0x80,
	0x3684,0x01,
	0x3688,0x01,
	0x369a,0x00,
	0x36d0,0x00,
	0x3706,0x25,
	0x3707,0x04,
	0x3709,0x80,
	0x370b,0x55,
	0x370c,0x04,
	0x3712,0x50,
	0x3714,0x65,
	0x3715,0x00,
	0x3724,0x7a,
	0x372a,0x00,
	0x372b,0x00,
	0x374f,0x50,
	0x3755,0x80,
	0x3756,0x00,
	0x3757,0xa0,
	0x3758,0x00,
	0x3759,0x50,
	0x375e,0x3b,
	0x375f,0x02,
	0x3763,0x08,
	0x376c,0x00,
	0x3780,0x4f,
	0x3781,0x00,
	0x3782,0x01,
	0x3785,0x01,
	0x3786,0x01,
	0x3789,0x01,
	0x378a,0x01,
	0x378d,0x01,
	0x378e,0x01,
	0x3791,0x25,
	0x3793,0x1c,
	0x3795,0x1c,
	0x3797,0x55,
	0x3799,0x3c,
	0x379b,0x3c,
	0x37a0,0xa8,
	0x37d0,0x66,
	0x37e3,0x30,
	0x3800,0x00,
	0x3801,0x00,
	0x3802,0x00,
	0x3803,0x00,
	0x3804,0x20,
	0x3805,0x1f,
	0x3806,0x18,
	0x3807,0x1f,
	0x3808,0x10,
	0x3809,0x00,
	0x380a,0x0c,
	0x380b,0x00,
	0x380c,0x01,
	0x380d,0x90,
	0x380e,0x1e,
	0x380f,0x84,
	0x3811,0x07,
	0x3813,0x08,
	0x3815,0x11,
	0x3820,0x42,
	0x3821,0x15,
	0x3822,0x10,
	0x3823,0x04,
	0x3828,0x05,
	0x3830,0x07,
	0x3831,0x02,
	0x3837,0x07,
	0x383f,0x08,
	0x384c,0x01,
	0x384d,0x90,
	0x3889,0x08,
	0x388b,0x08,
	0x388c,0x10,
	0x388d,0x00,
	0x388e,0x0c,
	0x388f,0x00,
	0x3896,0x00,
	0x3917,0x00,
	0x3981,0x01,
	0x3982,0x20,
	0x398b,0x80,
	0x39ec,0x04,
	0x39ed,0x04,
	0x3a0d,0x05,
	0x3a13,0x05,
	0x3a14,0x05,
	0x3a15,0x01,
	0x3a16,0x00,
	0x3a17,0x00,
	0x3a2a,0x01,
	0x3a2e,0x01,
	0x3a2f,0x01,
	0x3a30,0x01,
	0x3a31,0x01,
	0x3a32,0x01,
	0x3a34,0x01,
	0x3a35,0x01,
	0x3a36,0x01,
	0x3a37,0x01,
	0x3a40,0x01,
	0x3a42,0x01,
	0x3a43,0x01,
	0x3a44,0x01,
	0x3a45,0x01,
	0x3a46,0x01,
	0x3a48,0x01,
	0x3a49,0x01,
	0x3a4a,0x01,
	0x3a4b,0x01,
	0x3a5e,0x50,
	0x3aed,0x3a,
	0x3af1,0x3f,
	0x3afd,0x04,
	0x3afe,0x09,
	0x3aff,0x04,
	0x3b00,0x09,
	0x3b01,0xfb,
	0x3b02,0x02,
	0x3b03,0x14,
	0x3b04,0x19,
	0x3b05,0x1d,
	0x3b08,0x1f,
	0x3b14,0x02,
	0x3b15,0x2b,
	0x3b19,0x2b,
	0x3b1a,0x2c,
	0x3b1d,0x00,
	0x3b22,0x2c,
	0x3b25,0x28,
	0x3b2b,0x00,
	0x3b2c,0x00,
	0x3b2d,0x04,
	0x3b32,0x29,
	0x3b33,0x2a,
	0x3b34,0x2a,
	0x3b38,0x22,
	0x3b39,0x25,
	0x3b3a,0x26,
	0x3b3b,0x27,
	0x3b41,0x07,
	0x3b42,0x07,
	0x3b43,0x07,
	0x3b44,0x07,
	0x3b45,0x00,
	0x3b49,0x00,
	0x3b56,0x12,
	0x3b57,0x12,
	0x3b58,0x12,
	0x3b59,0x12,
	0x3b5a,0x1d,
	0x3b5b,0x1d,
	0x3b5c,0x1d,
	0x3b5d,0x1d,
	0x3b82,0x1d,
	0x3ba0,0x25,
	0x3ba1,0x12,
	0x3ba2,0x26,
	0x3bab,0x2c,
	0x3baf,0x58,
	0x3bf2,0x33,
	0x3bfa,0xa0,
	0x3bff,0x08,
	0x4010,0x28,
	0x4012,0x8c,
	0x4016,0x0f,
	0x4018,0x07,
	0x401e,0x02,
	0x401f,0x80,
	0x40c4,0x02,
	0x40c5,0x00,
	0x40c6,0x04,
	0x40c7,0x00,
	0x4288,0x07,
	0x4505,0x0c,
	0x4506,0x01,
	0x4509,0x15,
	0x450c,0x00,
	0x450d,0x60,
	0x4510,0x07,
	0x4511,0x00,
	0x4512,0x00,
	0x4513,0x00,
	0x4514,0x00,
	0x4515,0x00,
	0x4516,0x00,
	0x4517,0x00,
	0x4518,0x00,
	0x4519,0x00,
	0x451a,0x11,
	0x451b,0xbb,
	0x451c,0x11,
	0x451d,0xbb,
	0x451e,0x11,
	0x451f,0xbb,
	0x4520,0x11,
	0x4521,0xbb,
	0x4542,0x00,
	0x4549,0x00,
	0x45c0,0x0e,
	0x45c1,0x80,
	0x45c2,0x0a,
	0x45c3,0x94,
	0x45c4,0x10,
	0x45c5,0x40,
	0x45c6,0x04,
	0x45dd,0x60,
	0x4602,0x00,
	0x4603,0x11,
	0x460b,0x07,
	0x4640,0x01,
	0x4641,0x00,
	0x4643,0x0c,
	0x4680,0x11,
	0x468e,0x30,
	0x4813,0x10,
	0x4836,0x32,
	0x4916,0x0f,
	0x4918,0x07,
	0x491e,0x02,
	0x491f,0x80,
	0x4a16,0x0f,
	0x4a18,0x07,
	0x4a1e,0x02,
	0x4a1f,0x80,
	0x5000,0x2b,
	0x5001,0x08,
	0x5002,0x00,
	0x5006,0x00,
	0x6a03,0x00,
	0xc200,0xaa,
	0xc210,0x1f,
	0xc211,0x20,
	0xc231,0x02,
	0xc232,0x03,
	0xc233,0x1e,
	0xc245,0x02,
	0xc246,0x03,
	0xc247,0x1e,
	0xc40f,0x07,
	0xc46d,0x55,
	0xc48f,0x3f,
	0xc49c,0x08,
	0xc49e,0x25,
	0xc49f,0x25,
	0xc4a2,0x55,
	0xc4a3,0x55,
	0xc4ae,0x00,
	0xc4af,0x00,
	0xc4b0,0x00,
	0xc4b1,0x00,
	0xc4b2,0x00,
	0xc4c2,0x07,
	0xc4c3,0x07,
	0xc4c4,0x07,
	0xc4c6,0x2c,
	0xc4c7,0x2c,
	0xc4c8,0x2c,
	0xc4c9,0x2c,
	0xc4ca,0x2c,
	0xc4cb,0x2c,
	0xc4ce,0x03,
	0xc4cf,0x01,
	0xc4d0,0x02,
	0xc4d1,0x00,
	0xc4e0,0x07,
	0xc4e1,0x07,
	0xc4e2,0x07,
	0xc4e3,0x1d,
	0xc4e9,0x12,
	0xc4ed,0x07,
	0xc4ee,0x07,
	0xc4fa,0x07,
	0xc4fb,0x07,
	0xc4fe,0x21,
	0xc4ff,0x23,
	0xc50f,0x58,
	0xc51b,0x38,
	0xc51c,0x38,
	0xc51d,0x2c,
	0xc51e,0x2c,
	0xc51f,0x2c,
	0xc520,0x2c,
	0xc521,0x2c,
	0xc526,0x0e,
	0xc527,0x0e,
	0xc528,0x0e,
	0xc529,0x0e,
	0xc52a,0x0e,
	0xc52b,0x0e,
	0xc52c,0x0e,
	0xc52d,0x0e,
	0xc52e,0x0e,
	0xc52f,0x0e,
	0xc530,0x0e,
	0xc531,0x0e,
	0xc533,0x0e,
	0xc534,0x0e,
	0xc535,0x0e,
	0xc5c3,0x48,
	0xc5c4,0x48,
	0xc5c5,0x48,
	0xc5c6,0x48,
	0xc5c7,0x48,
	0xc5c8,0x48,
	0xc5c9,0x48,
	0xc5ca,0x48,
	0xc5cb,0x48,
	0xc5cc,0x48,
	0xc5cd,0x48,
	0xc5ce,0x48,
	0xc5fe,0x04,
	0xc5ff,0x04,
	0x464c,0x01,
	0x4690,0x00,
	0x3501,0x1e,
	0x3502,0x00,
	0x3508,0x01,
	0x3509,0x00,
	0x3400,0x04,
	0x382a,0x80,
};

// 序号20 - 来源文件：20_OV50E40_4096x3072_CroppingQuad_10bit_24fps_AG16_PDVC1_2048x768LR_PDVC2_2048x768UD_20251113.txt
static u16 chagallovx8000wide_setting_20[] = {
	0x0324,0x01,
	0x0325,0xf4,
	0x0326,0xd4,
	0x0327,0x0b,
	0x0360,0x09,
	0x3025,0x03,
	0x3506,0x58,
	0x350e,0x00,
	0x350f,0x00,
	0x3546,0x38,
	0x354e,0x00,
	0x354f,0x00,
	0x3586,0x38,
	0x358e,0x00,
	0x358f,0x00,
	0x3600,0xc7,
	0x3608,0xf3,
	0x360a,0xbb,
	0x3616,0x58,
	0x361a,0x56,
	0x361c,0x08,
	0x361e,0x16,
	0x363b,0x14,
	0x363c,0xba,
	0x3645,0x14,
	0x3680,0x00,
	0x3682,0x80,
	0x3684,0x01,
	0x3688,0x03,
	0x369a,0x00,
	0x36d0,0x00,
	0x3706,0x20,
	0x3707,0x04,
	0x3709,0x9d,
	0x370b,0x3e,
	0x370c,0x04,
	0x3712,0x51,
	0x3714,0x74,
	0x3715,0x00,
	0x3724,0x56,
	0x372a,0x00,
	0x372b,0x00,
	0x374f,0x50,
	0x3755,0x70,
	0x3756,0x00,
	0x3757,0x30,
	0x3758,0x00,
	0x3759,0x50,
	0x375e,0x00,
	0x375f,0x02,
	0x3763,0x08,
	0x376c,0x00,
	0x3780,0x4c,
	0x3781,0x00,
	0x3782,0x01,
	0x3785,0x01,
	0x3786,0x01,
	0x3789,0x01,
	0x378a,0x01,
	0x378d,0x01,
	0x378e,0x01,
	0x3791,0x20,
	0x3793,0x1c,
	0x3795,0x1c,
	0x3797,0x3e,
	0x3799,0x3c,
	0x379b,0x3c,
	0x37a0,0x70,
	0x37d0,0x00,
	0x37e3,0x30,
	0x3800,0x08,
	0x3801,0x00,
	0x3802,0x06,
	0x3803,0x00,
	0x3804,0x18,
	0x3805,0x1f,
	0x3806,0x12,
	0x3807,0x1f,
	0x3808,0x10,
	0x3809,0x00,
	0x380a,0x0c,
	0x380b,0x00,
	0x380c,0x01,
	0x380d,0x90,
	0x380e,0x1e,
	0x380f,0x84,
	0x3811,0x0e,
	0x3813,0x10,
	0x3815,0x11,
	0x3820,0x40,
	0x3821,0x04,
	0x3822,0x00,
	0x3823,0x04,
	0x3828,0x14,
	0x3830,0x1c,
	0x3831,0x00,
	0x3837,0x1c,
	0x383f,0x08,
	0x384c,0x01,
	0x384d,0x90,
	0x3889,0x10,
	0x388b,0x10,
	0x388c,0x10,
	0x388d,0x00,
	0x388e,0x0c,
	0x388f,0x00,
	0x3896,0x00,
	0x3917,0x00,
	0x3981,0x01,
	0x3982,0x20,
	0x398b,0x80,
	0x39ec,0x06,
	0x39ed,0x04,
	0x3a0d,0x00,
	0x3a13,0x00,
	0x3a14,0x04,
	0x3a15,0x01,
	0x3a16,0x02,
	0x3a17,0x00,
	0x3a2a,0x01,
	0x3a2e,0x01,
	0x3a2f,0x01,
	0x3a30,0x01,
	0x3a31,0x01,
	0x3a32,0x01,
	0x3a34,0x01,
	0x3a35,0x01,
	0x3a36,0x01,
	0x3a37,0x01,
	0x3a40,0x01,
	0x3a42,0x01,
	0x3a43,0x01,
	0x3a44,0x01,
	0x3a45,0x01,
	0x3a46,0x01,
	0x3a48,0x01,
	0x3a49,0x01,
	0x3a4a,0x01,
	0x3a4b,0x01,
	0x3a5e,0x50,
	0x3aed,0x3a,
	0x3af1,0x3f,
	0x3afd,0x04,
	0x3afe,0x09,
	0x3aff,0x04,
	0x3b00,0x09,
	0x3b01,0x00,
	0x3b02,0x00,
	0x3b03,0x07,
	0x3b04,0x07,
	0x3b05,0x07,
	0x3b08,0x07,
	0x3b14,0x02,
	0x3b15,0x07,
	0x3b19,0x07,
	0x3b1a,0x07,
	0x3b1d,0x00,
	0x3b22,0x07,
	0x3b25,0x07,
	0x3b2b,0x00,
	0x3b2c,0x00,
	0x3b2d,0x04,
	0x3b32,0x07,
	0x3b33,0x07,
	0x3b34,0x07,
	0x3b38,0x07,
	0x3b39,0x07,
	0x3b3a,0x07,
	0x3b3b,0x07,
	0x3b41,0x07,
	0x3b42,0x07,
	0x3b43,0x07,
	0x3b44,0x07,
	0x3b45,0x00,
	0x3b49,0x00,
	0x3b56,0x11,
	0x3b57,0x11,
	0x3b58,0x11,
	0x3b59,0x11,
	0x3b5a,0x11,
	0x3b5b,0x11,
	0x3b5c,0x11,
	0x3b5d,0x11,
	0x3b82,0x11,
	0x3ba0,0x07,
	0x3ba1,0x11,
	0x3ba2,0x07,
	0x3bab,0x2c,
	0x3baf,0x58,
	0x3bf2,0x33,
	0x3bfa,0x00,
	0x3bff,0x08,
	0x4010,0x28,
	0x4012,0xfc,
	0x4016,0x1f,
	0x4018,0x0f,
	0x401e,0x01,
	0x401f,0x30,
	0x40c4,0x07,
	0x40c5,0xff,
	0x40c6,0x07,
	0x40c7,0xff,
	0x4288,0x07,
	0x4505,0x0c,
	0x4506,0x01,
	0x4509,0x05,
	0x450c,0x00,
	0x450d,0x30,
	0x4510,0x03,
	0x4511,0x08,
	0x4512,0x05,
	0x4513,0x05,
	0x4514,0xaf,
	0x4515,0xaf,
	0x4516,0x05,
	0x4517,0x05,
	0x4518,0xaf,
	0x4519,0xaf,
	0x451a,0x11,
	0x451b,0xbb,
	0x451c,0x11,
	0x451d,0xbb,
	0x451e,0x11,
	0x451f,0xbb,
	0x4520,0x11,
	0x4521,0xbb,
	0x4542,0x00,
	0x4549,0x00,
	0x45c0,0x14,
	0x45c1,0x80,
	0x45c2,0x02,
	0x45c3,0x87,
	0x45c4,0x10,
	0x45c5,0x00,
	0x45c6,0x04,
	0x45dd,0x00,
	0x4602,0x00,
	0x4603,0x11,
	0x460b,0x07,
	0x4640,0x00,
	0x4641,0x80,
	0x4643,0x08,
	0x4680,0x11,
	0x468e,0x30,
	0x4813,0x10,
	0x4836,0x32,
	0x4916,0x1f,
	0x4918,0x0f,
	0x491e,0x01,
	0x491f,0x30,
	0x4a16,0x1f,
	0x4a18,0x0f,
	0x4a1e,0x01,
	0x4a1f,0x30,
	0x5000,0x5b,
	0x5001,0x08,
	0x5002,0x00,
	0x5006,0x00,
	0x6a03,0x00,
	0xc200,0x00,
	0xc210,0x00,
	0xc211,0x00,
	0xc231,0x00,
	0xc232,0x01,
	0xc233,0x8f,
	0xc245,0x00,
	0xc246,0x01,
	0xc247,0x8f,
	0xc40f,0x07,
	0xc46d,0x55,
	0xc48f,0x3f,
	0xc49c,0x08,
	0xc49e,0x20,
	0xc49f,0x20,
	0xc4a2,0x3e,
	0xc4a3,0x3e,
	0xc4ae,0x00,
	0xc4af,0x00,
	0xc4b0,0x00,
	0xc4b1,0x00,
	0xc4b2,0x00,
	0xc4c2,0x07,
	0xc4c3,0x07,
	0xc4c4,0x07,
	0xc4c6,0x2a,
	0xc4c7,0x2a,
	0xc4c8,0x35,
	0xc4c9,0x35,
	0xc4ca,0x35,
	0xc4cb,0x35,
	0xc4ce,0x03,
	0xc4cf,0x01,
	0xc4d0,0x00,
	0xc4d1,0x00,
	0xc4e0,0x07,
	0xc4e1,0x07,
	0xc4e2,0x07,
	0xc4e3,0x11,
	0xc4e9,0x11,
	0xc4ed,0x07,
	0xc4ee,0x07,
	0xc4fa,0x07,
	0xc4fb,0x07,
	0xc4fe,0x07,
	0xc4ff,0x07,
	0xc50f,0x58,
	0xc51b,0x38,
	0xc51c,0x38,
	0xc51d,0x2c,
	0xc51e,0x2c,
	0xc51f,0x2c,
	0xc520,0x2c,
	0xc521,0x2c,
	0xc526,0x0e,
	0xc527,0x0e,
	0xc528,0x0e,
	0xc529,0x0e,
	0xc52a,0x0e,
	0xc52b,0x0e,
	0xc52c,0x0e,
	0xc52d,0x0e,
	0xc52e,0x0e,
	0xc52f,0x0e,
	0xc530,0x0e,
	0xc531,0x0e,
	0xc533,0x0e,
	0xc534,0x0e,
	0xc535,0x0e,
	0xc5c3,0x00,
	0xc5c4,0x00,
	0xc5c5,0x00,
	0xc5c6,0x00,
	0xc5c7,0x00,
	0xc5c8,0x00,
	0xc5c9,0x48,
	0xc5ca,0x48,
	0xc5cb,0x40,
	0xc5cc,0x40,
	0xc5cd,0x40,
	0xc5ce,0x40,
	0xc5fe,0x04,
	0xc5ff,0x06,
	0x464c,0x21,
	0x4690,0x0a,
	0x3501,0x1e,
	0x3502,0x00,
	0x3508,0x01,
	0x3509,0x00,
	0x3400,0x04,
	0x3002,0x80,
	0x3008,0x00,
	0x382e,0x49,
	0x368d,0x10,
	0x3841,0x00,
	0x381a,0x0c,
	0x381b,0x64,
	0x381c,0x00,
	0x381d,0x01,
	0x381e,0x00,
	0x381f,0x20,
	0x382a,0x80,
};

// 序号21 - 来源文件：21_OV50E40_2560x1920_Cropping_10bit_24fps_AG16_PDVC1_1280x480LR_PDVC2_1280x480UD_20251113.txt
static u16 chagallovx8000wide_setting_21[] = {
	0x0324,0x01,
	0x0325,0xf4,
	0x0326,0xd4,
	0x0327,0x0b,
	0x0360,0x09,
	0x3025,0x03,
	0x3506,0x58,
	0x350e,0x00,
	0x350f,0x00,
	0x3546,0x38,
	0x354e,0x00,
	0x354f,0x00,
	0x3586,0x38,
	0x358e,0x00,
	0x358f,0x00,
	0x3600,0xc7,
	0x3608,0xf3,
	0x360a,0xbb,
	0x3616,0x58,
	0x361a,0x56,
	0x361c,0x08,
	0x361e,0x16,
	0x363b,0x14,
	0x363c,0xba,
	0x3645,0x14,
	0x3680,0x00,
	0x3682,0x80,
	0x3684,0x01,
	0x3688,0x03,
	0x369a,0x00,
	0x36d0,0x00,
	0x3706,0x20,
	0x3707,0x04,
	0x3709,0x9d,
	0x370b,0x3e,
	0x370c,0x04,
	0x3712,0x51,
	0x3714,0x74,
	0x3715,0x00,
	0x3724,0x30,
	0x372a,0x00,
	0x372b,0x00,
	0x374f,0x50,
	0x3755,0x70,
	0x3756,0x00,
	0x3757,0x30,
	0x3758,0x00,
	0x3759,0x50,
	0x375e,0x00,
	0x375f,0x02,
	0x3763,0x08,
	0x376c,0x00,
	0x3780,0x4c,
	0x3781,0x00,
	0x3782,0x01,
	0x3785,0x01,
	0x3786,0x01,
	0x3789,0x01,
	0x378a,0x01,
	0x378d,0x01,
	0x378e,0x01,
	0x3791,0x20,
	0x3793,0x1c,
	0x3795,0x1c,
	0x3797,0x3e,
	0x3799,0x3c,
	0x379b,0x3c,
	0x37a0,0x70,
	0x37d0,0x00,
	0x37e3,0x30,
	0x3800,0x0b,
	0x3801,0x00,
	0x3802,0x08,
	0x3803,0x40,
	0x3804,0x15,
	0x3805,0x1f,
	0x3806,0x0f,
	0x3807,0xdf,
	0x3808,0x0a,
	0x3809,0x00,
	0x380a,0x07,
	0x380b,0x80,
	0x380c,0x01,
	0x380d,0x90,
	0x380e,0x1e,
	0x380f,0x84,
	0x3811,0x0f,
	0x3813,0x10,
	0x3815,0x11,
	0x3820,0x40,
	0x3821,0x04,
	0x3822,0x00,
	0x3823,0x04,
	0x3828,0x14,
	0x3830,0x1c,
	0x3831,0x00,
	0x3837,0x1c,
	0x383f,0x08,
	0x384c,0x01,
	0x384d,0x90,
	0x3889,0x10,
	0x388b,0x10,
	0x388c,0x0a,
	0x388d,0x00,
	0x388e,0x07,
	0x388f,0x80,
	0x3896,0x00,
	0x3917,0x00,
	0x3981,0x01,
	0x3982,0x20,
	0x398b,0x80,
	0x39ec,0x06,
	0x39ed,0x04,
	0x3a0d,0x00,
	0x3a13,0x00,
	0x3a14,0x04,
	0x3a15,0x01,
	0x3a16,0x02,
	0x3a17,0x00,
	0x3a2a,0x01,
	0x3a2e,0x01,
	0x3a2f,0x01,
	0x3a30,0x01,
	0x3a31,0x01,
	0x3a32,0x01,
	0x3a34,0x01,
	0x3a35,0x01,
	0x3a36,0x01,
	0x3a37,0x01,
	0x3a40,0x01,
	0x3a42,0x01,
	0x3a43,0x01,
	0x3a44,0x01,
	0x3a45,0x01,
	0x3a46,0x01,
	0x3a48,0x01,
	0x3a49,0x01,
	0x3a4a,0x01,
	0x3a4b,0x01,
	0x3a5e,0x50,
	0x3aed,0x3a,
	0x3af1,0x3f,
	0x3afd,0x04,
	0x3afe,0x09,
	0x3aff,0x04,
	0x3b00,0x09,
	0x3b01,0x00,
	0x3b02,0x00,
	0x3b03,0x07,
	0x3b04,0x07,
	0x3b05,0x07,
	0x3b08,0x07,
	0x3b14,0x02,
	0x3b15,0x07,
	0x3b19,0x07,
	0x3b1a,0x07,
	0x3b1d,0x00,
	0x3b22,0x07,
	0x3b25,0x07,
	0x3b2b,0x00,
	0x3b2c,0x00,
	0x3b2d,0x04,
	0x3b32,0x07,
	0x3b33,0x07,
	0x3b34,0x07,
	0x3b38,0x07,
	0x3b39,0x07,
	0x3b3a,0x07,
	0x3b3b,0x07,
	0x3b41,0x07,
	0x3b42,0x07,
	0x3b43,0x07,
	0x3b44,0x07,
	0x3b45,0x00,
	0x3b49,0x00,
	0x3b56,0x11,
	0x3b57,0x11,
	0x3b58,0x11,
	0x3b59,0x11,
	0x3b5a,0x11,
	0x3b5b,0x11,
	0x3b5c,0x11,
	0x3b5d,0x11,
	0x3b82,0x11,
	0x3ba0,0x07,
	0x3ba1,0x11,
	0x3ba2,0x07,
	0x3bab,0x2c,
	0x3baf,0x58,
	0x3bf2,0x33,
	0x3bfa,0x00,
	0x3bff,0x08,
	0x4010,0x28,
	0x4012,0xfc,
	0x4016,0x1f,
	0x4018,0x0f,
	0x401e,0x01,
	0x401f,0x30,
	0x40c4,0x07,
	0x40c5,0xff,
	0x40c6,0x07,
	0x40c7,0xff,
	0x4288,0x07,
	0x4505,0x0c,
	0x4506,0x01,
	0x4509,0x05,
	0x450c,0x00,
	0x450d,0x30,
	0x4510,0x03,
	0x4511,0x08,
	0x4512,0x05,
	0x4513,0x05,
	0x4514,0xaf,
	0x4515,0xaf,
	0x4516,0x05,
	0x4517,0x05,
	0x4518,0xaf,
	0x4519,0xaf,
	0x451a,0x11,
	0x451b,0xbb,
	0x451c,0x11,
	0x451d,0xbb,
	0x451e,0x11,
	0x451f,0xbb,
	0x4520,0x11,
	0x4521,0xbb,
	0x4542,0x00,
	0x4549,0x00,
	0x45c0,0x14,
	0x45c1,0x80,
	0x45c2,0x02,
	0x45c3,0x87,
	0x45c4,0x10,
	0x45c5,0x80,
	0x45c6,0x02,
	0x45dd,0x00,
	0x4602,0x00,
	0x4603,0x11,
	0x460b,0x07,
	0x4640,0x00,
	0x4641,0x50,
	0x4643,0x08,
	0x4680,0x11,
	0x468e,0x30,
	0x4813,0x10,
	0x4836,0x32,
	0x4916,0x1f,
	0x4918,0x0f,
	0x491e,0x01,
	0x491f,0x30,
	0x4a16,0x1f,
	0x4a18,0x0f,
	0x4a1e,0x01,
	0x4a1f,0x30,
	0x5000,0x5b,
	0x5001,0x28,
	0x5002,0x00,
	0x5006,0x00,
	0x6a03,0x00,
	0xc200,0x00,
	0xc210,0x00,
	0xc211,0x00,
	0xc231,0x00,
	0xc232,0x01,
	0xc233,0x8f,
	0xc245,0x00,
	0xc246,0x01,
	0xc247,0x8f,
	0xc40f,0x07,
	0xc46d,0x55,
	0xc48f,0x3f,
	0xc49c,0x08,
	0xc49e,0x20,
	0xc49f,0x20,
	0xc4a2,0x3e,
	0xc4a3,0x3e,
	0xc4ae,0x00,
	0xc4af,0x00,
	0xc4b0,0x00,
	0xc4b1,0x00,
	0xc4b2,0x00,
	0xc4c2,0x07,
	0xc4c3,0x07,
	0xc4c4,0x07,
	0xc4c6,0x2a,
	0xc4c7,0x2a,
	0xc4c8,0x35,
	0xc4c9,0x35,
	0xc4ca,0x35,
	0xc4cb,0x35,
	0xc4ce,0x03,
	0xc4cf,0x01,
	0xc4d0,0x00,
	0xc4d1,0x00,
	0xc4e0,0x07,
	0xc4e1,0x07,
	0xc4e2,0x07,
	0xc4e3,0x11,
	0xc4e9,0x11,
	0xc4ed,0x07,
	0xc4ee,0x07,
	0xc4fa,0x07,
	0xc4fb,0x07,
	0xc4fe,0x07,
	0xc4ff,0x07,
	0xc50f,0x58,
	0xc51b,0x38,
	0xc51c,0x38,
	0xc51d,0x2c,
	0xc51e,0x2c,
	0xc51f,0x2c,
	0xc520,0x2c,
	0xc521,0x2c,
	0xc526,0x0e,
	0xc527,0x0e,
	0xc528,0x0e,
	0xc529,0x0e,
	0xc52a,0x0e,
	0xc52b,0x0e,
	0xc52c,0x0e,
	0xc52d,0x0e,
	0xc52e,0x0e,
	0xc52f,0x0e,
	0xc530,0x0e,
	0xc531,0x0e,
	0xc533,0x0e,
	0xc534,0x0e,
	0xc535,0x0e,
	0xc5c3,0x00,
	0xc5c4,0x00,
	0xc5c5,0x00,
	0xc5c6,0x00,
	0xc5c7,0x00,
	0xc5c8,0x00,
	0xc5c9,0x48,
	0xc5ca,0x48,
	0xc5cb,0x40,
	0xc5cc,0x40,
	0xc5cd,0x40,
	0xc5ce,0x40,
	0xc5fe,0x04,
	0xc5ff,0x06,
	0x464c,0x21,
	0x4690,0x0a,
	0x3501,0x1e,
	0x3502,0x00,
	0x3508,0x01,
	0x3509,0x00,
	0x3400,0x04,
	0x3002,0x80,
	0x3008,0x00,
	0x382e,0x49,
	0x368d,0x10,
	0x3841,0x00,
	0x381a,0x07,
	0x381b,0xec,
	0x381c,0x00,
	0x381d,0x01,
	0x381e,0x00,
	0x381f,0x20,
	0x382a,0x80,
};

// 序号22 - 来源文件：22_OV50E40_7680x4320_Cropping_10bit_30fps_AG16_PDVC1_3840x1080LR_PDVC2_3840x1080UD_20251113.txt
static u16 chagallovx8000wide_setting_22[] = {
	0x0324,0x01,
	0x0325,0xf4,
	0x0326,0xd4,
	0x0327,0x0b,
	0x0360,0x09,
	0x3025,0x03,
	0x3506,0x58,
	0x350e,0x00,
	0x350f,0x00,
	0x3546,0x38,
	0x354e,0x00,
	0x354f,0x00,
	0x3586,0x38,
	0x358e,0x00,
	0x358f,0x00,
	0x3600,0x47,
	0x3608,0xf1,
	0x360a,0xbb,
	0x3616,0x58,
	0x361a,0x56,
	0x361c,0x08,
	0x361e,0x16,
	0x363b,0x14,
	0x363c,0xba,
	0x3645,0x14,
	0x3680,0x00,
	0x3682,0x80,
	0x3684,0x01,
	0x3688,0x03,
	0x369a,0x00,
	0x36d0,0x00,
	0x3706,0x20,
	0x3707,0x04,
	0x3709,0x9d,
	0x370b,0x3e,
	0x370c,0x04,
	0x3712,0x51,
	0x3714,0x74,
	0x3715,0x00,
	0x3724,0x08,
	0x372a,0x00,
	0x372b,0x00,
	0x374f,0x50,
	0x3755,0x70,
	0x3756,0x00,
	0x3757,0x30,
	0x3758,0x00,
	0x3759,0x50,
	0x375e,0x00,
	0x375f,0x02,
	0x3763,0x08,
	0x376c,0x00,
	0x3780,0x4c,
	0x3781,0x00,
	0x3782,0x01,
	0x3785,0x01,
	0x3786,0x01,
	0x3789,0x01,
	0x378a,0x01,
	0x378d,0x01,
	0x378e,0x01,
	0x3791,0x20,
	0x3793,0x1c,
	0x3795,0x1c,
	0x3797,0x3e,
	0x3799,0x3c,
	0x379b,0x3c,
	0x37a0,0x70,
	0x37d0,0x00,
	0x37e3,0x30,
	0x3800,0x01,
	0x3801,0x00,
	0x3802,0x03,
	0x3803,0x90,
	0x3804,0x1f,
	0x3805,0x1f,
	0x3806,0x14,
	0x3807,0x8f,
	0x3808,0x1e,
	0x3809,0x00,
	0x380a,0x10,
	0x380b,0xe0,
	0x380c,0x01,
	0x380d,0x90,
	0x380e,0x18,
	0x380f,0x68,
	0x3811,0x0f,
	0x3813,0x10,
	0x3815,0x11,
	0x3820,0x40,
	0x3821,0x04,
	0x3822,0x00,
	0x3823,0x04,
	0x3828,0x14,
	0x3830,0x1c,
	0x3831,0x00,
	0x3837,0x1c,
	0x383f,0x08,
	0x384c,0x01,
	0x384d,0x90,
	0x3889,0x10,
	0x388b,0x10,
	0x388c,0x1e,
	0x388d,0x00,
	0x388e,0x10,
	0x388f,0xe0,
	0x3896,0x00,
	0x3917,0x00,
	0x3981,0x01,
	0x3982,0x20,
	0x398b,0x80,
	0x39ec,0x06,
	0x39ed,0x04,
	0x3a0d,0x00,
	0x3a13,0x00,
	0x3a14,0x04,
	0x3a15,0x01,
	0x3a16,0x02,
	0x3a17,0x00,
	0x3a2a,0x01,
	0x3a2e,0x01,
	0x3a2f,0x01,
	0x3a30,0x01,
	0x3a31,0x01,
	0x3a32,0x01,
	0x3a34,0x01,
	0x3a35,0x01,
	0x3a36,0x01,
	0x3a37,0x01,
	0x3a40,0x01,
	0x3a42,0x01,
	0x3a43,0x01,
	0x3a44,0x01,
	0x3a45,0x01,
	0x3a46,0x01,
	0x3a48,0x01,
	0x3a49,0x01,
	0x3a4a,0x01,
	0x3a4b,0x01,
	0x3a5e,0x50,
	0x3aed,0x3a,
	0x3af1,0x3f,
	0x3afd,0x04,
	0x3afe,0x09,
	0x3aff,0x04,
	0x3b00,0x09,
	0x3b01,0x00,
	0x3b02,0x00,
	0x3b03,0x07,
	0x3b04,0x07,
	0x3b05,0x07,
	0x3b08,0x07,
	0x3b14,0x02,
	0x3b15,0x07,
	0x3b19,0x07,
	0x3b1a,0x07,
	0x3b1d,0x00,
	0x3b22,0x07,
	0x3b25,0x07,
	0x3b2b,0x00,
	0x3b2c,0x00,
	0x3b2d,0x04,
	0x3b32,0x07,
	0x3b33,0x07,
	0x3b34,0x07,
	0x3b38,0x07,
	0x3b39,0x07,
	0x3b3a,0x07,
	0x3b3b,0x07,
	0x3b41,0x07,
	0x3b42,0x07,
	0x3b43,0x07,
	0x3b44,0x07,
	0x3b45,0x00,
	0x3b49,0x00,
	0x3b56,0x11,
	0x3b57,0x11,
	0x3b58,0x11,
	0x3b59,0x11,
	0x3b5a,0x11,
	0x3b5b,0x11,
	0x3b5c,0x11,
	0x3b5d,0x11,
	0x3b82,0x11,
	0x3ba0,0x07,
	0x3ba1,0x11,
	0x3ba2,0x07,
	0x3bab,0x2c,
	0x3baf,0x58,
	0x3bf2,0x33,
	0x3bfa,0x00,
	0x3bff,0x08,
	0x4010,0x28,
	0x4012,0xfc,
	0x4016,0x1f,
	0x4018,0x0f,
	0x401e,0x01,
	0x401f,0x30,
	0x40c4,0x07,
	0x40c5,0xff,
	0x40c6,0x07,
	0x40c7,0xff,
	0x4288,0x07,
	0x4505,0x0c,
	0x4506,0x01,
	0x4509,0x05,
	0x450c,0x00,
	0x450d,0x30,
	0x4510,0x03,
	0x4511,0x08,
	0x4512,0x05,
	0x4513,0x05,
	0x4514,0xaf,
	0x4515,0xaf,
	0x4516,0x05,
	0x4517,0x05,
	0x4518,0xaf,
	0x4519,0xaf,
	0x451a,0x11,
	0x451b,0xbb,
	0x451c,0x11,
	0x451d,0xbb,
	0x451e,0x11,
	0x451f,0xbb,
	0x4520,0x11,
	0x4521,0xbb,
	0x4542,0x00,
	0x4549,0x00,
	0x45c0,0x14,
	0x45c1,0x80,
	0x45c2,0x02,
	0x45c3,0x87,
	0x45c4,0x10,
	0x45c5,0x80,
	0x45c6,0x07,
	0x45dd,0x00,
	0x4602,0x00,
	0x4603,0x11,
	0x460b,0x07,
	0x4640,0x00,
	0x4641,0xf0,
	0x4643,0x08,
	0x4680,0x11,
	0x468e,0x30,
	0x4813,0x10,
	0x4836,0x32,
	0x4916,0x1f,
	0x4918,0x0f,
	0x491e,0x01,
	0x491f,0x30,
	0x4a16,0x1f,
	0x4a18,0x0f,
	0x4a1e,0x01,
	0x4a1f,0x30,
	0x5000,0x5b,
	0x5001,0x28,
	0x5002,0x00,
	0x5006,0x00,
	0x6a03,0x00,
	0xc200,0x00,
	0xc210,0x00,
	0xc211,0x00,
	0xc231,0x00,
	0xc232,0x01,
	0xc233,0x8f,
	0xc245,0x00,
	0xc246,0x01,
	0xc247,0x8f,
	0xc40f,0x07,
	0xc46d,0x55,
	0xc48f,0x3f,
	0xc49c,0x08,
	0xc49e,0x20,
	0xc49f,0x20,
	0xc4a2,0x3e,
	0xc4a3,0x3e,
	0xc4ae,0x00,
	0xc4af,0x00,
	0xc4b0,0x00,
	0xc4b1,0x00,
	0xc4b2,0x00,
	0xc4c2,0x07,
	0xc4c3,0x07,
	0xc4c4,0x07,
	0xc4c6,0x2a,
	0xc4c7,0x2a,
	0xc4c8,0x35,
	0xc4c9,0x35,
	0xc4ca,0x35,
	0xc4cb,0x35,
	0xc4ce,0x03,
	0xc4cf,0x01,
	0xc4d0,0x00,
	0xc4d1,0x00,
	0xc4e0,0x07,
	0xc4e1,0x07,
	0xc4e2,0x07,
	0xc4e3,0x11,
	0xc4e9,0x11,
	0xc4ed,0x07,
	0xc4ee,0x07,
	0xc4fa,0x07,
	0xc4fb,0x07,
	0xc4fe,0x07,
	0xc4ff,0x07,
	0xc50f,0x58,
	0xc51b,0x38,
	0xc51c,0x38,
	0xc51d,0x2c,
	0xc51e,0x2c,
	0xc51f,0x2c,
	0xc520,0x2c,
	0xc521,0x2c,
	0xc526,0x0e,
	0xc527,0x0e,
	0xc528,0x0e,
	0xc529,0x0e,
	0xc52a,0x0e,
	0xc52b,0x0e,
	0xc52c,0x0e,
	0xc52d,0x0e,
	0xc52e,0x0e,
	0xc52f,0x0e,
	0xc530,0x0e,
	0xc531,0x0e,
	0xc533,0x0e,
	0xc534,0x0e,
	0xc535,0x0e,
	0xc5c3,0x00,
	0xc5c4,0x00,
	0xc5c5,0x00,
	0xc5c6,0x00,
	0xc5c7,0x00,
	0xc5c8,0x00,
	0xc5c9,0x48,
	0xc5ca,0x48,
	0xc5cb,0x40,
	0xc5cc,0x40,
	0xc5cd,0x40,
	0xc5ce,0x40,
	0xc5fe,0x04,
	0xc5ff,0x06,
	0x464c,0x21,
	0x4690,0x0a,
	0x3501,0x18,
	0x3502,0x00,
	0x3508,0x01,
	0x3509,0x00,
	0x3400,0x04,
	0x3002,0x80,
	0x3008,0x00,
	0x382e,0x49,
	0x368d,0x10,
	0x3841,0x00,
	0x381a,0x11,
	0x381b,0x4e,
	0x381c,0x00,
	0x381d,0x01,
	0x381e,0x00,
	0x381f,0x20,
	0x382a,0x80,
};

// 序号23 - 来源文件：23_OV50E40_4096X2304_4C1SCG_10bit_120fps_AG64_20251113.txt
static u16 chagallovx8000wide_setting_23[] = {
	0x0324,0x01,
	0x0325,0x90,
	0x0326,0xd3,
	0x0327,0x05,
	0x0360,0x09,
	0x3025,0x03,
	0x3506,0xf9,
	0x350e,0x21,
	0x350f,0x80,
	0x3546,0xf9,
	0x354e,0x21,
	0x354f,0x80,
	0x3586,0xf9,
	0x358e,0x21,
	0x358f,0x80,
	0x3600,0x07,
	0x3608,0xf0,
	0x360a,0xff,
	0x3616,0x18,
	0x361a,0x56,
	0x361c,0x00,
	0x361e,0x14,
	0x363b,0xc2,
	0x363c,0xcb,
	0x3645,0x10,
	0x3680,0x00,
	0x3682,0x80,
	0x3684,0x00,
	0x3688,0x03,
	0x369a,0x00,
	0x36d0,0x00,
	0x3706,0x25,
	0x3707,0x04,
	0x3709,0x80,
	0x370b,0x4a,
	0x370c,0x04,
	0x3712,0x50,
	0x3714,0x65,
	0x3715,0x00,
	0x3724,0x65,
	0x372a,0x00,
	0x372b,0x00,
	0x374f,0x50,
	0x3755,0x80,
	0x3756,0x00,
	0x3757,0x30,
	0x3758,0x00,
	0x3759,0x50,
	0x375e,0x00,
	0x375f,0x02,
	0x3763,0x08,
	0x376c,0x00,
	0x3780,0x4f,
	0x3781,0x00,
	0x3782,0x01,
	0x3785,0x01,
	0x3786,0x01,
	0x3789,0x01,
	0x378a,0x01,
	0x378d,0x01,
	0x378e,0x01,
	0x3791,0x25,
	0x3793,0x1c,
	0x3795,0x1c,
	0x3797,0x4a,
	0x3799,0x3c,
	0x379b,0x3c,
	0x37a0,0xa8,
	0x37d0,0x66,
	0x37e3,0x30,
	0x3800,0x00,
	0x3801,0x00,
	0x3802,0x03,
	0x3803,0x00,
	0x3804,0x20,
	0x3805,0x1f,
	0x3806,0x15,
	0x3807,0x1f,
	0x3808,0x10,
	0x3809,0x00,
	0x380a,0x09,
	0x380b,0x00,
	0x380c,0x00,
	0x380d,0xed,
	0x380e,0x0a,
	0x380f,0x4c,
	0x3811,0x07,
	0x3813,0x08,
	0x3815,0x11,
	0x3820,0x42,
	0x3821,0x15,
	0x3822,0x00,
	0x3823,0x04,
	0x3828,0x05,
	0x3830,0x07,
	0x3831,0x00,
	0x3837,0x07,
	0x383f,0x08,
	0x384c,0x00,
	0x384d,0xed,
	0x3889,0x08,
	0x388b,0x08,
	0x388c,0x10,
	0x388d,0x00,
	0x388e,0x09,
	0x388f,0x00,
	0x3896,0x00,
	0x3917,0x00,
	0x3981,0x01,
	0x3982,0x20,
	0x398b,0x80,
	0x39ec,0x04,
	0x39ed,0x04,
	0x3a0d,0x05,
	0x3a13,0x05,
	0x3a14,0x05,
	0x3a15,0x01,
	0x3a16,0x00,
	0x3a17,0x00,
	0x3a2a,0x01,
	0x3a2e,0x01,
	0x3a2f,0x01,
	0x3a30,0x01,
	0x3a31,0x01,
	0x3a32,0x01,
	0x3a34,0x01,
	0x3a35,0x01,
	0x3a36,0x01,
	0x3a37,0x01,
	0x3a40,0x01,
	0x3a42,0x01,
	0x3a43,0x01,
	0x3a44,0x01,
	0x3a45,0x01,
	0x3a46,0x01,
	0x3a48,0x01,
	0x3a49,0x01,
	0x3a4a,0x01,
	0x3a4b,0x01,
	0x3a5e,0x50,
	0x3aed,0x3a,
	0x3af1,0x3f,
	0x3afd,0x04,
	0x3afe,0x09,
	0x3aff,0x04,
	0x3b00,0x09,
	0x3b01,0x00,
	0x3b02,0x00,
	0x3b03,0x14,
	0x3b04,0x19,
	0x3b05,0x1d,
	0x3b08,0x1f,
	0x3b14,0x02,
	0x3b15,0x2b,
	0x3b19,0x2b,
	0x3b1a,0x2c,
	0x3b1d,0x00,
	0x3b22,0x2c,
	0x3b25,0x28,
	0x3b2b,0x00,
	0x3b2c,0x00,
	0x3b2d,0x04,
	0x3b32,0x29,
	0x3b33,0x2a,
	0x3b34,0x2a,
	0x3b38,0x22,
	0x3b39,0x25,
	0x3b3a,0x26,
	0x3b3b,0x27,
	0x3b41,0x14,
	0x3b42,0x14,
	0x3b43,0x14,
	0x3b44,0x14,
	0x3b45,0x00,
	0x3b49,0x00,
	0x3b56,0x12,
	0x3b57,0x12,
	0x3b58,0x12,
	0x3b59,0x12,
	0x3b5a,0x1d,
	0x3b5b,0x1d,
	0x3b5c,0x1d,
	0x3b5d,0x1d,
	0x3b82,0x1d,
	0x3ba0,0x25,
	0x3ba1,0x12,
	0x3ba2,0x26,
	0x3bab,0x2c,
	0x3baf,0x58,
	0x3bf2,0x33,
	0x3bfa,0x00,
	0x3bff,0x08,
	0x4010,0x28,
	0x4012,0x8c,
	0x4016,0x0f,
	0x4018,0x07,
	0x401e,0x01,
	0x401f,0x20,
	0x40c4,0x07,
	0x40c5,0xff,
	0x40c6,0x07,
	0x40c7,0xff,
	0x4288,0x07,
	0x4505,0x0c,
	0x4506,0x01,
	0x4509,0x05,
	0x450c,0x00,
	0x450d,0x30,
	0x4510,0x00,
	0x4511,0x00,
	0x4512,0x00,
	0x4513,0x00,
	0x4514,0x00,
	0x4515,0x00,
	0x4516,0x00,
	0x4517,0x00,
	0x4518,0x00,
	0x4519,0x00,
	0x451a,0x00,
	0x451b,0x00,
	0x451c,0x00,
	0x451d,0x00,
	0x451e,0x00,
	0x451f,0x00,
	0x4520,0x00,
	0x4521,0x00,
	0x4542,0x00,
	0x4549,0x00,
	0x45c0,0x00,
	0x45c1,0x00,
	0x45c2,0x02,
	0x45c3,0x80,
	0x45c4,0x10,
	0x45c5,0x00,
	0x45c6,0x00,
	0x45dd,0x00,
	0x4602,0x00,
	0x4603,0x11,
	0x460b,0x07,
	0x4640,0x02,
	0x4641,0x00,
	0x4643,0x08,
	0x4680,0x11,
	0x468e,0x30,
	0x4813,0x10,
	0x4836,0x32,
	0x4916,0x0f,
	0x4918,0x07,
	0x491e,0x01,
	0x491f,0x20,
	0x4a16,0x0f,
	0x4a18,0x07,
	0x4a1e,0x01,
	0x4a1f,0x20,
	0x5000,0x2b,
	0x5001,0x08,
	0x5002,0x00,
	0x5006,0x00,
	0x6a03,0x00,
	0xc200,0xaa,
	0xc210,0x1f,
	0xc211,0x20,
	0xc231,0x02,
	0xc232,0x01,
	0xc233,0xd8,
	0xc245,0x02,
	0xc246,0x01,
	0xc247,0xd8,
	0xc40f,0x07,
	0xc46d,0x55,
	0xc48f,0x3f,
	0xc49c,0x08,
	0xc49e,0x25,
	0xc49f,0x25,
	0xc4a2,0x4a,
	0xc4a3,0x4a,
	0xc4ae,0x00,
	0xc4af,0x00,
	0xc4b0,0x00,
	0xc4b1,0x00,
	0xc4b2,0x00,
	0xc4c2,0x07,
	0xc4c3,0x07,
	0xc4c4,0x07,
	0xc4c6,0x2c,
	0xc4c7,0x2c,
	0xc4c8,0x2c,
	0xc4c9,0x2c,
	0xc4ca,0x2c,
	0xc4cb,0x2c,
	0xc4ce,0x03,
	0xc4cf,0x01,
	0xc4d0,0x02,
	0xc4d1,0x00,
	0xc4e0,0x07,
	0xc4e1,0x07,
	0xc4e2,0x07,
	0xc4e3,0x1d,
	0xc4e9,0x12,
	0xc4ed,0x07,
	0xc4ee,0x07,
	0xc4fa,0x07,
	0xc4fb,0x07,
	0xc4fe,0x21,
	0xc4ff,0x23,
	0xc50f,0x58,
	0xc51b,0x38,
	0xc51c,0x38,
	0xc51d,0x2c,
	0xc51e,0x2c,
	0xc51f,0x2c,
	0xc520,0x2c,
	0xc521,0x2c,
	0xc526,0x0e,
	0xc527,0x0e,
	0xc528,0x0e,
	0xc529,0x0e,
	0xc52a,0x0e,
	0xc52b,0x0e,
	0xc52c,0x0e,
	0xc52d,0x0e,
	0xc52e,0x0e,
	0xc52f,0x0e,
	0xc530,0x0e,
	0xc531,0x0e,
	0xc533,0x0e,
	0xc534,0x0e,
	0xc535,0x0e,
	0xc5c3,0x48,
	0xc5c4,0x48,
	0xc5c5,0x48,
	0xc5c6,0x48,
	0xc5c7,0x48,
	0xc5c8,0x48,
	0xc5c9,0x48,
	0xc5ca,0x48,
	0xc5cb,0x48,
	0xc5cc,0x48,
	0xc5cd,0x48,
	0xc5ce,0x48,
	0xc5fe,0x04,
	0xc5ff,0x04,
	0x464c,0x01,
	0x4690,0x00,
	0x3501,0x0a,
	0x3502,0x00,
	0x3508,0x01,
	0x3509,0x00,
	0x3400,0x04,
	0x382a,0x80,
};

// 序号24 - 来源文件：24_OV50E40_4096X2304_4C2PlusSCG_14bit_30fps_AG64_PDVC_4096x576_20251113.txt
static u16 chagallovx8000wide_setting_24[] = {
	0x0324,0x01,
	0x0325,0x90,
	0x0326,0xd3,
	0x0327,0x05,
	0x0360,0x0b,
	0x3025,0x03,
	0x3506,0xf9,
	0x350e,0x21,
	0x350f,0x80,
	0x3546,0xf9,
	0x354e,0x21,
	0x354f,0x80,
	0x3586,0xf9,
	0x358e,0x21,
	0x358f,0x80,
	0x3600,0x07,
	0x3608,0xf0,
	0x360a,0xff,
	0x3616,0x18,
	0x361a,0x56,
	0x361c,0x00,
	0x361e,0x14,
	0x363b,0xc2,
	0x363c,0xcb,
	0x3645,0x10,
	0x3680,0x00,
	0x3682,0x80,
	0x3684,0x01,
	0x3688,0x01,
	0x369a,0x00,
	0x36d0,0x00,
	0x3706,0x25,
	0x3707,0x04,
	0x3709,0x80,
	0x370b,0x55,
	0x370c,0x04,
	0x3712,0x50,
	0x3714,0x65,
	0x3715,0x00,
	0x3724,0x58,
	0x372a,0x00,
	0x372b,0x00,
	0x374f,0x50,
	0x3755,0x80,
	0x3756,0x00,
	0x3757,0xa0,
	0x3758,0x00,
	0x3759,0x50,
	0x375e,0x3b,
	0x375f,0x02,
	0x3763,0x08,
	0x376c,0x00,
	0x3780,0x4f,
	0x3781,0x00,
	0x3782,0x01,
	0x3785,0x01,
	0x3786,0x01,
	0x3789,0x01,
	0x378a,0x01,
	0x378d,0x01,
	0x378e,0x01,
	0x3791,0x25,
	0x3793,0x1c,
	0x3795,0x1c,
	0x3797,0x55,
	0x3799,0x3c,
	0x379b,0x3c,
	0x37a0,0xa8,
	0x37d0,0x66,
	0x37e3,0x30,
	0x3800,0x00,
	0x3801,0x00,
	0x3802,0x03,
	0x3803,0x00,
	0x3804,0x20,
	0x3805,0x1f,
	0x3806,0x15,
	0x3807,0x1f,
	0x3808,0x10,
	0x3809,0x00,
	0x380a,0x09,
	0x380b,0x00,
	0x380c,0x01,
	0x380d,0x90,
	0x380e,0x18,
	0x380f,0x68,
	0x3811,0x07,
	0x3813,0x08,
	0x3815,0x11,
	0x3820,0x42,
	0x3821,0x15,
	0x3822,0x10,
	0x3823,0x04,
	0x3828,0x05,
	0x3830,0x07,
	0x3831,0x02,
	0x3837,0x07,
	0x383f,0x08,
	0x384c,0x01,
	0x384d,0x90,
	0x3889,0x08,
	0x388b,0x08,
	0x388c,0x10,
	0x388d,0x00,
	0x388e,0x09,
	0x388f,0x00,
	0x3896,0x00,
	0x3917,0x00,
	0x3981,0x01,
	0x3982,0x20,
	0x398b,0x80,
	0x39ec,0x04,
	0x39ed,0x04,
	0x3a0d,0x05,
	0x3a13,0x05,
	0x3a14,0x05,
	0x3a15,0x01,
	0x3a16,0x00,
	0x3a17,0x00,
	0x3a2a,0x01,
	0x3a2e,0x01,
	0x3a2f,0x01,
	0x3a30,0x01,
	0x3a31,0x01,
	0x3a32,0x01,
	0x3a34,0x01,
	0x3a35,0x01,
	0x3a36,0x01,
	0x3a37,0x01,
	0x3a40,0x01,
	0x3a42,0x01,
	0x3a43,0x01,
	0x3a44,0x01,
	0x3a45,0x01,
	0x3a46,0x01,
	0x3a48,0x01,
	0x3a49,0x01,
	0x3a4a,0x01,
	0x3a4b,0x01,
	0x3a5e,0x50,
	0x3aed,0x3a,
	0x3af1,0x3f,
	0x3afd,0x04,
	0x3afe,0x09,
	0x3aff,0x04,
	0x3b00,0x09,
	0x3b01,0xfb,
	0x3b02,0x02,
	0x3b03,0x14,
	0x3b04,0x19,
	0x3b05,0x1d,
	0x3b08,0x1f,
	0x3b14,0x02,
	0x3b15,0x2b,
	0x3b19,0x2b,
	0x3b1a,0x2c,
	0x3b1d,0x00,
	0x3b22,0x2c,
	0x3b25,0x28,
	0x3b2b,0x00,
	0x3b2c,0x00,
	0x3b2d,0x04,
	0x3b32,0x29,
	0x3b33,0x2a,
	0x3b34,0x2a,
	0x3b38,0x22,
	0x3b39,0x25,
	0x3b3a,0x26,
	0x3b3b,0x27,
	0x3b41,0x07,
	0x3b42,0x07,
	0x3b43,0x07,
	0x3b44,0x07,
	0x3b45,0x00,
	0x3b49,0x00,
	0x3b56,0x12,
	0x3b57,0x12,
	0x3b58,0x12,
	0x3b59,0x12,
	0x3b5a,0x1d,
	0x3b5b,0x1d,
	0x3b5c,0x1d,
	0x3b5d,0x1d,
	0x3b82,0x1d,
	0x3ba0,0x25,
	0x3ba1,0x12,
	0x3ba2,0x26,
	0x3bab,0x2c,
	0x3baf,0x58,
	0x3bf2,0x33,
	0x3bfa,0xa0,
	0x3bff,0x08,
	0x4010,0x28,
	0x4012,0x8c,
	0x4016,0x0f,
	0x4018,0x07,
	0x401e,0x02,
	0x401f,0x80,
	0x40c4,0x02,
	0x40c5,0x00,
	0x40c6,0x04,
	0x40c7,0x00,
	0x4288,0x07,
	0x4505,0x0c,
	0x4506,0x01,
	0x4509,0x15,
	0x450c,0x00,
	0x450d,0x60,
	0x4510,0x07,
	0x4511,0x00,
	0x4512,0x00,
	0x4513,0x00,
	0x4514,0x00,
	0x4515,0x00,
	0x4516,0x00,
	0x4517,0x00,
	0x4518,0x00,
	0x4519,0x00,
	0x451a,0x11,
	0x451b,0xbb,
	0x451c,0x11,
	0x451d,0xbb,
	0x451e,0x11,
	0x451f,0xbb,
	0x4520,0x11,
	0x4521,0xbb,
	0x4542,0x00,
	0x4549,0x00,
	0x45c0,0x0e,
	0x45c1,0x80,
	0x45c2,0x0a,
	0x45c3,0x94,
	0x45c4,0x10,
	0x45c5,0x40,
	0x45c6,0x04,
	0x45dd,0x60,
	0x4602,0x00,
	0x4603,0x11,
	0x460b,0x07,
	0x4640,0x01,
	0x4641,0x00,
	0x4643,0x0c,
	0x4680,0x11,
	0x468e,0x30,
	0x4813,0x10,
	0x4836,0x32,
	0x4916,0x0f,
	0x4918,0x07,
	0x491e,0x02,
	0x491f,0x80,
	0x4a16,0x0f,
	0x4a18,0x07,
	0x4a1e,0x02,
	0x4a1f,0x80,
	0x5000,0x2b,
	0x5001,0x08,
	0x5002,0x00,
	0x5006,0x00,
	0x6a03,0x00,
	0xc200,0xaa,
	0xc210,0x1f,
	0xc211,0x20,
	0xc231,0x02,
	0xc232,0x03,
	0xc233,0x1e,
	0xc245,0x02,
	0xc246,0x03,
	0xc247,0x1e,
	0xc40f,0x07,
	0xc46d,0x55,
	0xc48f,0x3f,
	0xc49c,0x08,
	0xc49e,0x25,
	0xc49f,0x25,
	0xc4a2,0x55,
	0xc4a3,0x55,
	0xc4ae,0x00,
	0xc4af,0x00,
	0xc4b0,0x00,
	0xc4b1,0x00,
	0xc4b2,0x00,
	0xc4c2,0x07,
	0xc4c3,0x07,
	0xc4c4,0x07,
	0xc4c6,0x2c,
	0xc4c7,0x2c,
	0xc4c8,0x2c,
	0xc4c9,0x2c,
	0xc4ca,0x2c,
	0xc4cb,0x2c,
	0xc4ce,0x03,
	0xc4cf,0x01,
	0xc4d0,0x02,
	0xc4d1,0x00,
	0xc4e0,0x07,
	0xc4e1,0x07,
	0xc4e2,0x07,
	0xc4e3,0x1d,
	0xc4e9,0x12,
	0xc4ed,0x07,
	0xc4ee,0x07,
	0xc4fa,0x07,
	0xc4fb,0x07,
	0xc4fe,0x21,
	0xc4ff,0x23,
	0xc50f,0x58,
	0xc51b,0x38,
	0xc51c,0x38,
	0xc51d,0x2c,
	0xc51e,0x2c,
	0xc51f,0x2c,
	0xc520,0x2c,
	0xc521,0x2c,
	0xc526,0x0e,
	0xc527,0x0e,
	0xc528,0x0e,
	0xc529,0x0e,
	0xc52a,0x0e,
	0xc52b,0x0e,
	0xc52c,0x0e,
	0xc52d,0x0e,
	0xc52e,0x0e,
	0xc52f,0x0e,
	0xc530,0x0e,
	0xc531,0x0e,
	0xc533,0x0e,
	0xc534,0x0e,
	0xc535,0x0e,
	0xc5c3,0x48,
	0xc5c4,0x48,
	0xc5c5,0x48,
	0xc5c6,0x48,
	0xc5c7,0x48,
	0xc5c8,0x48,
	0xc5c9,0x48,
	0xc5ca,0x48,
	0xc5cb,0x48,
	0xc5cc,0x48,
	0xc5cd,0x48,
	0xc5ce,0x48,
	0xc5fe,0x04,
	0xc5ff,0x04,
	0x464c,0x01,
	0x4690,0x00,
	0x3501,0x18,
	0x3502,0x00,
	0x3508,0x01,
	0x3509,0x00,
	0x3400,0x04,
	0x3002,0x80,
	0x3008,0x00,
	0x382e,0x49,
	0x368d,0x10,
	0x3841,0x00,
	0x381a,0x04,
	0x381b,0x95,
	0x381c,0x00,
	0x381d,0x01,
	0x381e,0x00,
	0x381f,0x20,
	0x382a,0x80,
};

// 序号25 - 来源文件：25_OV50E40_4096x2304_4C2PlusDCGCombineMSB_AG64_14bit_30fps_AG64x_PDVC_4096x576_20251113.txt
static u16 chagallovx8000wide_setting_25[] = {
	0x0324,0x01,
	0x0325,0x90,
	0x0326,0xd3,
	0x0327,0x05,
	0x0360,0x0b,
	0x3025,0x03,
	0x3506,0x50,
	0x350e,0x21,
	0x350f,0x80,
	0x3546,0x50,
	0x354e,0x21,
	0x354f,0x80,
	0x3586,0x50,
	0x358e,0x21,
	0x358f,0x80,
	0x3600,0x07,
	0x3608,0xf0,
	0x360a,0xff,
	0x3616,0x58,
	0x361a,0x56,
	0x361c,0x00,
	0x361e,0x14,
	0x363b,0xc0,
	0x363c,0xc0,
	0x3645,0x10,
	0x3680,0x01,
	0x3682,0x80,
	0x3684,0x01,
	0x3688,0x01,
	0x369a,0x08,
	0x36d0,0x00,
	0x3706,0x27,
	0x3707,0x04,
	0x3709,0xc6,
	0x370b,0x40,
	0x370c,0x04,
	0x3712,0x50,
	0x3714,0x65,
	0x3715,0x00,
	0x3724,0x68,
	0x372a,0x00,
	0x372b,0x00,
	0x374f,0x10,
	0x3755,0x84,
	0x3756,0x00,
	0x3757,0x70,
	0x3758,0x00,
	0x3759,0xf0,
	0x375e,0xcb,
	0x375f,0x22,
	0x3763,0x08,
	0x376c,0x00,
	0x3780,0x4f,
	0x3781,0x03,
	0x3782,0x03,
	0x3785,0x04,
	0x3786,0x04,
	0x3789,0x03,
	0x378a,0x03,
	0x378d,0x04,
	0x378e,0x04,
	0x3791,0x27,
	0x3793,0x5d,
	0x3795,0x5d,
	0x3797,0x40,
	0x3799,0x8d,
	0x379b,0x8d,
	0x37a0,0xc6,
	0x37d0,0x22,
	0x37e3,0x30,
	0x3800,0x00,
	0x3801,0x00,
	0x3802,0x03,
	0x3803,0x00,
	0x3804,0x20,
	0x3805,0x1f,
	0x3806,0x15,
	0x3807,0x1f,
	0x3808,0x10,
	0x3809,0x00,
	0x380a,0x09,
	0x380b,0x00,
	0x380c,0x03,
	0x380d,0x07,
	0x380e,0x0c,
	0x380f,0x98,
	0x3811,0x07,
	0x3813,0x08,
	0x3815,0x11,
	0x3820,0x42,
	0x3821,0x15,
	0x3822,0x10,
	0x3823,0x06,
	0x3828,0x05,
	0x3830,0x07,
	0x3831,0x02,
	0x3837,0x07,
	0x383f,0x08,
	0x384c,0x03,
	0x384d,0x07,
	0x3889,0x08,
	0x388b,0x08,
	0x388c,0x10,
	0x388d,0x00,
	0x388e,0x09,
	0x388f,0x00,
	0x3896,0x00,
	0x3917,0x00,
	0x3981,0x01,
	0x3982,0xe0,
	0x398b,0x00,
	0x39ec,0x04,
	0x39ed,0x04,
	0x3a0d,0x0d,
	0x3a13,0x0d,
	0x3a14,0x0d,
	0x3a15,0x09,
	0x3a16,0x07,
	0x3a17,0x08,
	0x3a2a,0x24,
	0x3a2e,0x24,
	0x3a2f,0x38,
	0x3a30,0x38,
	0x3a31,0x38,
	0x3a32,0x38,
	0x3a34,0x38,
	0x3a35,0x38,
	0x3a36,0x38,
	0x3a37,0x38,
	0x3a40,0x24,
	0x3a42,0x24,
	0x3a43,0x38,
	0x3a44,0x38,
	0x3a45,0x38,
	0x3a46,0x38,
	0x3a48,0x38,
	0x3a49,0x38,
	0x3a4a,0x38,
	0x3a4b,0x38,
	0x3a5e,0x3b,
	0x3aed,0x3a,
	0x3af1,0x3f,
	0x3afd,0x01,
	0x3afe,0x04,
	0x3aff,0x01,
	0x3b00,0x04,
	0x3b01,0xcb,
	0x3b02,0x02,
	0x3b03,0x10,
	0x3b04,0x10,
	0x3b05,0x10,
	0x3b08,0x10,
	0x3b14,0x02,
	0x3b15,0x10,
	0x3b19,0x10,
	0x3b1a,0x10,
	0x3b1d,0x00,
	0x3b22,0x10,
	0x3b25,0x10,
	0x3b2b,0x0f,
	0x3b2c,0x10,
	0x3b2d,0x10,
	0x3b32,0x10,
	0x3b33,0x10,
	0x3b34,0x10,
	0x3b38,0x10,
	0x3b39,0x10,
	0x3b3a,0x10,
	0x3b3b,0x10,
	0x3b41,0x10,
	0x3b42,0x10,
	0x3b43,0x10,
	0x3b44,0x10,
	0x3b45,0x0e,
	0x3b49,0x0e,
	0x3b56,0x13,
	0x3b57,0x13,
	0x3b58,0x13,
	0x3b59,0x13,
	0x3b5a,0x13,
	0x3b5b,0x13,
	0x3b5c,0x13,
	0x3b5d,0x13,
	0x3b82,0x13,
	0x3ba0,0x10,
	0x3ba1,0x13,
	0x3ba2,0x10,
	0x3bab,0x2a,
	0x3baf,0x56,
	0x3bf2,0x33,
	0x3bfa,0xa0,
	0x3bff,0x08,
	0x4010,0x28,
	0x4012,0x8c,
	0x4016,0x0f,
	0x4018,0x07,
	0x401e,0x02,
	0x401f,0x80,
	0x40c4,0x02,
	0x40c5,0x00,
	0x40c6,0x04,
	0x40c7,0x00,
	0x4288,0x07,
	0x4505,0x0c,
	0x4506,0x01,
	0x4509,0x15,
	0x450c,0x00,
	0x450d,0x60,
	0x4510,0x07,
	0x4511,0x00,
	0x4512,0x00,
	0x4513,0x00,
	0x4514,0x00,
	0x4515,0x00,
	0x4516,0x00,
	0x4517,0x00,
	0x4518,0x00,
	0x4519,0x00,
	0x451a,0x11,
	0x451b,0xbb,
	0x451c,0x11,
	0x451d,0xbb,
	0x451e,0x11,
	0x451f,0xbb,
	0x4520,0x11,
	0x4521,0xbb,
	0x4542,0x00,
	0x4549,0x00,
	0x45c0,0x0e,
	0x45c1,0x80,
	0x45c2,0x0a,
	0x45c3,0x94,
	0x45c4,0x10,
	0x45c5,0x40,
	0x45c6,0x04,
	0x45dd,0x60,
	0x4602,0x00,
	0x4603,0x05,
	0x460b,0x07,
	0x4640,0x01,
	0x4641,0x00,
	0x4643,0x0c,
	0x4680,0x11,
	0x468e,0x30,
	0x4813,0x10,
	0x4836,0x32,
	0x4916,0x0f,
	0x4918,0x07,
	0x491e,0x02,
	0x491f,0x80,
	0x4a16,0x0f,
	0x4a18,0x07,
	0x4a1e,0x02,
	0x4a1f,0x80,
	0x5000,0x2b,
	0x5001,0x08,
	0x5002,0x41,
	0x5006,0x06,
	0x6a03,0x41,
	0xc200,0x00,
	0xc210,0x00,
	0xc211,0x00,
	0xc231,0x00,
	0xc232,0x00,
	0xc233,0x00,
	0xc245,0x00,
	0xc246,0x00,
	0xc247,0x00,
	0xc40f,0x10,
	0xc46d,0x00,
	0xc48f,0x00,
	0xc49c,0x1c,
	0xc49e,0x5d,
	0xc49f,0x5d,
	0xc4a2,0x8d,
	0xc4a3,0x8d,
	0xc4ae,0xff,
	0xc4af,0x10,
	0xc4b0,0x10,
	0xc4b1,0x10,
	0xc4b2,0x10,
	0xc4c2,0x77,
	0xc4c3,0x77,
	0xc4c4,0x77,
	0xc4c6,0x18,
	0xc4c7,0x18,
	0xc4c8,0x18,
	0xc4c9,0x18,
	0xc4ca,0x18,
	0xc4cb,0x18,
	0xc4ce,0x0e,
	0xc4cf,0x0a,
	0xc4d0,0x07,
	0xc4d1,0x08,
	0xc4e0,0x10,
	0xc4e1,0x10,
	0xc4e2,0x10,
	0xc4e3,0x13,
	0xc4e9,0x13,
	0xc4ed,0x10,
	0xc4ee,0x10,
	0xc4fa,0x10,
	0xc4fb,0x10,
	0xc4fe,0x10,
	0xc4ff,0x10,
	0xc50f,0x5c,
	0xc51b,0x38,
	0xc51c,0x38,
	0xc51d,0x2a,
	0xc51e,0x2a,
	0xc51f,0x2a,
	0xc520,0x2c,
	0xc521,0x2c,
	0xc526,0x0e,
	0xc527,0x0e,
	0xc528,0x0e,
	0xc529,0x0e,
	0xc52a,0x0e,
	0xc52b,0x0e,
	0xc52c,0x08,
	0xc52d,0x07,
	0xc52e,0x0e,
	0xc52f,0x0e,
	0xc530,0x0e,
	0xc531,0x0e,
	0xc533,0x0b,
	0xc534,0x08,
	0xc535,0x06,
	0xc5c3,0x48,
	0xc5c4,0x48,
	0xc5c5,0x48,
	0xc5c6,0x48,
	0xc5c7,0x48,
	0xc5c8,0x48,
	0xc5c9,0x48,
	0xc5ca,0x48,
	0xc5cb,0x48,
	0xc5cc,0x48,
	0xc5cd,0x48,
	0xc5ce,0x48,
	0xc5fe,0x04,
	0xc5ff,0x04,
	0x464c,0x01,
	0x4690,0x00,
	0x3501,0x0c,
	0x3502,0x00,
	0x3508,0x01,
	0x3509,0x00,
	0x5019,0x00,
	0x501a,0x04,
	0x501b,0x00,
	0x3541,0x0c,
	0x3542,0x00,
	0x3548,0x01,
	0x3549,0x00,
	0x501c,0x00,
	0x501d,0x04,
	0x501e,0x00,
	0x3400,0x04,
	0x3002,0x80,
	0x3008,0x00,
	0x382e,0x49,
	0x368d,0x10,
	0x3841,0x00,
	0x381a,0x04,
	0x381b,0x9c,
	0x381c,0x00,
	0x381d,0x01,
	0x381e,0x00,
	0x381f,0x20,
	0x382a,0x80,
};

// 序号26 - 来源：无对应txt文件（空数组）
static u16 chagallovx8000wide_setting_null_26[] = {
	// 空数组（无配置数据）
};

// 序号27 - 来源：无对应txt文件（空数组）
static u16 chagallovx8000wide_setting_null_27[] = {
	// 空数组（无配置数据）
};

// 序号28 - 来源：无对应txt文件（空数组）
static u16 chagallovx8000wide_setting_null_28[] = {
	// 空数组（无配置数据）
};

// 序号29 - 来源：无对应txt文件（空数组）
static u16 chagallovx8000wide_setting_null_29[] = {
	// 空数组（无配置数据）
};

#endif /* ___CHAGALLOVX8000WIDE_MIPIRAW_SENSOR_SETTING_H_H_H */

//mode 10 :Mode_4 8192x6144_full_bayer_fake14bit_30fps_no_PD_Max_A_gain_15.9375x

/*static u16 chagallovx8000wide_setting_unused_for_mode10_38[] = {
    0x0324,0x01,
    0x0325,0xf5,
    0x0326,0xd4,
    0x0327,0x07,
    0x0360,0x0b,
    0x3025,0x03,
    0x3506,0x58,
    0x350e,0x00,
    0x350f,0x00,
    0x3546,0x38,
    0x354e,0x00,
    0x354f,0x00,
    0x3586,0x38,
    0x358e,0x00,
    0x358f,0x00,
    0x3600,0x07,
    0x3608,0xf0,
    0x360a,0xbf,
    0x3616,0x58,
    0x361a,0x56,
    0x361c,0x08,
    0x361e,0x16,
    0x363b,0x14,
    0x363c,0xba,
    0x3645,0x14,
    0x3680,0x00,
    0x3682,0x80,
    0x3684,0x00,
    0x3688,0x03,
    0x369a,0x00,
    0x36d0,0x00,
    0x3706,0x20,
    0x3707,0x04,
    0x3709,0x9d,
    0x370b,0x3e,
    0x370c,0x04,
    0x3712,0x51,
    0x3714,0x74,
    0x3715,0x00,
    0x3724,0x6e,
    0x372a,0x00,
    0x372b,0x00,
    0x374f,0x50,
    0x3755,0x70,
    0x3756,0x00,
    0x3757,0x40,
    0x3758,0x00,
    0x3759,0x50,
    0x375e,0x00,
    0x375f,0x02,
    0x3763,0x08,
    0x376c,0x00,
    0x3780,0x4c,
    0x3781,0x00,
    0x3782,0x01,
    0x3785,0x01,
    0x3786,0x01,
    0x3789,0x01,
    0x378a,0x01,
    0x378d,0x01,
    0x378e,0x01,
    0x3791,0x20,
    0x3793,0x1c,
    0x3795,0x1c,
    0x3797,0x3e,
    0x3799,0x3c,
    0x379b,0x3c,
    0x37a0,0x70,
    0x37d0,0x00,
    0x37e3,0x30,
    0x3800,0x00,
    0x3801,0x00,
    0x3802,0x00,
    0x3803,0x00,
    0x3804,0x20,
    0x3805,0x1f,
    0x3806,0x18,
    0x3807,0x1f,
    0x3808,0x20,
    0x3809,0x00,
    0x380a,0x18,
    0x380b,0x00,
    0x380c,0x01,
    0x380d,0x90,
    0x380e,0x18,
    0x380f,0x6c,
    0x3810,0x00,
    0x3811,0x0f,
    0x3813,0x10,
    0x3815,0x11,
    0x3820,0x40,
    0x3821,0x04,
    0x3822,0x00,
    0x3823,0x04,
    0x3828,0x14,
    0x3830,0x1c,
    0x3831,0x00,
    0x3837,0x1c,
    0x383f,0x08,
    0x384c,0x01,
    0x384d,0x90,
    0x3888,0x00,
    0x3889,0x10,
    0x388b,0x10,
    0x388c,0x20,
    0x388d,0x00,
    0x388e,0x18,
    0x388f,0x00,
    0x3896,0x00,
    0x3917,0x00,
    0x3981,0x01,
    0x3982,0x20,
    0x398b,0x80,
    0x39ec,0x06,
    0x39ed,0x04,
    0x3a0d,0x00,
    0x3a13,0x00,
    0x3a14,0x04,
    0x3a15,0x01,
    0x3a16,0x02,
    0x3a17,0x00,
    0x3a2a,0x01,
    0x3a2e,0x01,
    0x3a2f,0x01,
    0x3a30,0x01,
    0x3a31,0x01,
    0x3a32,0x01,
    0x3a34,0x01,
    0x3a35,0x01,
    0x3a36,0x01,
    0x3a37,0x01,
    0x3a40,0x01,
    0x3a42,0x01,
    0x3a43,0x01,
    0x3a44,0x01,
    0x3a45,0x01,
    0x3a46,0x01,
    0x3a48,0x01,
    0x3a49,0x01,
    0x3a4a,0x01,
    0x3a4b,0x01,
    0x3a5e,0x50,
    0x3aed,0x3a,
    0x3af1,0x3f,
    0x3afd,0x04,
    0x3afe,0x09,
    0x3aff,0x04,
    0x3b00,0x09,
    0x3b01,0x00,
    0x3b02,0x00,
    0x3b03,0x07,
    0x3b04,0x07,
    0x3b05,0x07,
    0x3b08,0x07,
    0x3b14,0x02,
    0x3b15,0x07,
    0x3b19,0x07,
    0x3b1a,0x07,
    0x3b1d,0x00,
    0x3b22,0x07,
    0x3b25,0x07,
    0x3b2b,0x00,
    0x3b2c,0x00,
    0x3b2d,0x04,
    0x3b32,0x07,
    0x3b33,0x07,
    0x3b34,0x07,
    0x3b38,0x07,
    0x3b39,0x07,
    0x3b3a,0x07,
    0x3b3b,0x07,
    0x3b41,0x07,
    0x3b42,0x07,
    0x3b43,0x07,
    0x3b44,0x07,
    0x3b45,0x00,
    0x3b49,0x00,
    0x3b56,0x11,
    0x3b57,0x11,
    0x3b58,0x11,
    0x3b59,0x11,
    0x3b5a,0x11,
    0x3b5b,0x11,
    0x3b5c,0x11,
    0x3b5d,0x11,
    0x3b82,0x11,
    0x3ba0,0x07,
    0x3ba1,0x11,
    0x3ba2,0x07,
    0x3bab,0x2c,
    0x3baf,0x58,
    0x3bf2,0x33,
    0x3bfa,0x00,
    0x3bff,0x08,
    0x4010,0x28,
    0x4012,0xfc,
    0x4016,0x1f,
    0x4018,0x0f,
    0x401e,0x01,
    0x401f,0x30,
    0x40c4,0x07,
    0x40c5,0xff,
    0x40c6,0x07,
    0x40c7,0xff,
    0x4288,0x07,
    0x4505,0x0c,
    0x4506,0x01,
    0x4509,0x05,
    0x450c,0x00,
    0x450d,0x30,
    0x4510,0x03,
    0x4511,0x08,
    0x4512,0x05,
    0x4513,0x05,
    0x4514,0xaf,
    0x4515,0xaf,
    0x4516,0x05,
    0x4517,0x05,
    0x4518,0xaf,
    0x4519,0xaf,
    0x451a,0x11,
    0x451b,0xbb,
    0x451c,0x11,
    0x451d,0xbb,
    0x451e,0x11,
    0x451f,0xbb,
    0x4520,0x11,
    0x4521,0xbb,
    0x4542,0x00,
    0x4549,0x00,
    0x45c0,0x1c,
    0x45c1,0x80,
    0x45c2,0x0a,
    0x45c3,0x84,
    0x45c4,0x10,
    0x45c5,0x00,
    0x45c6,0x08,
    0x45dd,0x00,
    0x4602,0x00,
    0x4603,0x11,
    0x460b,0x07,
    0x4640,0x01,
    0x4641,0x00,
    0x4643,0x08,
    0x4680,0x11,
    0x468e,0x30,
    0x4813,0x10,
    0x4836,0x32,
    0x4916,0x1f,
    0x4918,0x0f,
    0x491e,0x01,
    0x491f,0x30,
    0x4a16,0x1f,
    0x4a18,0x0f,
    0x4a1e,0x01,
    0x4a1f,0x30,
    0x5000,0x5b,
    0x5001,0x28,
    0x5002,0x00,
    0x5006,0x00,
    0x5154,0x04,
    0x5155,0x04,
    0x5156,0x04,
    0x5157,0x04,
    0x6a03,0x00,
    0xc200,0x00,
    0xc210,0x00,
    0xc211,0x00,
    0xc231,0x00,
    0xc232,0x01,
    0xc233,0x8f,
    0xc245,0x00,
    0xc246,0x01,
    0xc247,0x8f,
    0xc40f,0x07,
    0xc46d,0x55,
    0xc48f,0x3f,
    0xc49c,0x08,
    0xc49e,0x20,
    0xc49f,0x20,
    0xc4a2,0x3e,
    0xc4a3,0x3e,
    0xc4ae,0x00,
    0xc4af,0x00,
    0xc4b0,0x00,
    0xc4b1,0x00,
    0xc4b2,0x00,
    0xc4c2,0x07,
    0xc4c3,0x07,
    0xc4c4,0x07,
    0xc4c6,0x2a,
    0xc4c7,0x2a,
    0xc4c8,0x35,
    0xc4c9,0x35,
    0xc4ca,0x35,
    0xc4cb,0x35,
    0xc4ce,0x03,
    0xc4cf,0x01,
    0xc4d0,0x00,
    0xc4d1,0x00,
    0xc4e0,0x07,
    0xc4e1,0x07,
    0xc4e2,0x07,
    0xc4e3,0x11,
    0xc4e9,0x11,
    0xc4ed,0x07,
    0xc4ee,0x07,
    0xc4fa,0x07,
    0xc4fb,0x07,
    0xc4fe,0x07,
    0xc4ff,0x07,
    0xc50f,0x58,
    0xc51b,0x38,
    0xc51c,0x38,
    0xc51d,0x2c,
    0xc51e,0x2c,
    0xc51f,0x2c,
    0xc520,0x2c,
    0xc521,0x2c,
    0xc526,0x0e,
    0xc527,0x0e,
    0xc528,0x0e,
    0xc529,0x0e,
    0xc52a,0x0e,
    0xc52b,0x0e,
    0xc52c,0x0e,
    0xc52d,0x0e,
    0xc52e,0x0e,
    0xc52f,0x0e,
    0xc530,0x0e,
    0xc531,0x0e,
    0xc533,0x0e,
    0xc534,0x0e,
    0xc535,0x0e,
    0xc5c3,0x00,
    0xc5c4,0x00,
    0xc5c5,0x00,
    0xc5c6,0x00,
    0xc5c7,0x00,
    0xc5c8,0x00,
    0xc5c9,0x48,
    0xc5ca,0x48,
    0xc5cb,0x40,
    0xc5cc,0x40,
    0xc5cd,0x40,
    0xc5ce,0x40,
    0xc5fe,0x04,
    0xc5ff,0x06,
    0x464c,0x01,
    0x4690,0x00,

    //vsync disable
    0x3002, 0x00,
    0x3008, 0x00,
    0x382e, 0x49,
    0x368d, 0x10,
    0x3841, 0x00,
    0x381a, 0x06,
    0x381b, 0x1b,
    0x381c, 0x00,
    0x381d, 0x10,
    0x381e, 0x00,
    0x381f, 0x20,

    0x3501,0x18,
    0x3502,0x00,
    0x3508,0x01,
    0x3509,0x00,
    0x3400,0x04,
};
*/

u16 chagallovx8000wide_stream_on[] = {
    0x3208,	0x00,
    0x3a88,	0x44,
    0x3bd7,	0xc8,
    0x3bdc,	0x42,
    0x3be5,	0x01,
    0x392e,	0x5a,
    0x3208,	0x10,
    0x3208,	0x01,
    0x3a88,	0x04,
    0x3bd7,	0x48,
    0x3bdc,	0x02,
    0x3be5,	0x00,
    0x392e,	0x0a,
    0x3208,	0x11,
    0x320d,	0x01,
    0x3209,	0x01,
    0x320a,	0x01,
    0x320d,	0x91,
    0x320e,	0xa0,
    0x0100,	0x01,
};

u16 chagallovx8000wide_stream_off[] = {
    0x0100,	0x00,
    0x320d,	0x01,
    0x3208,	0x01,
    0x300a,	0x00,
    0x3208,	0x11,
    0x3208,	0x00,
    0x300a,	0x00,
    0x3208,	0x10,
    0x3208,	0x02,
    0x300a,	0x00,
    0x3208,	0x12,
};

//Except stagger2 mode ,other mode is linear mode
u16 chagallovx8000wide_seamless_switch_linear2other_step1[] = {
	0x3208, 0x01,
	0x3016, 0xf3,
	0x3014, 0xf1,
	0x3017, 0xf2,
	0x301f, 0x9b,
	0x382e, 0x49,
};

u16 chagallovx8000wide_seamless_switch_linear2other_step2[] = {
	0x301f, 0x98,
	0x3017, 0xf0,
	0x3014, 0xf0,
	0x3046, 0x01,
	0x3a88, 0x44,
	0x3bd7, 0xc8,
	0x3bdc, 0x40,
	0x3be5, 0x01,
	0x392e, 0x5a,
	0x3016, 0xf3,
	0x3016, 0xf0,
	0x3208, 0x11,

	0x3208, 0x02,
	0x3a88, 0x04,
	0x3bd7, 0x48,
	0x3bdc, 0x00,
	0x3be5, 0x00,
	0x392e, 0x0a,
	0x3208, 0x12,

	0x320d, 0x01,
	0x3209, 0x00,
	0x320a, 0x01,
	0x320b, 0x01,
	0x320d, 0x92,
	0x320e, 0xa1,
};

u16 chagallovx8000wide_seamless_switch_stagger2linear_step1[] = {//staggertolinear
	0x382e, 0x40,
	0x383f, 0x00,
	0x3208, 0x01,
	0x3016, 0xf3,
	0x3014, 0xf1,
	0x3017, 0xf2,
	0x301f, 0x9b,
	0x382e, 0x49,
};

u16 chagallovx8000wide_seamless_switch_stagger2linear_step2[] = {
	0x301f, 0x98,
	0x3017, 0xf0,
	0x3014, 0xf0,
	0x3046, 0x01,
	0x3a88, 0x44,
	0x3bd7, 0xc8,
	0x3bdc, 0x40,
	0x3be5, 0x01,
	0x392e, 0x5a,
	0x3016, 0xf3,
	0x3016, 0xf0,
	0x3208, 0x11,

	0x3208, 0x02,
	0x3a88, 0x04,
	0x3bd7, 0x48,
	0x3bdc, 0x00,
	0x3be5, 0x00,
	0x392e, 0x0a,
	0x3208, 0x12,

	0x320d, 0x01,
	0x3209, 0x00,
	0x320a, 0x01,
	0x320b, 0x01,
	0x320d, 0x92,
	0x320e, 0xa1,
};
