/* SPDX-License-Identifier: GPL-2.0 */
/*
 * Copyright (c) 2019 MediaTek Inc.
 */
/*****************************************************************************
 *
 * Filename:
 * ---------
 *	 chagalls5kjn5tele_Sensor_setting.h
 *
 * Project:
 * --------
 * Description:
 * ------------
 *	 CMOS sensor header file
 *
 ****************************************************************************/
#ifndef _CHAGALLS5KJN5TELE_SENSOR_SETTING_H
#define _CHAGALLS5KJN5TELE_SENSOR_SETTING_H

#include "kd_camera_typedef.h"

// NOTE:
// for 2 exp setting,  VCID of LE/SE should be 0x00 and 0x02
// which align 3 exp setting LE/NE/SE 0x00,  0x01,  0x02
// to seamless switch,  VC ID of SE should remain the same
// SONY sensor: VCID of 2nd frame at 0x3070; VCID of 3rd frame at 0x3080
// must be two different value

//init_setting v1.6zf_0611
static u16 chagalls5kjn5tele_init_setting[] = {
	0xFCFC, 0x4000,
	0x6170, 0xFFFF,
	0x6180, 0x0000,
	0x6190, 0x0000,
	0x6200, 0xFFFF,
	0x6202, 0xFFFF,
	0x6204, 0x0000,
	0x6206, 0x0000,
	0x6208, 0x0000,
	0xA100, 0xFFFF,
	0xA102, 0x0000,
	0xA104, 0x0000,
	0xFCFC, 0x4001,
	0x0100, 0xFFFF,
	0x0102, 0xFFFF,
	0x0104, 0x0000,
	0x0106, 0x0000,
	0x0108, 0x0000,
	0xFCFC, 0x4000,
	0x8100, 0xFFFF,
	0x8104, 0x0000,
	0x8108, 0x0000,
	0xFCFC, 0x4000,
	0x0136, 0x1800,
	0x013E, 0x0000,
	0x0304, 0x0003,
	0x0306, 0x00E6,
	0x030C, 0x0000,
	0x030E, 0x0003,
	0x0310, 0x00FA,
	0x0312, 0x0001,
	0x031A, 0x0003,
	0x031C, 0x0028,
	0x031E, 0x0002,
	0x011C, 0x0101,
	0xFCFC, 0x2002,
	0x849C, 0x0100,
	0x849E, 0x0000,
	0x84A0, 0x0000,
	0x84A2, 0x0005,
	0x84A4, 0x0000,
	0x84A6, 0x0000,
	0x84A8, 0x0000,
	0x84AA, 0x0001,
	0x84AC, 0x01FF,
	0x84B0, 0x8089,
	0x84B2, 0x0000,
	0x84B4, 0x8889,
	0x84B6, 0x0000,
	0x84B8, 0xC097,
	0x84BA, 0x0000,
	0x84BC, 0xA60E,
	0x84BE, 0x0000,
	0x84C0, 0x2206,
	0x84C2, 0x0000,
	0x84C4, 0x002D,
	0x84C8, 0x54C6,
	0x84CA, 0x0224,
	0x84CC, 0x44AB,
	0x84CE, 0x0224,
	0x84D0, 0x44AB,
	0x84D2, 0x0224,
	0x84D4, 0x44AB,
	0x84D6, 0x0224,
	0x84D8, 0x44AB,
	0x84DA, 0x0224,
	0x84DC, 0x44AB,
	0x84DE, 0x0224,
	0xA548, 0x00EA,
	0xA54A, 0x0000,
	0xA54C, 0x0000,
	0xA54E, 0x0000,
	0xA550, 0x0000,
	0xA552, 0x0000,
	0xA554, 0x0000,
	0xA556, 0x0000,
	0xA558, 0x0000,
	0xA55A, 0x0000,
	0xA55C, 0x0000,
	0xA55E, 0x0000,
	0xA560, 0x0000,
	0xA562, 0x0000,
	0xA564, 0x0000,
	0xA566, 0x0000,
	0xA568, 0x0000,
	0xA56A, 0x0000,
	0xA56C, 0x0000,
	0xA56E, 0x0000,
	0xA570, 0x0000,
	0xA572, 0x0000,
	0xA574, 0x0055,
	0xA576, 0x0000,
	0xA578, 0x0000,
	0xA57A, 0x0000,
	0xA57C, 0x0000,
	0xA57E, 0x0000,
	0xA580, 0x0000,
	0xA582, 0x0000,
	0xA584, 0x0000,
	0xA586, 0x0000,
	0xA588, 0x0000,
	0xA58A, 0x0000,
	0xA58C, 0x0000,
	0xA58E, 0x0000,
	0xA590, 0x0000,
	0xA592, 0x0000,
	0xA594, 0x0000,
	0xA596, 0x0000,
	0xA598, 0x0000,
	0xA59A, 0x0000,
	0xA59C, 0x0000,
	0xA59E, 0x0000,
	0xA5A0, 0x0100,
	0xA5A2, 0x00B0,
	0xA5A4, 0x0000,
	0xA5A6, 0x0000,
	0xA5A8, 0x0000,
	0xA5AA, 0x0000,
	0xA5AC, 0x0000,
	0xA5AE, 0x0000,
	0xA5B0, 0x0000,
	0xA5B2, 0x0000,
	0xA5B4, 0x0000,
	0xA5B6, 0x0000,
	0xA5B8, 0x0000,
	0xA5BA, 0x0000,
	0xA5BC, 0x0000,
	0xA5BE, 0x0000,
	0xA5C0, 0x0000,
	0xA5C2, 0x0000,
	0xA5C4, 0x0000,
	0xA5C6, 0x0000,
	0xA5C8, 0x0000,
	0xA5CA, 0x0000,
	0xA5CC, 0x0000,
	0xA5CE, 0x0000,
	0xA5D0, 0x0000,
	0xA5D2, 0x0000,
	0xA5D4, 0x0000,
	0xA5D6, 0x0000,
	0xA5D8, 0x0000,
	0xA5DA, 0x0000,
	0xA5DC, 0x0000,
	0xA5DE, 0x0000,
	0xA5E0, 0x0000,
	0xA5E2, 0x0000,
	0xA5E4, 0x0000,
	0xA5E6, 0x0000,
	0xA5E8, 0x0000,
	0xA5EA, 0x0000,
	0xA5EC, 0x000F,
	0xA5EE, 0x000F,
	0xA5F0, 0x000F,
	0xA5F2, 0x000F,
	0xA5F4, 0x0000,
	0xA5F6, 0x0000,
	0xA5F8, 0x0000,
	0xA5FA, 0x0000,
	0xA5FC, 0x0000,
	0xA5FE, 0x0000,
	0xA600, 0x0000,
	0xA602, 0x0000,
	0xA604, 0x0000,
	0xA606, 0x000A,
	0xBB84, 0x00AB,
	0xBB86, 0x0000,
	0xBB88, 0x0000,
	0xBB8A, 0x0100,
	0xBB8C, 0x0800,
	0xBB8E, 0x1000,
	0xBB90, 0x2000,
	0xBB92, 0x9A00,
	0xBB94, 0x9A00,
	0xBB96, 0x9A00,
	0xBB98, 0x9A00,
	0xBB9A, 0x9600,
	0xBB9C, 0x9600,
	0xBB9E, 0x9600,
	0xBBA0, 0x9600,
	0xBBA2, 0x9300,
	0xBBA4, 0x9300,
	0xBBA6, 0x9300,
	0xBBA8, 0x9300,
	0xBBAA, 0x9000,
	0xBBAC, 0x9000,
	0xBBAE, 0x9000,
	0xBBB0, 0x9000,
	0xBBB2, 0x8D00,
	0xBBB4, 0x8D00,
	0xBBB6, 0x8D00,
	0xBBB8, 0x8D00,
	0xBBBA, 0x3F00,
	0xBBBC, 0x3F00,
	0xBBBE, 0x3F00,
	0xBBC0, 0x3F00,
	0xBBC2, 0x1E00,
	0xBBC4, 0x1E00,
	0xBBC6, 0x1E00,
	0xBBC8, 0x1E00,
	0xBBCA, 0x0000,
	0xBBCC, 0x0000,
	0xBBCE, 0x0000,
	0xBBD0, 0x0000,
	0xBBD2, 0x0800,
	0xBBD4, 0x0800,
	0xBBD6, 0x0800,
	0xBBD8, 0x0800,
	0xBBDA, 0x0000,
	0xBBDC, 0x0000,
	0xBBDE, 0x0000,
	0xBBE0, 0x0000,
	0xBBE2, 0x3F00,
	0xBBE4, 0x3F00,
	0xBBE6, 0x3F00,
	0xBBE8, 0x3F00,
	0xBBEA, 0x3400,
	0xBBEC, 0x3400,
	0xBBEE, 0x3400,
	0xBBF0, 0x3400,
	0xBBF2, 0x0A00,
	0xBBF4, 0x0A00,
	0xBBF6, 0x0A00,
	0xBBF8, 0x0A00,
	0xBBFA, 0x1000,
	0xBBFC, 0x1000,
	0xBBFE, 0x1000,
	0xBC00, 0x1000,
	0xBC02, 0x0600,
	0xBC04, 0x0600,
	0xBC06, 0x0600,
	0xBC08, 0x0600,
	0xBC0A, 0x0C00,
	0xBC0C, 0x0C00,
	0xBC0E, 0x0C00,
	0xBC10, 0x0C00,
	0xBC12, 0x0000,
	0xBC14, 0x0000,
	0xBC16, 0x0000,
	0xBC18, 0x0000,
	0xBC1A, 0x1000,
	0xBC1C, 0x1000,
	0xBC1E, 0x1000,
	0xBC20, 0x1000,
	0xBC22, 0x1000,
	0xBC24, 0x1000,
	0xBC26, 0x1000,
	0xBC28, 0x1000,
	0xBC2A, 0x2000,
	0xBC2C, 0x1000,
	0xBC2E, 0x1000,
	0xBC30, 0x1000,
	0xBC32, 0x0600,
	0xBC34, 0x0600,
	0xBC36, 0x0600,
	0xBC38, 0x0600,
	0xBC3A, 0x1C00,
	0xBC3C, 0x1C00,
	0xBC3E, 0x1C00,
	0xBC40, 0x1C00,
	0xBC42, 0x0600,
	0xBC44, 0x0600,
	0xBC46, 0x0600,
	0xBC48, 0x0600,
	0xBC4A, 0x2A00,
	0xBC4C, 0x2A00,
	0xBC4E, 0x2A00,
	0xBC50, 0x2A00,
	0xBC52, 0x0200,
	0xBC54, 0x0200,
	0xBC56, 0x0200,
	0xBC58, 0x0200,
	0xBC5A, 0x1000,
	0xBC5C, 0x1000,
	0xBC5E, 0x1000,
	0xBC60, 0x1000,
	0xBC62, 0x0E00,
	0xBC64, 0x0E00,
	0xBC66, 0x0E00,
	0xBC68, 0x0E00,
	0xBC6A, 0x2800,
	0xBC6C, 0x2800,
	0xBC6E, 0x2800,
	0xBC70, 0x2800,
	0xBC72, 0x1800,
	0xBC74, 0x1800,
	0xBC76, 0x1800,
	0xBC78, 0x1800,
	0xBC7A, 0x0800,
	0xBC7C, 0x0800,
	0xBC7E, 0x0800,
	0xBC80, 0x0800,
	0xBC82, 0x0000,
	0xBC84, 0x0000,
	0xBC86, 0x0000,
	0xBC88, 0x0000,
	0xBC8A, 0x2400,
	0xBC8C, 0x2400,
	0xBC8E, 0x2400,
	0xBC90, 0x2400,
	0xBC92, 0x004D,
	0xFCFC, 0x2000,
	0x22E4, 0x0300,
	0x2338, 0x0101,
	0xFCFC, 0x2000,
	0xDD6C, 0xB47E,
	0xDD6E, 0xB67E,
	0xDE34, 0x0000,
	0xDE36, 0x9231,
	0xFCFC, 0x4000,
	0x0B30, 0x01FF,
	0x081C, 0x0A00,
	0x081E, 0x0F00,
	0xFCFC, 0x2000,
	0x3D44, 0x0000,
	0x3D88, 0xFCFC,
	0x3D8A, 0xFEFF,
	0x3D8C, 0xFCFC,
	0x3D8E, 0xFEFF,
	0x3D90, 0xFCFC,
	0x3D92, 0xFEFF,
	0x3FE0, 0x0324,
	0x3FE2, 0x7488,
	0x3FE4, 0x0324,
	0x3FE6, 0x0080,
	0x3FE8, 0x0000,
	0x3FEA, 0x0000,
	0x4238, 0x0324,
	0x423A, 0x7488,
	0x423C, 0x0324,
	0x423E, 0x3483,
	0x4240, 0x0000,
	0x4242, 0x0000,
	0x4490, 0x0324,
	0x4492, 0x7488,
	0x4494, 0x0324,
	0x4496, 0x0080,
	0x4498, 0x0324,
	0x449A, 0x9C83,
	0x46E8, 0x0324,
	0x46EA, 0x7488,
	0x46EC, 0x0324,
	0x46EE, 0x0080,
	0x46F0, 0x0324,
	0x46F2, 0x1884,
	0x4940, 0x0324,
	0x4942, 0x7488,
	0x4944, 0x0324,
	0x4946, 0x0080,
	0x4948, 0x0324,
	0x494A, 0xCC84,
	0x4B98, 0x0324,
	0x4B9A, 0x7488,
	0x4B9C, 0x0324,
	0x4B9E, 0x7885,
	0x4BA0, 0x0000,
	0x4BA2, 0x0000,
	0x4DF0, 0x0324,
	0x4DF2, 0x7488,
	0x4DF4, 0x0000,
	0x4DF6, 0x0000,
	0x4DF8, 0x0000,
	0x4DFA, 0x0000,
	0x5048, 0x0324,
	0x504A, 0x7488,
	0x504C, 0x0324,
	0x504E, 0x2090,
	0x5050, 0x0000,
	0x5052, 0x0000,
	0x52A0, 0x0324,
	0x52A2, 0x7488,
	0x52A4, 0x0324,
	0x52A6, 0xC890,
	0x52A8, 0x0000,
	0x52AA, 0x0000,
	0x54F8, 0x0324,
	0x54FA, 0x7488,
	0x54FC, 0x0324,
	0x54FE, 0x0080,
	0x5500, 0x0324,
	0x5502, 0x4493,
	0x5750, 0x0324,
	0x5752, 0x7488,
	0x5754, 0x0324,
	0x5756, 0x0080,
	0x5758, 0x0324,
	0x575A, 0xF493,
	0x59A8, 0x0324,
	0x59AA, 0x7488,
	0x59AC, 0x0324,
	0x59AE, 0xC890,
	0x59B0, 0x0324,
	0x59B2, 0x9494,
	0xFCFC, 0x2006,
	0x0000, 0x535A,
	0x0002, 0x0100,
	0x0004, 0x0DB3,
	0x0006, 0x5A00,
	0x0008, 0x0001,
	0x000A, 0x0088,
	0x000C, 0x1E00,
	0x000E, 0x0000,
	0x0010, 0x0000,
	0x0012, 0x0000,
	0x0014, 0x7FBF,
	0x0016, 0x624E,
	0x0018, 0x20FF,
	0x001A, 0x1FBB,
	0x001C, 0x8063,
	0x001E, 0x31F1,
	0x0020, 0x3150,
	0x0022, 0x4585,
	0x0024, 0x69C5,
	0x0026, 0xE4E2,
	0x0028, 0xAD66,
	0x002A, 0x1F3E,
	0x002C, 0x9A96,
	0x002E, 0x960B,
	0x0030, 0xF874,
	0x0032, 0x8774,
	0x0034, 0xBB1D,
	0x0036, 0x886E,
	0x0038, 0x0326,
	0x003A, 0x3CBA,
	0x003C, 0xA7F5,
	0x003E, 0x5C07,
	0x0040, 0x2AAF,
	0x0042, 0x7E76,
	0x0044, 0x552E,
	0x0046, 0xE0E4,
	0x0048, 0x4F5B,
	0x004A, 0xEB5B,
	0x004C, 0x4744,
	0x004E, 0x3A4A,
	0x0050, 0xD618,
	0x0052, 0xDCD9,
	0x0054, 0xF65F,
	0x0056, 0xF715,
	0x0058, 0x83EE,
	0x005A, 0x835B,
	0x005C, 0x4E2C,
	0x005E, 0x25CD,
	0x0060, 0x27E4,
	0x0062, 0x98BA,
	0x0064, 0x6DB1,
	0x0066, 0x69F4,
	0x0068, 0xABA4,
	0x006A, 0xB9D6,
	0x006C, 0xDC1A,
	0x006E, 0xB57F,
	0x0070, 0xC8C3,
	0x0072, 0xC329,
	0x0074, 0x484B,
	0x0076, 0x7F2F,
	0x0078, 0xAEE3,
	0x007A, 0xEAD4,
	0x007C, 0xD532,
	0x007E, 0x7F02,
	0x0080, 0x8167,
	0x0082, 0x3864,
	0x0084, 0x1EBA,
	0x0086, 0x1662,
	0x0088, 0xB4D4,
	0x008A, 0xA0D9,
	0x008C, 0x5A8D,
	0x008E, 0x6CC4,
	0x0090, 0x5157,
	0x0092, 0x0126,
	0x0094, 0xA762,
	0x0096, 0x7573,
	0x0098, 0x2DF8,
	0x009A, 0x22D9,
	0x009C, 0xBBFE,
	0x009E, 0x890F,
	0x00A0, 0xB922,
	0x00A2, 0xFF94,
	0x00A4, 0xC1C5,
	0x00A6, 0xDDC9,
	0x00A8, 0x8D93,
	0x00AA, 0x4EA9,
	0x00AC, 0x17A6,
	0x00AE, 0x7C01,
	0x00B0, 0x82B0,
	0x00B2, 0x24E4,
	0x00B4, 0xA392,
	0x00B6, 0x24BA,
	0x00B8, 0xB735,
	0x00BA, 0x6DAD,
	0x00BC, 0xDD5E,
	0x00BE, 0x6626,
	0x00C0, 0x1ACC,
	0x00C2, 0xDC4F,
	0x00C4, 0x64FF,
	0x00C6, 0xD40F,
	0x00C8, 0xA9FF,
	0x00CA, 0xFAE7,
	0x00CC, 0xBD7B,
	0x00CE, 0x04DA,
	0x00D0, 0x250F,
	0x00D2, 0x53E9,
	0x00D4, 0x9135,
	0x00D6, 0x0FEB,
	0x00D8, 0x981C,
	0x00DA, 0x4461,
	0x00DC, 0x33D7,
	0x00DE, 0xCCFE,
	0x00E0, 0x5EAB,
	0x00E2, 0x2580,
	0x00E4, 0x3CA7,
	0x00E6, 0x08B1,
	0x00E8, 0x2E1C,
	0x00EA, 0x8096,
	0x00EC, 0xEA28,
	0x00EE, 0x512A,
	0x00F0, 0x16D9,
	0x00F2, 0x947C,
	0x00F4, 0x0A4C,
	0x00F6, 0x9A19,
	0x00F8, 0xE0D2,
	0x00FA, 0xBCA0,
	0x00FC, 0xA3A3,
	0x00FE, 0x784A,
	0x0100, 0xE4B9,
	0x0102, 0xC047,
	0x0104, 0x767B,
	0x0106, 0x257E,
	0x0108, 0xA09A,
	0x010A, 0x17FB,
	0x010C, 0xCABD,
	0x010E, 0xB6DE,
	0x0110, 0x5185,
	0x0112, 0xB90C,
	0x0114, 0x6A0F,
	0x0116, 0xCC5D,
	0x0118, 0xD5FD,
	0x011A, 0xDC71,
	0x011C, 0x2621,
	0x011E, 0xC96A,
	0x0120, 0x99A7,
	0x0122, 0x5AE5,
	0x0124, 0x6FCE,
	0x0126, 0xD466,
	0x0128, 0x8C81,
	0x012A, 0x49F7,
	0x012C, 0x247F,
	0x012E, 0xB9E7,
	0x0130, 0x64DA,
	0x0132, 0x2077,
	0x0134, 0xA808,
	0x0136, 0x2730,
	0x0138, 0x7B39,
	0x013A, 0x65E1,
	0x013C, 0x18C4,
	0x013E, 0xE1AC,
	0x0140, 0x2F38,
	0x0142, 0x46FB,
	0x0144, 0xA357,
	0x0146, 0xBEB0,
	0x0148, 0x2D18,
	0x014A, 0xA1CF,
	0x014C, 0x042E,
	0x014E, 0x0E00,
	0x0150, 0xDF03,
	0x0152, 0x121E,
	0x0154, 0xBDD8,
	0x0156, 0x919C,
	0x0158, 0x5C13,
	0x015A, 0x00FC,
	0x015C, 0xE12D,
	0x015E, 0xB351,
	0x0160, 0xCBBE,
	0x0162, 0x084A,
	0x0164, 0xCF26,
	0x0166, 0x2EA7,
	0x0168, 0xA377,
	0x016A, 0x401B,
	0x016C, 0x10B7,
	0x016E, 0xB51F,
	0x0170, 0xF5B8,
	0x0172, 0x70DF,
	0x0174, 0x3FA0,
	0x0176, 0x66AA,
	0x0178, 0x8486,
	0x017A, 0x7B60,
	0x017C, 0x564E,
	0x017E, 0x675F,
	0x0180, 0x1A18,
	0x0182, 0x0175,
	0x0184, 0xA074,
	0x0186, 0x39FA,
	0x0188, 0x40E1,
	0x018A, 0xC8E7,
	0x018C, 0x7364,
	0x018E, 0xF9A7,
	0x0190, 0x1F85,
	0x0192, 0x07F4,
	0x0194, 0x0B42,
	0x0196, 0xEB4C,
	0x0198, 0x41C1,
	0x019A, 0x83B9,
	0x019C, 0xF87E,
	0x019E, 0x472A,
	0x01A0, 0xCF4E,
	0x01A2, 0x96D2,
	0x01A4, 0xC641,
	0x01A6, 0x59E4,
	0x01A8, 0xED74,
	0x01AA, 0xB7BB,
	0x01AC, 0xD191,
	0x01AE, 0xF8BF,
	0x01B0, 0x3032,
	0x01B2, 0x44D2,
	0x01B4, 0xB439,
	0x01B6, 0x0F5F,
	0x01B8, 0x8703,
	0x01BA, 0x9CE2,
	0x01BC, 0x4391,
	0x01BE, 0xE903,
	0x01C0, 0x2EAA,
	0x01C2, 0x7C6D,
	0x01C4, 0x6BAA,
	0x01C6, 0xA7D1,
	0x01C8, 0xAF74,
	0x01CA, 0xE96F,
	0x01CC, 0xFADB,
	0x01CE, 0x0DA7,
	0x01D0, 0x2147,
	0x01D2, 0xD31A,
	0x01D4, 0x1E63,
	0x01D6, 0x7996,
	0x01D8, 0x4142,
	0x01DA, 0x5262,
	0x01DC, 0x827F,
	0x01DE, 0xBADD,
	0x01E0, 0x1736,
	0x01E2, 0xE646,
	0x01E4, 0xC6CF,
	0x01E6, 0xBEF7,
	0x01E8, 0xC71B,
	0x01EA, 0x3CB1,
	0x01EC, 0xC3F9,
	0x01EE, 0x3F86,
	0x01F0, 0x2A26,
	0x01F2, 0x7D66,
	0x01F4, 0x3D99,
	0x01F6, 0x1D15,
	0x01F8, 0x64D0,
	0x01FA, 0x1646,
	0x01FC, 0x12BF,
	0x01FE, 0x716C,
	0x0200, 0x27F6,
	0x0202, 0x4CBD,
	0x0204, 0xDA3B,
	0x0206, 0x06C8,
	0x0208, 0x33BC,
	0x020A, 0x974A,
	0x020C, 0x8D8F,
	0x020E, 0x21FA,
	0x0210, 0x19A7,
	0x0212, 0x01F1,
	0x0214, 0xEC4B,
	0x0216, 0x6576,
	0x0218, 0x67A4,
	0x021A, 0x2D92,
	0x021C, 0xDDF2,
	0x021E, 0x09F8,
	0x0220, 0xBB0F,
	0x0222, 0x9667,
	0x0224, 0xFD14,
	0x0226, 0x81AC,
	0x0228, 0x8FC1,
	0x022A, 0x8C04,
	0x022C, 0xF157,
	0x022E, 0x7918,
	0x0230, 0x040A,
	0x0232, 0x2A43,
	0x0234, 0x344C,
	0x0236, 0x3E18,
	0x0238, 0x4CB3,
	0x023A, 0x025D,
	0x023C, 0x6655,
	0x023E, 0x3EF1,
	0x0240, 0xDA7E,
	0x0242, 0xB149,
	0x0244, 0x36D4,
	0x0246, 0x101F,
	0x0248, 0xF311,
	0x024A, 0x1B19,
	0x024C, 0xC88E,
	0x024E, 0x0D54,
	0x0250, 0xE309,
	0x0252, 0xBA57,
	0x0254, 0xEE32,
	0x0256, 0x6788,
	0x0258, 0xB6FF,
	0x025A, 0x53D9,
	0x025C, 0x6DC4,
	0x025E, 0xCDF1,
	0x0260, 0x01EB,
	0x0262, 0xE562,
	0x0264, 0x0BD6,
	0x0266, 0xEF10,
	0x0268, 0xF9FA,
	0x026A, 0xEAEF,
	0x026C, 0x29D4,
	0x026E, 0xAC6E,
	0x0270, 0x9C74,
	0x0272, 0x0C9E,
	0x0274, 0x30C2,
	0x0276, 0x35E2,
	0x0278, 0xBE6C,
	0x027A, 0x38FA,
	0x027C, 0x7BD4,
	0x027E, 0x2B80,
	0x0280, 0x856F,
	0x0282, 0xAA8F,
	0x0284, 0xA750,
	0x0286, 0x0576,
	0x0288, 0x2968,
	0x028A, 0x0FC0,
	0x028C, 0x457D,
	0x028E, 0xD7DB,
	0x0290, 0xD7EC,
	0x0292, 0x02B6,
	0x0294, 0xCC0E,
	0x0296, 0xACFA,
	0x0298, 0xE421,
	0x029A, 0x054F,
	0x029C, 0x9B7B,
	0x029E, 0xE128,
	0x02A0, 0x0B63,
	0x02A2, 0x5DD7,
	0x02A4, 0x4F3C,
	0x02A6, 0x3C39,
	0x02A8, 0x9C8A,
	0x02AA, 0x8092,
	0x02AC, 0x0FF7,
	0x02AE, 0x735A,
	0x02B0, 0x9266,
	0x02B2, 0xE42F,
	0x02B4, 0xD61D,
	0x02B6, 0xEA51,
	0x02B8, 0xB101,
	0x02BA, 0x4C00,
	0x02BC, 0x8633,
	0x02BE, 0x182A,
	0x02C0, 0x05E1,
	0x02C2, 0x985D,
	0x02C4, 0xB962,
	0x02C6, 0xD676,
	0x02C8, 0x0539,
	0x02CA, 0x693A,
	0x02CC, 0x0109,
	0x02CE, 0x832D,
	0x02D0, 0x1087,
	0x02D2, 0x7FE4,
	0x02D4, 0x65C3,
	0x02D6, 0x708D,
	0x02D8, 0x882B,
	0x02DA, 0x2F16,
	0x02DC, 0xC133,
	0x02DE, 0x7FE9,
	0x02E0, 0xEF8C,
	0x02E2, 0x9E60,
	0x02E4, 0xC053,
	0x02E6, 0xC8A9,
	0x02E8, 0x4C56,
	0x02EA, 0xD8B0,
	0x02EC, 0x17ED,
	0x02EE, 0xEFD2,
	0x02F0, 0xFA5B,
	0x02F2, 0xEA54,
	0x02F4, 0x0753,
	0x02F6, 0x6565,
	0x02F8, 0x05B3,
	0x02FA, 0xA8C4,
	0x02FC, 0x97C8,
	0x02FE, 0x0E43,
	0x0300, 0x0320,
	0x0302, 0x774A,
	0x0304, 0xBF5C,
	0x0306, 0x8F4D,
	0x0308, 0xEC74,
	0x030A, 0xD717,
	0x030C, 0x3923,
	0x030E, 0x0594,
	0x0310, 0xC1D1,
	0x0312, 0x106E,
	0x0314, 0x13C0,
	0x0316, 0x64E5,
	0x0318, 0x9DAC,
	0x031A, 0x147D,
	0x031C, 0x270D,
	0x031E, 0xE3C4,
	0x0320, 0x7F9F,
	0x0322, 0xBCC5,
	0x0324, 0x4492,
	0x0326, 0x70A2,
	0x0328, 0xFBAD,
	0x032A, 0x6DD2,
	0x032C, 0x1D55,
	0x032E, 0xBAB8,
	0x0330, 0xAAE6,
	0x0332, 0x3E79,
	0x0334, 0x0160,
	0x0336, 0x5DD5,
	0x0338, 0xA1D8,
	0x033A, 0xA68C,
	0x033C, 0xB877,
	0x033E, 0x439C,
	0x0340, 0x291E,
	0x0342, 0x2B29,
	0x0344, 0x9CC4,
	0x0346, 0xA1E9,
	0x0348, 0xA63A,
	0x034A, 0xF8BD,
	0x034C, 0x499E,
	0x034E, 0x7286,
	0x0350, 0x2FC9,
	0x0352, 0x3E68,
	0x0354, 0x4261,
	0x0356, 0xBDD5,
	0x0358, 0x9911,
	0x035A, 0xC26F,
	0x035C, 0x0384,
	0x035E, 0xC313,
	0x0360, 0xF6C1,
	0x0362, 0xE1EE,
	0x0364, 0xBFD2,
	0x0366, 0x7957,
	0x0368, 0x7988,
	0x036A, 0xBB0E,
	0x036C, 0x802C,
	0x036E, 0x73E8,
	0x0370, 0x0156,
	0x0372, 0x87C4,
	0x0374, 0x296B,
	0x0376, 0xC06A,
	0x0378, 0xF4BB,
	0x037A, 0xC8B2,
	0x037C, 0xFB6D,
	0x037E, 0x5E5C,
	0x0380, 0x3398,
	0x0382, 0x6582,
	0x0384, 0x9E0D,
	0x0386, 0xFE55,
	0x0388, 0x2FB7,
	0x038A, 0x2253,
	0x038C, 0x9705,
	0x038E, 0xE85C,
	0x0390, 0xFF2D,
	0x0392, 0x95DE,
	0x0394, 0x5FF4,
	0x0396, 0xF3A7,
	0x0398, 0xDE86,
	0x039A, 0x0A31,
	0x039C, 0xF851,
	0x039E, 0x4D0D,
	0x03A0, 0xEA3E,
	0x03A2, 0xC203,
	0x03A4, 0x7C73,
	0x03A6, 0xAD21,
	0x03A8, 0x9F4D,
	0x03AA, 0x2E0A,
	0x03AC, 0x1110,
	0x03AE, 0x8258,
	0x03B0, 0xE08E,
	0x03B2, 0x49B8,
	0x03B4, 0x295C,
	0x03B6, 0xED78,
	0x03B8, 0x0884,
	0x03BA, 0xA827,
	0x03BC, 0xD6FF,
	0x03BE, 0xF2D3,
	0x03C0, 0x3A7F,
	0x03C2, 0xBF3C,
	0x03C4, 0x0C3A,
	0x03C6, 0x555E,
	0x03C8, 0x34D3,
	0x03CA, 0x60AD,
	0x03CC, 0xE573,
	0x03CE, 0xE8C0,
	0x03D0, 0x05D5,
	0x03D2, 0x0574,
	0x03D4, 0xE39E,
	0x03D6, 0x3CA7,
	0x03D8, 0xDA7C,
	0x03DA, 0x57FA,
	0x03DC, 0xABFC,
	0x03DE, 0x3F10,
	0x03E0, 0xA473,
	0x03E2, 0xEA68,
	0x03E4, 0xFD72,
	0x03E6, 0x6D91,
	0x03E8, 0xF803,
	0x03EA, 0x345F,
	0x03EC, 0x6234,
	0x03EE, 0xEC70,
	0x03F0, 0x69C6,
	0x03F2, 0x11C6,
	0x03F4, 0x4007,
	0x03F6, 0x2BC3,
	0x03F8, 0xFF37,
	0x03FA, 0x0549,
	0x03FC, 0xF898,
	0x03FE, 0x25FD,
	0x0400, 0xF7FD,
	0x0402, 0x820B,
	0x0404, 0xA7B2,
	0x0406, 0xE72F,
	0x0408, 0xE7C6,
	0x040A, 0x0A65,
	0x040C, 0x90EB,
	0x040E, 0x0540,
	0x0410, 0xA49C,
	0x0412, 0x63A9,
	0x0414, 0x1921,
	0x0416, 0x8521,
	0x0418, 0xFADA,
	0x041A, 0xB54F,
	0x041C, 0xA227,
	0x041E, 0x5FD6,
	0x0420, 0x5E45,
	0x0422, 0x6E3D,
	0x0424, 0x6602,
	0x0426, 0x58F5,
	0x0428, 0x0C85,
	0x042A, 0xCE03,
	0x042C, 0x1156,
	0x042E, 0x48C5,
	0x0430, 0x3878,
	0x0432, 0x0444,
	0x0434, 0xA18D,
	0x0436, 0xBE64,
	0x0438, 0x4FC6,
	0x043A, 0x49BE,
	0x043C, 0xE597,
	0x043E, 0x511F,
	0x0440, 0x0F39,
	0x0442, 0x805A,
	0x0444, 0xE850,
	0x0446, 0xD335,
	0x0448, 0xC495,
	0x044A, 0xB3D7,
	0x044C, 0x3D39,
	0x044E, 0x9AF0,
	0x0450, 0x716A,
	0x0452, 0x562A,
	0x0454, 0x4E77,
	0x0456, 0x393F,
	0x0458, 0xA959,
	0x045A, 0x4A16,
	0x045C, 0xD024,
	0x045E, 0x8548,
	0x0460, 0xDF3E,
	0x0462, 0xD923,
	0x0464, 0x9ED5,
	0x0466, 0xD870,
	0x0468, 0xA75F,
	0x046A, 0x86CD,
	0x046C, 0x9D1A,
	0x046E, 0xFDE7,
	0x0470, 0x5AEC,
	0x0472, 0x3B43,
	0x0474, 0x900A,
	0x0476, 0xA75D,
	0x0478, 0x14FE,
	0x047A, 0xDEC9,
	0x047C, 0x6061,
	0x047E, 0x52BE,
	0x0480, 0xBE48,
	0x0482, 0xF95D,
	0x0484, 0xA1F5,
	0x0486, 0x2D28,
	0x0488, 0xB13C,
	0x048A, 0x758C,
	0x048C, 0x8A37,
	0x048E, 0xF11C,
	0x0490, 0x1BCE,
	0x0492, 0xC709,
	0x0494, 0xA247,
	0x0496, 0xB099,
	0x0498, 0xB7D5,
	0x049A, 0xD1F2,
	0x049C, 0xEEE2,
	0x049E, 0x7023,
	0x04A0, 0x10DB,
	0x04A2, 0x803D,
	0x04A4, 0xE52F,
	0x04A6, 0x2AA0,
	0x04A8, 0x5FEC,
	0x04AA, 0xEA84,
	0x04AC, 0x5A67,
	0x04AE, 0x00F5,
	0x04B0, 0x5056,
	0x04B2, 0xD1A2,
	0x04B4, 0xDEB9,
	0x04B6, 0xF245,
	0x04B8, 0x7832,
	0x04BA, 0xDEDC,
	0x04BC, 0x2F4D,
	0x04BE, 0xF173,
	0x04C0, 0x5160,
	0x04C2, 0x9E42,
	0x04C4, 0x6319,
	0x04C6, 0x7AC2,
	0x04C8, 0xABD6,
	0x04CA, 0xD073,
	0x04CC, 0x23C8,
	0x04CE, 0xBF0F,
	0x04D0, 0x98E1,
	0x04D2, 0x7B9C,
	0x04D4, 0xDD6A,
	0x04D6, 0x447E,
	0x04D8, 0x5B20,
	0x04DA, 0x2708,
	0x04DC, 0x8D40,
	0x04DE, 0x8DF9,
	0x04E0, 0xCADE,
	0x04E2, 0x49FE,
	0x04E4, 0x2161,
	0x04E6, 0xC00E,
	0x04E8, 0xFDA0,
	0x04EA, 0x85C6,
	0x04EC, 0x4CF0,
	0x04EE, 0x20DC,
	0x04F0, 0xC74B,
	0x04F2, 0xA8E0,
	0x04F4, 0x587E,
	0x04F6, 0xC3FD,
	0x04F8, 0x20A0,
	0x04FA, 0x5354,
	0x04FC, 0xF5A5,
	0x04FE, 0x2C11,
	0x0500, 0x35E2,
	0x0502, 0x5393,
	0x0504, 0x1A17,
	0x0506, 0x082D,
	0x0508, 0xD5AB,
	0x050A, 0x86CB,
	0x050C, 0x072C,
	0x050E, 0xAF8B,
	0x0510, 0x8B31,
	0x0512, 0xBCD1,
	0x0514, 0x6B2E,
	0x0516, 0xC4E3,
	0x0518, 0xE5B4,
	0x051A, 0x0CEA,
	0x051C, 0xACD2,
	0x051E, 0xD496,
	0x0520, 0x4D73,
	0x0522, 0x93E9,
	0x0524, 0xECA0,
	0x0526, 0xC6D4,
	0x0528, 0x4E68,
	0x052A, 0x882B,
	0x052C, 0x4AFB,
	0x052E, 0xCD06,
	0x0530, 0x47B8,
	0x0532, 0x524A,
	0x0534, 0x3295,
	0x0536, 0x5185,
	0x0538, 0xD169,
	0x053A, 0x7319,
	0x053C, 0x06E3,
	0x053E, 0x5A9F,
	0x0540, 0xCC8B,
	0x0542, 0xD27C,
	0x0544, 0x1BB2,
	0x0546, 0xD653,
	0x0548, 0xBA49,
	0x054A, 0x5D12,
	0x054C, 0x0F69,
	0x054E, 0xC991,
	0x0550, 0x9FD8,
	0x0552, 0x84A8,
	0x0554, 0x5709,
	0x0556, 0x634B,
	0x0558, 0x9943,
	0x055A, 0x3B50,
	0x055C, 0x3359,
	0x055E, 0xF0B9,
	0x0560, 0x2F5C,
	0x0562, 0x1B42,
	0x0564, 0x6487,
	0x0566, 0xD165,
	0x0568, 0xB82C,
	0x056A, 0x8ADC,
	0x056C, 0xFDB8,
	0x056E, 0x06BA,
	0x0570, 0x0754,
	0x0572, 0x78F3,
	0x0574, 0x016B,
	0x0576, 0xAD65,
	0x0578, 0x222D,
	0x057A, 0x45FA,
	0x057C, 0x93A9,
	0x057E, 0xE376,
	0x0580, 0x9F24,
	0x0582, 0x9CDC,
	0x0584, 0x986A,
	0x0586, 0xB97E,
	0x0588, 0x848E,
	0x058A, 0x1FEB,
	0x058C, 0x64D1,
	0x058E, 0xF1BD,
	0x0590, 0x2383,
	0x0592, 0x76C5,
	0x0594, 0x9816,
	0x0596, 0x192F,
	0x0598, 0x3111,
	0x059A, 0x2687,
	0x059C, 0xD996,
	0x059E, 0xB3EB,
	0x05A0, 0xDBD9,
	0x05A2, 0x8660,
	0x05A4, 0xF69A,
	0x05A6, 0x8CBF,
	0x05A8, 0x0441,
	0x05AA, 0x1369,
	0x05AC, 0x710F,
	0x05AE, 0x1222,
	0x05B0, 0x9589,
	0x05B2, 0x168C,
	0x05B4, 0x2BEE,
	0x05B6, 0x78B6,
	0x05B8, 0xB888,
	0x05BA, 0x66F1,
	0x05BC, 0x5973,
	0x05BE, 0xF557,
	0x05C0, 0xF509,
	0x05C2, 0x6A5E,
	0x05C4, 0x9B1B,
	0x05C6, 0x189B,
	0x05C8, 0x22BA,
	0x05CA, 0xDF0C,
	0x05CC, 0xABF8,
	0x05CE, 0xD728,
	0x05D0, 0x91FE,
	0x05D2, 0x308C,
	0x05D4, 0x8A12,
	0x05D6, 0x54B6,
	0x05D8, 0xF736,
	0x05DA, 0x8270,
	0x05DC, 0xAA7D,
	0x05DE, 0xCDF2,
	0x05E0, 0x4C64,
	0x05E2, 0xCBFD,
	0x05E4, 0x42D5,
	0x05E6, 0xD456,
	0x05E8, 0x0E95,
	0x05EA, 0x9C71,
	0x05EC, 0x504E,
	0x05EE, 0x989B,
	0x05F0, 0xEF98,
	0x05F2, 0x3442,
	0x05F4, 0xA96A,
	0x05F6, 0xEFDA,
	0x05F8, 0xEF4E,
	0x05FA, 0x47C3,
	0x05FC, 0xFBC1,
	0x05FE, 0x6272,
	0x0600, 0x1F2A,
	0x0602, 0x17AA,
	0x0604, 0x8543,
	0x0606, 0x6E56,
	0x0608, 0xD2F3,
	0x060A, 0xD961,
	0x060C, 0x98FB,
	0x060E, 0xDC0C,
	0x0610, 0xDA07,
	0x0612, 0x1FFF,
	0x0614, 0xE3F6,
	0x0616, 0x416C,
	0x0618, 0x4938,
	0x061A, 0x1721,
	0x061C, 0xB95E,
	0x061E, 0x79CE,
	0x0620, 0xFDFE,
	0x0622, 0x7656,
	0x0624, 0xDBEE,
	0x0626, 0xA7A4,
	0x0628, 0xC6CE,
	0x062A, 0x9526,
	0x062C, 0x2BDD,
	0x062E, 0x8652,
	0x0630, 0x4116,
	0x0632, 0x780B,
	0x0634, 0x8795,
	0x0636, 0x4583,
	0x0638, 0xF043,
	0x063A, 0x1195,
	0x063C, 0xA930,
	0x063E, 0x9B65,
	0x0640, 0xD35B,
	0x0642, 0xF5BC,
	0x0644, 0x1F2D,
	0x0646, 0x2F9A,
	0x0648, 0x0363,
	0x064A, 0x9A2B,
	0x064C, 0x1765,
	0x064E, 0xA1E7,
	0x0650, 0x0FE8,
	0x0652, 0x83D9,
	0x0654, 0x8958,
	0x0656, 0x9BCE,
	0x0658, 0x35BF,
	0x065A, 0x5C12,
	0x065C, 0xE24B,
	0x065E, 0xDFD2,
	0x0660, 0xBA9C,
	0x0662, 0x3A49,
	0x0664, 0x75CB,
	0x0666, 0x8CF0,
	0x0668, 0xDE31,
	0x066A, 0x434C,
	0x066C, 0xF298,
	0x066E, 0xF2ED,
	0x0670, 0xA1B4,
	0x0672, 0xBDD4,
	0x0674, 0xF0AF,
	0x0676, 0x1BEE,
	0x0678, 0x9A01,
	0x067A, 0x8E39,
	0x067C, 0x5ACB,
	0x067E, 0xE29D,
	0x0680, 0xABF0,
	0x0682, 0x8844,
	0x0684, 0x79D3,
	0x0686, 0x059E,
	0x0688, 0xA032,
	0x068A, 0xE5C9,
	0x068C, 0xC358,
	0x068E, 0x13CA,
	0x0690, 0x30EA,
	0x0692, 0x53BC,
	0x0694, 0x768C,
	0x0696, 0x4094,
	0x0698, 0x169D,
	0x069A, 0x1342,
	0x069C, 0xCD28,
	0x069E, 0x67F7,
	0x06A0, 0xE8FD,
	0x06A2, 0x6164,
	0x06A4, 0xBDFC,
	0x06A6, 0xF885,
	0x06A8, 0x8EF8,
	0x06AA, 0x6C61,
	0x06AC, 0xAD4C,
	0x06AE, 0x6FF0,
	0x06B0, 0xF480,
	0x06B2, 0xF49A,
	0x06B4, 0x17F5,
	0x06B6, 0xFAC8,
	0x06B8, 0x236B,
	0x06BA, 0x45F1,
	0x06BC, 0xA610,
	0x06BE, 0xC5CA,
	0x06C0, 0xEBC9,
	0x06C2, 0x5CD7,
	0x06C4, 0x9C24,
	0x06C6, 0xA144,
	0x06C8, 0x2233,
	0x06CA, 0x78C9,
	0x06CC, 0x3599,
	0x06CE, 0xE15E,
	0x06D0, 0xA7F5,
	0x06D2, 0xC61F,
	0x06D4, 0xD1BB,
	0x06D6, 0xDC1D,
	0x06D8, 0xDDA7,
	0x06DA, 0xD6CE,
	0x06DC, 0x2706,
	0x06DE, 0xE309,
	0x06E0, 0x7488,
	0x06E2, 0xF428,
	0x06E4, 0x995A,
	0x06E6, 0x66EC,
	0x06E8, 0x2974,
	0x06EA, 0x9260,
	0x06EC, 0x426D,
	0x06EE, 0x5029,
	0x06F0, 0x6FF8,
	0x06F2, 0x76A5,
	0x06F4, 0x0FF8,
	0x06F6, 0x5538,
	0x06F8, 0x7636,
	0x06FA, 0xBA30,
	0x06FC, 0x1D76,
	0x06FE, 0x283E,
	0x0700, 0xDFC4,
	0x0702, 0x347F,
	0x0704, 0x7C16,
	0x0706, 0x7B92,
	0x0708, 0x418E,
	0x070A, 0xC437,
	0x070C, 0x0AED,
	0x070E, 0xECF2,
	0x0710, 0xF020,
	0x0712, 0x3C9D,
	0x0714, 0xA06C,
	0x0716, 0x9686,
	0x0718, 0x3881,
	0x071A, 0xC047,
	0x071C, 0xF31B,
	0x071E, 0x5C1C,
	0x0720, 0x9B66,
	0x0722, 0x7559,
	0x0724, 0x428E,
	0x0726, 0xF301,
	0x0728, 0xE764,
	0x072A, 0x0140,
	0x072C, 0x67FF,
	0x072E, 0x2533,
	0x0730, 0xC95C,
	0x0732, 0x0853,
	0x0734, 0x1C4C,
	0x0736, 0xA749,
	0x0738, 0x60B3,
	0x073A, 0xC4E4,
	0x073C, 0xD99D,
	0x073E, 0x35D0,
	0x0740, 0xEC2A,
	0x0742, 0xB695,
	0x0744, 0x8755,
	0x0746, 0x7FCE,
	0x0748, 0x0CA2,
	0x074A, 0x3BEB,
	0x074C, 0x2307,
	0x074E, 0x7A50,
	0x0750, 0x2BBA,
	0x0752, 0x26A6,
	0x0754, 0x3385,
	0x0756, 0xE543,
	0x0758, 0x9CA7,
	0x075A, 0x5F83,
	0x075C, 0xC9AD,
	0x075E, 0x1CA5,
	0x0760, 0xAC3B,
	0x0762, 0x19C3,
	0x0764, 0x3D83,
	0x0766, 0xE8C2,
	0x0768, 0x9D0E,
	0x076A, 0x3A34,
	0x076C, 0xA390,
	0x076E, 0x9C27,
	0x0770, 0x77A5,
	0x0772, 0x4733,
	0x0774, 0x56C9,
	0x0776, 0x8B14,
	0x0778, 0x6AD6,
	0x077A, 0x9AE7,
	0x077C, 0x98CD,
	0x077E, 0xDD60,
	0x0780, 0x29B3,
	0x0782, 0x84E9,
	0x0784, 0x3244,
	0x0786, 0x18A3,
	0x0788, 0x7619,
	0x078A, 0x3FE9,
	0x078C, 0x3835,
	0x078E, 0x4DFE,
	0x0790, 0xB32F,
	0x0792, 0x480D,
	0x0794, 0x18DC,
	0x0796, 0x7F71,
	0x0798, 0x6C72,
	0x079A, 0xCC02,
	0x079C, 0x7C73,
	0x079E, 0x3EAA,
	0x07A0, 0xBAEF,
	0x07A2, 0xC651,
	0x07A4, 0x4D4B,
	0x07A6, 0x97BA,
	0x07A8, 0x0738,
	0x07AA, 0x0697,
	0x07AC, 0xD722,
	0x07AE, 0x42A5,
	0x07B0, 0x5B02,
	0x07B2, 0x08EB,
	0x07B4, 0xA720,
	0x07B6, 0x2555,
	0x07B8, 0xD9A8,
	0x07BA, 0xBDB9,
	0x07BC, 0xEE46,
	0x07BE, 0xAC77,
	0x07C0, 0xC7A0,
	0x07C2, 0xFDD4,
	0x07C4, 0x60A2,
	0x07C6, 0x0279,
	0x07C8, 0x3F67,
	0x07CA, 0x8620,
	0x07CC, 0xB0A1,
	0x07CE, 0xF4F2,
	0x07D0, 0x70EC,
	0x07D2, 0x12FD,
	0x07D4, 0x2FD8,
	0x07D6, 0xFDB7,
	0x07D8, 0x2BE0,
	0x07DA, 0xC2D9,
	0x07DC, 0x5F8C,
	0x07DE, 0x52E9,
	0x07E0, 0x6537,
	0x07E2, 0x69C9,
	0x07E4, 0xEA3D,
	0x07E6, 0x2C1E,
	0x07E8, 0x5173,
	0x07EA, 0x37A3,
	0x07EC, 0x7D60,
	0x07EE, 0x7788,
	0x07F0, 0xEFBA,
	0x07F2, 0xD464,
	0x07F4, 0x9B30,
	0x07F6, 0x906C,
	0x07F8, 0x56D2,
	0x07FA, 0x3FAC,
	0x07FC, 0xA523,
	0x07FE, 0x2653,
	0x0800, 0x0AD9,
	0x0802, 0x4C9F,
	0x0804, 0x1D6D,
	0x0806, 0x6209,
	0x0808, 0xB9D9,
	0x080A, 0x88F8,
	0x080C, 0x1C8C,
	0x080E, 0x0BF7,
	0x0810, 0xAA77,
	0x0812, 0xAADE,
	0x0814, 0xC4D7,
	0x0816, 0x283D,
	0x0818, 0x547E,
	0x081A, 0xD9F0,
	0x081C, 0x2FB5,
	0x081E, 0x0FD6,
	0x0820, 0x3C7B,
	0x0822, 0x0AB3,
	0x0824, 0xF393,
	0x0826, 0x6AE5,
	0x0828, 0x1638,
	0x082A, 0x3719,
	0x082C, 0x2E29,
	0x082E, 0x73AF,
	0x0830, 0x3DB4,
	0x0832, 0x55BD,
	0x0834, 0xA7DF,
	0x0836, 0x2E88,
	0x0838, 0x74B0,
	0x083A, 0x6CB7,
	0x083C, 0xEB40,
	0x083E, 0xFCE4,
	0x0840, 0xC674,
	0x0842, 0xF998,
	0x0844, 0xF1C7,
	0x0846, 0x056F,
	0x0848, 0x3961,
	0x084A, 0xA06C,
	0x084C, 0x933E,
	0x084E, 0x54A6,
	0x0850, 0x5DEF,
	0x0852, 0x147F,
	0x0854, 0xDCBF,
	0x0856, 0x2644,
	0x0858, 0xDB2C,
	0x085A, 0x409A,
	0x085C, 0xF6F5,
	0x085E, 0x87A3,
	0x0860, 0x0D60,
	0x0862, 0x9804,
	0x0864, 0xB762,
	0x0866, 0x5D37,
	0x0868, 0x1DFC,
	0x086A, 0xE637,
	0x086C, 0xDE2A,
	0x086E, 0x4B32,
	0x0870, 0x0B3B,
	0x0872, 0x5D4E,
	0x0874, 0x651A,
	0x0876, 0x599E,
	0x0878, 0x6902,
	0x087A, 0x2D12,
	0x087C, 0xE727,
	0x087E, 0x1835,
	0x0880, 0xEC1F,
	0x0882, 0x08A8,
	0x0884, 0x24AD,
	0x0886, 0x2FFC,
	0x0888, 0x4655,
	0x088A, 0xDB3B,
	0x088C, 0xF7E3,
	0x088E, 0x974C,
	0x0890, 0x1CE1,
	0x0892, 0x9D27,
	0x0894, 0xD12A,
	0x0896, 0x758D,
	0x0898, 0xE7AF,
	0x089A, 0x7214,
	0x089C, 0xEA66,
	0x089E, 0xB1AC,
	0x08A0, 0x065D,
	0x08A2, 0x166E,
	0x08A4, 0x6D9B,
	0x08A6, 0x87FB,
	0x08A8, 0x0490,
	0x08AA, 0xC026,
	0x08AC, 0xA264,
	0x08AE, 0xC76A,
	0x08B0, 0x4594,
	0x08B2, 0xAFAB,
	0x08B4, 0x1F5D,
	0x08B6, 0x188F,
	0x08B8, 0x02B2,
	0x08BA, 0xCD4C,
	0x08BC, 0x2D74,
	0x08BE, 0xDBE5,
	0x08C0, 0x16AD,
	0x08C2, 0xA15B,
	0x08C4, 0xFA68,
	0x08C6, 0xFCB9,
	0x08C8, 0xD5B6,
	0x08CA, 0x37F5,
	0x08CC, 0x52BB,
	0x08CE, 0xDD31,
	0x08D0, 0x6B85,
	0x08D2, 0x8823,
	0x08D4, 0x2EC9,
	0x08D6, 0x2578,
	0x08D8, 0xE06E,
	0x08DA, 0x0A05,
	0x08DC, 0x03CE,
	0x08DE, 0x5640,
	0x08E0, 0x6CC8,
	0x08E2, 0xBB30,
	0x08E4, 0xD388,
	0x08E6, 0x060B,
	0x08E8, 0xE942,
	0x08EA, 0xEB50,
	0x08EC, 0x4F3E,
	0x08EE, 0xBFAC,
	0x08F0, 0xAF92,
	0x08F2, 0xDE75,
	0x08F4, 0x4BD9,
	0x08F6, 0xE884,
	0x08F8, 0x800F,
	0x08FA, 0xEB1A,
	0x08FC, 0x2D67,
	0x08FE, 0xB034,
	0x0900, 0xDDC3,
	0x0902, 0x3DBD,
	0x0904, 0x5452,
	0x0906, 0x8B22,
	0x0908, 0x12DC,
	0x090A, 0x3DE4,
	0x090C, 0x79CE,
	0x090E, 0x6CA3,
	0x0910, 0x5392,
	0x0912, 0x1619,
	0x0914, 0xC270,
	0x0916, 0x567D,
	0x0918, 0x6523,
	0x091A, 0x4452,
	0x091C, 0xA261,
	0x091E, 0xDA52,
	0x0920, 0x689E,
	0x0922, 0xB735,
	0x0924, 0x1537,
	0x0926, 0xCF0D,
	0x0928, 0x95D8,
	0x092A, 0x714B,
	0x092C, 0x73D3,
	0x092E, 0xE554,
	0x0930, 0xFAE1,
	0x0932, 0x3DD5,
	0x0934, 0xF5AC,
	0x0936, 0xCDAE,
	0x0938, 0xACED,
	0x093A, 0x3AF5,
	0x093C, 0xADBD,
	0x093E, 0x0F7B,
	0x0940, 0x7957,
	0x0942, 0xB1AF,
	0x0944, 0x08AD,
	0x0946, 0x945B,
	0x0948, 0xFB48,
	0x094A, 0x6FCD,
	0x094C, 0x6C7E,
	0x094E, 0xE48B,
	0x0950, 0xF67F,
	0x0952, 0x4608,
	0x0954, 0x78F3,
	0x0956, 0x536C,
	0x0958, 0x5769,
	0x095A, 0x1406,
	0x095C, 0xDCEE,
	0x095E, 0xA088,
	0x0960, 0x4F21,
	0x0962, 0xD399,
	0x0964, 0x0B59,
	0x0966, 0x4804,
	0x0968, 0xF0B3,
	0x096A, 0xBB49,
	0x096C, 0x06FD,
	0x096E, 0x25FD,
	0x0970, 0x428F,
	0x0972, 0x1141,
	0x0974, 0x8935,
	0x0976, 0x61A4,
	0x0978, 0x44E0,
	0x097A, 0xD114,
	0x097C, 0xA3A6,
	0x097E, 0xCA08,
	0x0980, 0x1230,
	0x0982, 0x06FA,
	0x0984, 0x15B7,
	0x0986, 0x95F5,
	0x0988, 0x9735,
	0x098A, 0x28BC,
	0x098C, 0x9856,
	0x098E, 0xB24E,
	0x0990, 0x60CD,
	0x0992, 0xED8F,
	0x0994, 0xE998,
	0x0996, 0x8526,
	0x0998, 0x2EDA,
	0x099A, 0x0A83,
	0x099C, 0x43A6,
	0x099E, 0x0396,
	0x09A0, 0x4340,
	0x09A2, 0x394F,
	0x09A4, 0x899E,
	0x09A6, 0x73F5,
	0x09A8, 0x9909,
	0x09AA, 0xE8D9,
	0x09AC, 0xA19E,
	0x09AE, 0xD51A,
	0x09B0, 0x34C0,
	0x09B2, 0xA6B7,
	0x09B4, 0x6CB9,
	0x09B6, 0x4F27,
	0x09B8, 0xDA61,
	0x09BA, 0x5EAF,
	0x09BC, 0x5604,
	0x09BE, 0x4D00,
	0x09C0, 0x9291,
	0x09C2, 0x9080,
	0x09C4, 0xFCA7,
	0x09C6, 0xEA63,
	0x09C8, 0xD89E,
	0x09CA, 0x457A,
	0x09CC, 0xD1E3,
	0x09CE, 0xB779,
	0x09D0, 0xDD82,
	0x09D2, 0x39E5,
	0x09D4, 0xCE20,
	0x09D6, 0x7618,
	0x09D8, 0x35C2,
	0x09DA, 0xB7EE,
	0x09DC, 0x3DA9,
	0x09DE, 0x7A37,
	0x09E0, 0x31BB,
	0x09E2, 0xFDD3,
	0x09E4, 0x1EFD,
	0x09E6, 0x1A8F,
	0x09E8, 0x8DE7,
	0x09EA, 0x5FDD,
	0x09EC, 0xA8DD,
	0x09EE, 0x0E23,
	0x09F0, 0xC19B,
	0x09F2, 0x150A,
	0x09F4, 0x5EF6,
	0x09F6, 0xF169,
	0x09F8, 0xFFA6,
	0x09FA, 0xF915,
	0x09FC, 0x031E,
	0x09FE, 0x4772,
	0x0A00, 0xAA7F,
	0x0A02, 0xE02C,
	0x0A04, 0xD7B3,
	0x0A06, 0x11D4,
	0x0A08, 0x1419,
	0x0A0A, 0xCBD0,
	0x0A0C, 0xFDE9,
	0x0A0E, 0xFE88,
	0x0A10, 0x1F7E,
	0x0A12, 0xF3CE,
	0x0A14, 0xC134,
	0x0A16, 0x9914,
	0x0A18, 0x49EF,
	0x0A1A, 0x6D36,
	0x0A1C, 0x6163,
	0x0A1E, 0x892F,
	0x0A20, 0x10C2,
	0x0A22, 0x44D1,
	0x0A24, 0xC740,
	0x0A26, 0xDF64,
	0x0A28, 0x4CEA,
	0x0A2A, 0x1D2B,
	0x0A2C, 0xE471,
	0x0A2E, 0x26ED,
	0x0A30, 0x9920,
	0x0A32, 0xD851,
	0x0A34, 0xB20C,
	0x0A36, 0x072D,
	0x0A38, 0xDB80,
	0x0A3A, 0xC508,
	0x0A3C, 0x8A8B,
	0x0A3E, 0x2D06,
	0x0A40, 0xFF4E,
	0x0A42, 0x59C2,
	0x0A44, 0xE978,
	0x0A46, 0x875F,
	0x0A48, 0x75A3,
	0x0A4A, 0xF8C0,
	0x0A4C, 0xB9F1,
	0x0A4E, 0x9A5B,
	0x0A50, 0x4535,
	0x0A52, 0x1C10,
	0x0A54, 0x7E1D,
	0x0A56, 0xE471,
	0x0A58, 0xC086,
	0x0A5A, 0x73D6,
	0x0A5C, 0x9BBA,
	0x0A5E, 0x826D,
	0x0A60, 0x64E8,
	0x0A62, 0xB02C,
	0x0A64, 0xBAB3,
	0x0A66, 0x255B,
	0x0A68, 0x1E5F,
	0x0A6A, 0x4973,
	0x0A6C, 0xBCE3,
	0x0A6E, 0x5958,
	0x0A70, 0xDFBE,
	0x0A72, 0x85F8,
	0x0A74, 0xA220,
	0x0A76, 0x0917,
	0x0A78, 0xB893,
	0x0A7A, 0x0512,
	0x0A7C, 0xEFF2,
	0x0A7E, 0x3956,
	0x0A80, 0x2232,
	0x0A82, 0x17B9,
	0x0A84, 0x8527,
	0x0A86, 0xCD91,
	0x0A88, 0x89C5,
	0x0A8A, 0x52B7,
	0x0A8C, 0x6947,
	0x0A8E, 0xB5C4,
	0x0A90, 0x46F7,
	0x0A92, 0xA02F,
	0x0A94, 0x7446,
	0x0A96, 0x2BDC,
	0x0A98, 0x93D3,
	0x0A9A, 0x21BE,
	0x0A9C, 0x2494,
	0x0A9E, 0x7A43,
	0x0AA0, 0x4615,
	0x0AA2, 0xDF0C,
	0x0AA4, 0xBE13,
	0x0AA6, 0x7A1E,
	0x0AA8, 0x80B9,
	0x0AAA, 0xB648,
	0x0AAC, 0x9FA4,
	0x0AAE, 0xDFBA,
	0x0AB0, 0x47FC,
	0x0AB2, 0x9E45,
	0x0AB4, 0x214E,
	0x0AB6, 0xAEDC,
	0x0AB8, 0x1708,
	0x0ABA, 0x7CD1,
	0x0ABC, 0x7767,
	0x0ABE, 0x725D,
	0x0AC0, 0xA1C5,
	0x0AC2, 0xC4CA,
	0x0AC4, 0x97BD,
	0x0AC6, 0x4747,
	0x0AC8, 0xF342,
	0x0ACA, 0x7AAF,
	0x0ACC, 0x0996,
	0x0ACE, 0x6978,
	0x0AD0, 0x4C2D,
	0x0AD2, 0x5A9E,
	0x0AD4, 0xEA6A,
	0x0AD6, 0xC5A6,
	0x0AD8, 0xA8E7,
	0x0ADA, 0xA0CE,
	0x0ADC, 0x8D6B,
	0x0ADE, 0x9EC7,
	0x0AE0, 0xA65B,
	0x0AE2, 0x933C,
	0x0AE4, 0x717D,
	0x0AE6, 0x35DC,
	0x0AE8, 0x193F,
	0x0AEA, 0x5C4A,
	0x0AEC, 0xB3F0,
	0x0AEE, 0xFFB8,
	0x0AF0, 0xEE9E,
	0x0AF2, 0xC998,
	0x0AF4, 0x9FAF,
	0x0AF6, 0xD349,
	0x0AF8, 0x7EC0,
	0x0AFA, 0x5CA9,
	0x0AFC, 0x5E15,
	0x0AFE, 0x2A40,
	0x0B00, 0x0BFD,
	0x0B02, 0x2EBC,
	0x0B04, 0x0500,
	0x0B06, 0x45BB,
	0x0B08, 0x600B,
	0x0B0A, 0x201A,
	0x0B0C, 0xADFA,
	0x0B0E, 0xBA4F,
	0x0B10, 0xD181,
	0x0B12, 0xE92F,
	0x0B14, 0x5978,
	0x0B16, 0x36F3,
	0x0B18, 0x35DD,
	0x0B1A, 0x2061,
	0x0B1C, 0xFE2F,
	0x0B1E, 0xCA7F,
	0x0B20, 0xD09A,
	0x0B22, 0x8BBC,
	0x0B24, 0x5603,
	0x0B26, 0xF30E,
	0x0B28, 0x810B,
	0x0B2A, 0x79B5,
	0x0B2C, 0xC600,
	0x0B2E, 0x8A7A,
	0x0B30, 0x3745,
	0x0B32, 0x092F,
	0x0B34, 0x4365,
	0x0B36, 0x5E37,
	0x0B38, 0xE3D4,
	0x0B3A, 0xFD7B,
	0x0B3C, 0xDC10,
	0x0B3E, 0x9F36,
	0x0B40, 0x77E7,
	0x0B42, 0xDBB4,
	0x0B44, 0x9B60,
	0x0B46, 0x61A8,
	0x0B48, 0x3DD2,
	0x0B4A, 0x33F5,
	0x0B4C, 0xB57F,
	0x0B4E, 0x0B53,
	0x0B50, 0x38CD,
	0x0B52, 0x1BD9,
	0x0B54, 0x2402,
	0x0B56, 0xBF67,
	0x0B58, 0xF897,
	0x0B5A, 0x8BD2,
	0x0B5C, 0x1991,
	0x0B5E, 0x659B,
	0x0B60, 0x1C8D,
	0x0B62, 0xF478,
	0x0B64, 0x2F3C,
	0x0B66, 0xC7AA,
	0x0B68, 0x8DBB,
	0x0B6A, 0x8EFB,
	0x0B6C, 0x5794,
	0x0B6E, 0x454E,
	0x0B70, 0xD0C3,
	0x0B72, 0xBF1A,
	0x0B74, 0x5A12,
	0x0B76, 0x4BAB,
	0x0B78, 0x6602,
	0x0B7A, 0x89A9,
	0x0B7C, 0x474F,
	0x0B7E, 0x3195,
	0x0B80, 0xC54F,
	0x0B82, 0xF4AF,
	0x0B84, 0x262C,
	0x0B86, 0x7396,
	0x0B88, 0x1058,
	0x0B8A, 0x1EBD,
	0x0B8C, 0x6CA2,
	0x0B8E, 0xF734,
	0x0B90, 0x31ED,
	0x0B92, 0x9C13,
	0x0B94, 0x424A,
	0x0B96, 0xAD16,
	0x0B98, 0xA521,
	0x0B9A, 0x7079,
	0x0B9C, 0x422D,
	0x0B9E, 0x61B9,
	0x0BA0, 0x68B7,
	0x0BA2, 0x94D6,
	0x0BA4, 0xEE4D,
	0x0BA6, 0xE618,
	0x0BA8, 0x470F,
	0x0BAA, 0x6C75,
	0x0BAC, 0x50EC,
	0x0BAE, 0x5B83,
	0x0BB0, 0x2CC9,
	0x0BB2, 0x9E51,
	0x0BB4, 0x0647,
	0x0BB6, 0x222C,
	0x0BB8, 0x9A8D,
	0x0BBA, 0x3911,
	0x0BBC, 0xC5C8,
	0x0BBE, 0x324C,
	0x0BC0, 0x13B6,
	0x0BC2, 0xCAED,
	0x0BC4, 0x746F,
	0x0BC6, 0x700C,
	0x0BC8, 0x06DA,
	0x0BCA, 0x801A,
	0x0BCC, 0xC169,
	0x0BCE, 0xA37B,
	0x0BD0, 0x523B,
	0x0BD2, 0x9BA9,
	0x0BD4, 0x12B0,
	0x0BD6, 0x6188,
	0x0BD8, 0x5014,
	0x0BDA, 0x32CB,
	0x0BDC, 0x7CE1,
	0x0BDE, 0xFCCA,
	0x0BE0, 0x0A1D,
	0x0BE2, 0x1E4F,
	0x0BE4, 0x5C7E,
	0x0BE6, 0x5CE9,
	0x0BE8, 0xE3FC,
	0x0BEA, 0x2F4B,
	0x0BEC, 0xB89A,
	0x0BEE, 0x890A,
	0x0BF0, 0x1DD4,
	0x0BF2, 0xA4C6,
	0x0BF4, 0x0290,
	0x0BF6, 0x96C1,
	0x0BF8, 0x4A3C,
	0x0BFA, 0x5286,
	0x0BFC, 0xFAD6,
	0x0BFE, 0x7147,
	0x0C00, 0xBDF1,
	0x0C02, 0x7BF1,
	0x0C04, 0x85C9,
	0x0C06, 0x2CA9,
	0x0C08, 0x2FF6,
	0x0C0A, 0xDAE7,
	0x0C0C, 0xE58B,
	0x0C0E, 0x7660,
	0x0C10, 0xA08D,
	0x0C12, 0x3B64,
	0x0C14, 0x0B48,
	0x0C16, 0xB19A,
	0x0C18, 0x73CF,
	0x0C1A, 0x9CEC,
	0x0C1C, 0xD584,
	0x0C1E, 0x32C4,
	0x0C20, 0x8B8E,
	0x0C22, 0xB2CE,
	0x0C24, 0x8BE1,
	0x0C26, 0xD13E,
	0x0C28, 0x9A19,
	0x0C2A, 0x643B,
	0x0C2C, 0x5D30,
	0x0C2E, 0x021C,
	0x0C30, 0x9095,
	0x0C32, 0x53AC,
	0x0C34, 0x1800,
	0x0C36, 0xF160,
	0x0C38, 0x1F66,
	0x0C3A, 0x6119,
	0x0C3C, 0x0FD1,
	0x0C3E, 0x57E6,
	0x0C40, 0xB653,
	0x0C42, 0x7E42,
	0x0C44, 0x19EE,
	0x0C46, 0x0182,
	0x0C48, 0xB99F,
	0x0C4A, 0xFAD9,
	0x0C4C, 0xFB88,
	0x0C4E, 0x4065,
	0x0C50, 0x8E87,
	0x0C52, 0xC38D,
	0x0C54, 0x5FF4,
	0x0C56, 0x1BBD,
	0x0C58, 0x0F08,
	0x0C5A, 0x04BE,
	0x0C5C, 0x7F92,
	0x0C5E, 0xC136,
	0x0C60, 0xE82A,
	0x0C62, 0x0BBD,
	0x0C64, 0x552A,
	0x0C66, 0x204C,
	0x0C68, 0x87EC,
	0x0C6A, 0xF837,
	0x0C6C, 0xB249,
	0x0C6E, 0x1451,
	0x0C70, 0x08FD,
	0x0C72, 0xBE66,
	0x0C74, 0xFD2C,
	0x0C76, 0x92C4,
	0x0C78, 0x0F08,
	0x0C7A, 0xB288,
	0x0C7C, 0x2952,
	0x0C7E, 0x4120,
	0x0C80, 0x799C,
	0x0C82, 0x37E6,
	0x0C84, 0x3E5D,
	0x0C86, 0xB830,
	0x0C88, 0xF959,
	0x0C8A, 0x3902,
	0x0C8C, 0xE4A0,
	0x0C8E, 0x3D6F,
	0x0C90, 0x0183,
	0x0C92, 0x1ECD,
	0x0C94, 0x2664,
	0x0C96, 0x10A0,
	0x0C98, 0x6CAD,
	0x0C9A, 0x3137,
	0x0C9C, 0x5549,
	0x0C9E, 0x618E,
	0x0CA0, 0x953B,
	0x0CA2, 0x0C6E,
	0x0CA4, 0x0469,
	0x0CA6, 0x70A3,
	0x0CA8, 0x8D91,
	0x0CAA, 0xCC2D,
	0x0CAC, 0x670F,
	0x0CAE, 0x8119,
	0x0CB0, 0xCD73,
	0x0CB2, 0x6F5B,
	0x0CB4, 0xE8DC,
	0x0CB6, 0x588D,
	0x0CB8, 0x1E33,
	0x0CBA, 0xBEC6,
	0x0CBC, 0xCF33,
	0x0CBE, 0xA96B,
	0x0CC0, 0xD194,
	0x0CC2, 0x9D6D,
	0x0CC4, 0x37E7,
	0x0CC6, 0x2C70,
	0x0CC8, 0x3B5C,
	0x0CCA, 0xE228,
	0x0CCC, 0x498A,
	0x0CCE, 0xF798,
	0x0CD0, 0x7C0A,
	0x0CD2, 0x162B,
	0x0CD4, 0xCCDF,
	0x0CD6, 0xD70E,
	0x0CD8, 0xA0DB,
	0x0CDA, 0x15E0,
	0x0CDC, 0x2DA3,
	0x0CDE, 0xBFFA,
	0x0CE0, 0x82B9,
	0x0CE2, 0x8286,
	0x0CE4, 0xCA44,
	0x0CE6, 0x6820,
	0x0CE8, 0x431A,
	0x0CEA, 0x26F8,
	0x0CEC, 0xF92B,
	0x0CEE, 0xA71E,
	0x0CF0, 0x2582,
	0x0CF2, 0xA168,
	0x0CF4, 0x90C1,
	0x0CF6, 0xC541,
	0x0CF8, 0xFE04,
	0x0CFA, 0xEC07,
	0x0CFC, 0x1C1A,
	0x0CFE, 0xC56C,
	0x0D00, 0x34CB,
	0x0D02, 0xD4F6,
	0x0D04, 0x5FE5,
	0x0D06, 0x9A3E,
	0x0D08, 0x8137,
	0x0D0A, 0xD419,
	0x0D0C, 0x9AE5,
	0x0D0E, 0xE494,
	0x0D10, 0xAB06,
	0x0D12, 0xA93A,
	0x0D14, 0x4585,
	0x0D16, 0xFF92,
	0x0D18, 0xBE30,
	0x0D1A, 0x8596,
	0x0D1C, 0x381D,
	0x0D1E, 0x4E49,
	0x0D20, 0xB60C,
	0x0D22, 0x7FE6,
	0x0D24, 0xD4DC,
	0x0D26, 0xEED0,
	0x0D28, 0x0A1D,
	0x0D2A, 0xA73B,
	0x0D2C, 0x2494,
	0x0D2E, 0x1A8D,
	0x0D30, 0xB41D,
	0x0D32, 0x0EEE,
	0x0D34, 0x00D4,
	0x0D36, 0x1D9F,
	0x0D38, 0x100A,
	0x0D3A, 0x1530,
	0x0D3C, 0x1C54,
	0x0D3E, 0x81F7,
	0x0D40, 0xC1A6,
	0x0D42, 0x3A35,
	0x0D44, 0xE004,
	0x0D46, 0x0665,
	0x0D48, 0xBDE1,
	0x0D4A, 0xD758,
	0x0D4C, 0xA66B,
	0x0D4E, 0x49A8,
	0x0D50, 0x6411,
	0x0D52, 0xB160,
	0x0D54, 0x8B78,
	0x0D56, 0xFF8C,
	0x0D58, 0x3D83,
	0x0D5A, 0xEDF7,
	0x0D5C, 0x6062,
	0x0D5E, 0x3E64,
	0x0D60, 0x2CD9,
	0x0D62, 0xB3E3,
	0x0D64, 0xAA89,
	0x0D66, 0xA556,
	0x0D68, 0x68C2,
	0x0D6A, 0x696A,
	0x0D6C, 0xD860,
	0x0D6E, 0x004E,
	0x0D70, 0x0D77,
	0x0D72, 0x2663,
	0x0D74, 0xC2D4,
	0x0D76, 0x2302,
	0x0D78, 0x066C,
	0x0D7A, 0x18B7,
	0x0D7C, 0x651B,
	0x0D7E, 0xF53D,
	0x0D80, 0xAF7F,
	0x0D82, 0x3672,
	0x0D84, 0x2EC2,
	0x0D86, 0xA66D,
	0x0D88, 0x12F0,
	0x0D8A, 0xA7D4,
	0x0D8C, 0x7C35,
	0x0D8E, 0x383B,
	0x0D90, 0x8733,
	0x0D92, 0x4C3F,
	0x0D94, 0xF373,
	0x0D96, 0xDFD8,
	0x0D98, 0x44D1,
	0x0D9A, 0xD655,
	0x0D9C, 0x389C,
	0x0D9E, 0x8C93,
	0x0DA0, 0x3C56,
	0x0DA2, 0x2F4B,
	0x0DA4, 0x44B9,
	0x0DA6, 0x9565,
	0x0DA8, 0xE241,
	0x0DAA, 0xD364,
	0x0DAC, 0xF17D,
	0x0DAE, 0x886C,
	0x0DB0, 0x6F55,
	0x0DB2, 0xCED3,
	0x0DB4, 0xD234,
	0x0DB6, 0x4FA1,
	0x0DB8, 0xE200,
	0xFCFC, 0x4000
};
static u16 chagalls5kjn5tele_fcm1_setting[] = {
};

static u16 chagalls5kjn5tele_fcm2_setting[] = {
};


static u16 chagalls5kjn5tele_fcm3_setting[] = {
};

//not use FCM4
static u16 chagalls5kjn5tele_fcm4_setting[] = {
	0xFCFC, 0x4000,
	0x0B30, 0x01FF,
	0xFCFC, 0x2000,
	0x3D44, 0x0000,
	0x3D88, 0xFCFC,
	0x3D8A, 0xFEFF,
	0x3D8C, 0xFCFC,
	0x3D8E, 0xFEFF,
	0x3D90, 0xFCFC,
	0x3D92, 0xFEFF,
	0x3D94, 0xFCFC,
	0x3D96, 0xFEFF,
	0x3FE0, 0x0324,
	0x3FE2, 0x0080,
	0x3FE4, 0x0000,
	0x3FE6, 0x0000,
	0x4238, 0x0324,
	0x423A, 0x0080,
	0x423C, 0x0324,
	0x423E, 0x3887,
	0x4240, 0x0000,
	0x4242, 0x0000,
	0x4490, 0x0324,
	0x4492, 0x0080,
	0x4494, 0x0324,
	0x4496, 0x3489,
	0x4498, 0x0000,
	0x449A, 0x0000,
	0x46E8, 0x0000,
	0x46EA, 0x0000,
	0x46EC, 0x0000,
	0x46EE, 0x0000,
	0x46F0, 0x0000,
	0x46F2, 0x0000,
	0x4940, 0x0000,
	0x4942, 0x0000,
	0x4944, 0x0000,
	0x4946, 0x0000,
	0x4B98, 0x0000,
	0x4B9A, 0x0000,
	0x4B9C, 0x0000,
	0x4B9E, 0x0000,
	0x4DF0, 0x0000,
	0x4DF2, 0x0000,
	0x4DF4, 0x0000,
	0x4DF6, 0x0000,
	0xFCFC, 0x2003,
	0x8000, 0xFFFE,
	0x8002, 0x2400,
	0x8004, 0xFFFD,
	0x8006, 0x0086,
	0x8008, 0x1400,
	0x800A, 0x0112,
	0x800C, 0x0A0C,
	0x800E, 0x0114,
	0x8010, 0x0103,
	0x8012, 0x0118,
	0x8014, 0x0400,
	0x8016, 0x011A,
	0x8018, 0x0100,
	0x801A, 0x011C,
	0x801C, 0x0101,
	0x801E, 0x0136,
	0x8020, 0x1800,
	0x8022, 0x013E,
	0x8024, 0x0000,
	0x8026, 0x020A,
	0x8028, 0x0000,
	0x802A, 0x021E,
	0x802C, 0x0000,
	0x802E, 0x0228,
	0x8030, 0x0001,
	0x8032, 0x0270,
	0x8034, 0x2B2C,
	0x8036, 0x0272,
	0x8038, 0x102B,
	0x803A, 0x0274,
	0x803C, 0x2B30,
	0x803E, 0x0304,
	0x8040, 0x0003,
	0x8042, 0x0306,
	0x8044, 0x00E6,
	0x8046, 0x031A,
	0x8048, 0x0003,
	0x804A, 0x031C,
	0x804C, 0x0028,
	0x804E, 0x031E,
	0x8050, 0x0002,
	0x8052, 0x0342,
	0x8054, 0x1440,
	0x8056, 0x0400,
	0x8058, 0x1010,
	0x805A, 0x0408,
	0x805C, 0x0100,
	0x805E, 0x040A,
	0x8060, 0x0100,
	0x8062, 0x040C,
	0x8064, 0x0000,
	0x8066, 0x0720,
	0x8068, 0x0001,
	0x806A, 0x0722,
	0x806C, 0x0008,
	0x806E, 0x0724,
	0x8070, 0x0000,
	0x8072, 0x0808,
	0x8074, 0x0000,
	0x8076, 0x0900,
	0x8078, 0x2222,
	0x807A, 0x0936,
	0x807C, 0x0000,
	0x807E, 0x0C40,
	0x8080, 0x0000,
	0x8082, 0x0E00,
	0x8084, 0x0300,
	0x8086, 0x22C2,
	0x8088, 0x0006,
	0x808A, 0x22C4,
	0x808C, 0x1FFF,
	0x808E, 0x22EC,
	0x8090, 0x001F,
	0x8092, 0x2306,
	0x8094, 0x3FFF,
	0x8096, 0x2314,
	0x8098, 0x00FF,
	0x809A, 0x2354,
	0x809C, 0x0003,
	0x809E, 0x23F0,
	0x80A0, 0x0100,
	0x80A2, 0x68DE,
	0x80A4, 0x0000,
	0x80A6, 0x703C,
	0x80A8, 0x0101,
	0x80AA, 0x703E,
	0x80AC, 0x0001,
	0x80AE, 0x7046,
	0x80B0, 0x027F,
	0x80B2, 0x7048,
	0x80B4, 0x009F,
	0x80B6, 0x704A,
	0x80B8, 0x0A00,
	0x80BA, 0x7058,
	0x80BC, 0x0280,
	0x80BE, 0x705A,
	0x80C0, 0x00A0,
	0x80C2, 0x705C,
	0x80C4, 0x0A01,
	0x80C6, 0x7806,
	0x80C8, 0x0100,
	0x80CA, 0x7808,
	0x80CC, 0x0824,
	0x80CE, 0x78C0,
	0x80D0, 0x0101,
	0x80D2, 0x795A,
	0x80D4, 0x0020,
	0x80D6, 0x7970,
	0x80D8, 0x0020,
	0x80DA, 0x7994,
	0x80DC, 0x2020,
	0x80DE, 0x7996,
	0x80E0, 0x0101,
	0x80E2, 0x799A,
	0x80E4, 0x0000,
	0x80E6, 0x7BDA,
	0x80E8, 0x004C,
	0x80EA, 0x7EE6,
	0x80EC, 0x002C,
	0x80EE, 0x7EF2,
	0x80F0, 0x002C,
	0x80F2, 0x7EFE,
	0x80F4, 0x0064,
	0x80F6, 0x7F0A,
	0x80F8, 0x0058,
	0x80FA, 0x7F0E,
	0x80FC, 0x0058,
	0x80FE, 0x82A2,
	0x8100, 0x0014,
	0x8102, 0x82BA,
	0x8104, 0x0033,
	0x8106, 0x8CCE,
	0x8108, 0x0096,
	0x810A, 0x8CD0,
	0x810C, 0x0096,
	0x810E, 0x8CD2,
	0x8110, 0x00BE,
	0x8112, 0x8CD6,
	0x8114, 0x0096,
	0x8116, 0x8D0E,
	0x8118, 0x0000,
	0x811A, 0x9032,
	0x811C, 0x0000,
	0x811E, 0x903E,
	0x8120, 0x0000,
	0x8122, 0xB176,
	0x8124, 0x0206,
	0x8126, 0xB178,
	0x8128, 0x0000,
	0x812A, 0xB20C,
	0x812C, 0x002E,
	0x812E, 0xB21A,
	0x8130, 0x0204,
	0x8132, 0xB23C,
	0x8134, 0x6060,
	0x8136, 0xB242,
	0x8138, 0x6060,
	0x813A, 0xB266,
	0x813C, 0x04C0,
	0x813E, 0xB268,
	0x8140, 0xF380,
	0x8142, 0xB270,
	0x8144, 0x0887,
	0x8146, 0xB322,
	0x8148, 0x0101,
	0x814A, 0xB324,
	0x814C, 0x0001,
	0x814E, 0xB330,
	0x8150, 0x2828,
	0x8152, 0xB34A,
	0x8154, 0x2828,
	0x8156, 0xB360,
	0x8158, 0x2828,
	0x815A, 0xB378,
	0x815C, 0x0001,
	0x815E, 0xBF16,
	0x8160, 0xAA0B,
	0x8162, 0xBF30,
	0x8164, 0x0000,
	0x8166, 0xBF78,
	0x8168, 0x3353,
	0x816A, 0xC4D8,
	0x816C, 0x0020,
	0x816E, 0xC4E0,
	0x8170, 0x0001,
	0x8172, 0xC4E2,
	0x8174, 0x0000,
	0x8176, 0xC4F6,
	0x8178, 0x0000,
	0x817A, 0xC53C,
	0x817C, 0x0005,
	0x817E, 0xC53E,
	0x8180, 0x0000,
	0x8182, 0xC544,
	0x8184, 0x0500,
	0x8186, 0xC554,
	0x8188, 0x1000,
	0x818A, 0xC556,
	0x818C, 0x0000,
	0x818E, 0xD1F6,
	0x8190, 0x003A,
	0x8192, 0xD20C,
	0x8194, 0x0809,
	0x8196, 0xD27A,
	0x8198, 0x0005,
	0x819A, 0xD314,
	0x819C, 0x0220,
	0x819E, 0xD326,
	0x81A0, 0x1001,
	0x81A2, 0xD3EC,
	0x81A4, 0x1CB0,
	0x81A6, 0xD3F0,
	0x81A8, 0x1CB0,
	0x81AA, 0xD410,
	0x81AC, 0x0248,
	0x81AE, 0xD412,
	0x81B0, 0x04D2,
	0x81B2, 0xD426,
	0x81B4, 0x04D2,
	0x81B6, 0xD428,
	0x81B8, 0x0AEA,
	0x81BA, 0xD43C,
	0x81BC, 0x4001,
	0x81BE, 0xD43E,
	0x81C0, 0x4001,
	0x81C2, 0xD49C,
	0x81C4, 0x0022,
	0x81C6, 0xD4A8,
	0x81C8, 0x0000,
	0x81CA, 0xD4AC,
	0x81CC, 0x0001,
	0x81CE, 0xD4B0,
	0x81D0, 0x0090,
	0x81D2, 0xD4B4,
	0x81D4, 0x0001,
	0x81D6, 0xD4B8,
	0x81D8, 0x0014,
	0x81DA, 0xD4BC,
	0x81DC, 0x004A,
	0x81DE, 0xD4C0,
	0x81E0, 0x0014,
	0x81E2, 0xD4C4,
	0x81E4, 0x0000,
	0x81E6, 0xD4C8,
	0x81E8, 0x0001,
	0x81EA, 0xD4CC,
	0x81EC, 0x0000,
	0x81EE, 0xD4D0,
	0x81F0, 0x000A,
	0x81F2, 0xD4D2,
	0x81F4, 0x0000,
	0x81F6, 0xD4D6,
	0x81F8, 0x001A,
	0x81FA, 0xD4DA,
	0x81FC, 0x0000,
	0x81FE, 0xD4DE,
	0x8200, 0x0001,
	0x8202, 0xD4E2,
	0x8204, 0x0032,
	0x8206, 0xD4E6,
	0x8208, 0x0001,
	0x820A, 0xD4EA,
	0x820C, 0x0001,
	0x820E, 0xD4EC,
	0x8210, 0x0000,
	0x8212, 0xD4EE,
	0x8214, 0x0000,
	0x8216, 0xD4F8,
	0x8218, 0x0000,
	0x821A, 0xD4FA,
	0x821C, 0x0000,
	0x821E, 0xD554,
	0x8220, 0x00C4,
	0x8222, 0xD556,
	0x8224, 0x00F6,
	0x8226, 0xD560,
	0x8228, 0x0352,
	0x822A, 0xD562,
	0x822C, 0x0384,
	0x822E, 0xD5BC,
	0x8230, 0x0000,
	0x8232, 0xD5BE,
	0x8234, 0x0000,
	0x8236, 0xD5C8,
	0x8238, 0x0000,
	0x823A, 0xD5CA,
	0x823C, 0x0000,
	0x823E, 0xD624,
	0x8240, 0x0000,
	0x8242, 0xD62E,
	0x8244, 0x0000,
	0x8246, 0xD638,
	0x8248, 0x0000,
	0x824A, 0xD682,
	0x824C, 0x04C0,
	0x824E, 0xD684,
	0x8250, 0xF380,
	0x8252, 0xD6D4,
	0x8254, 0x0000,
	0x8256, 0xD704,
	0x8258, 0x7802,
	0x825A, 0xD718,
	0x825C, 0x0200,
	0x825E, 0xD856,
	0x8260, 0x0705,
	0x8262, 0xD896,
	0x8264, 0x0000,
	0x8266, 0xD8A2,
	0x8268, 0x0001,
	0x826A, 0xDC8C,
	0x826C, 0x2B3F,
	0x826E, 0xDC94,
	0x8270, 0x0301,
	0x8272, 0xDD70,
	0x8274, 0x0000,
	0x8276, 0xDE38,
	0x8278, 0x0000,
	0x827A, 0xE980,
	0x827C, 0x049E,
	0x827E, 0xEF80,
	0x8280, 0x0000,
	0x8282, 0xF054,
	0x8284, 0x0006,
	0x8286, 0xF09A,
	0x8288, 0xFF00,
	0x828A, 0xF0AA,
	0x828C, 0xFFFF,
	0x828E, 0xF0AC,
	0x8290, 0xFFFF,
	0x8292, 0xF288,
	0x8294, 0x0000,
	0x8296, 0xF2E0,
	0x8298, 0x0000,
	0x829A, 0xF2EA,
	0x829C, 0x0040,
	0x829E, 0xF370,
	0x82A0, 0x0302,
	0x82A2, 0xF372,
	0x82A4, 0x0000,
	0x82A6, 0xF3E4,
	0x82A8, 0x0103,
	0x82AA, 0xF3F4,
	0x82AC, 0x00C8,
	0x82AE, 0xF3F6,
	0x82B0, 0x10D6,
	0x82B2, 0xFFFE,
	0x82B4, 0x2401,
	0x82B6, 0xFFFD,
	0x82B8, 0x195E,
	0x82BA, 0x0001,
	0x82BC, 0x1966,
	0x82BE, 0x0000,
	0x82C0, 0x2540,
	0x82C2, 0x0000,
	0x82C4, 0x25E0,
	0x82C6, 0x0000,
	0x82C8, 0x25E2,
	0x82CA, 0x0000,
	0x82CC, 0x2920,
	0x82CE, 0x0001,
	0x82D0, 0x29A8,
	0x82D2, 0x0001,
	0x82D4, 0x29BA,
	0x82D6, 0x0020,
	0x82D8, 0x2A30,
	0x82DA, 0xFF01,
	0x82DC, 0x2A42,
	0x82DE, 0x0001,
	0x82E0, 0x2A44,
	0x82E2, 0x0952,
	0x82E4, 0x2A46,
	0x82E6, 0x0000,
	0x82E8, 0x2A54,
	0x82EA, 0x0000,
	0x82EC, 0x2A56,
	0x82EE, 0x0004,
	0x82F0, 0x2BB2,
	0x82F2, 0x0010,
	0x82F4, 0x2D32,
	0x82F6, 0x1000,
	0x82F8, 0x3132,
	0x82FA, 0x0002,
	0x82FC, 0x31D0,
	0x82FE, 0x0000,
	0x8300, 0x31F8,
	0x8302, 0x0000,
	0x8304, 0x31FA,
	0x8306, 0x0000,
	0x8308, 0x3C42,
	0x830A, 0x0000,
	0x830C, 0x3C46,
	0x830E, 0x05EB,
	0x8310, 0x3C52,
	0x8312, 0x0640,
	0x8314, 0x4270,
	0x8316, 0x0000,
	0x8318, 0x427C,
	0x831A, 0x0020,
	0x831C, 0x4280,
	0x831E, 0x0010,
	0x8320, 0x4290,
	0x8322, 0x0001,
	0x8324, 0x4292,
	0x8326, 0x0000,
	0x8328, 0x4362,
	0x832A, 0x0001,
	0x832C, 0x4364,
	0x832E, 0x0000,
	0x8330, 0x4366,
	0x8332, 0x0000,
	0x8334, 0x4370,
	0x8336, 0x0000,
	0x8338, 0x437E,
	0x833A, 0x00E4,
	0x833C, 0x4396,
	0x833E, 0x000B,
	0x8340, 0x4398,
	0x8342, 0x000A,
	0x8344, 0x43AA,
	0x8346, 0x0000,
	0x8348, 0x43AC,
	0x834A, 0x0000,
	0x834C, 0x43B4,
	0x834E, 0x0000,
	0x8350, 0x43B6,
	0x8352, 0x0000,
	0x8354, 0x43C6,
	0x8356, 0x1401,
	0x8358, 0x44C6,
	0x835A, 0x0000,
	0x835C, 0x5A70,
	0x835E, 0x0000,
	0x8360, 0xFFFE,
	0x8362, 0x2402,
	0x8364, 0xFFFD,
	0x8366, 0x849E,
	0x8368, 0x0000,
	0x836A, 0x84A0,
	0x836C, 0x0000,
	0x836E, 0x84A2,
	0x8370, 0x0500,
	0x8372, 0x84C4,
	0x8374, 0x0001,
	0x8376, 0xA570,
	0x8378, 0x0000,
	0x837A, 0x0000,
	0x837C, 0xFFFF,
	0x837E, 0x0008,
	0x8380, 0x2400,
	0x8382, 0x0260,
	0x8384, 0x0001,
	0x8386, 0x0000,
	0x8388, 0x0006,
	0x838A, 0x0700,
	0x838C, 0xFFFF,
	0x838E, 0x0008,
	0x8390, 0x2400,
	0x8392, 0x030C,
	0x8394, 0x0000,
	0x8396, 0x0300,
	0x8398, 0xFA00,
	0x839A, 0x0100,
	0x839C, 0xFFFF,
	0x839E, 0x0010,
	0x83A0, 0x2400,
	0x83A2, 0x0344,
	0x83A4, 0x0000,
	0x83A6, 0x0003,
	0x83A8, 0x1F20,
	0x83AA, 0x1F15,
	0x83AC, 0x0010,
	0x83AE, 0x0009,
	0x83B0, 0x0800,
	0x83B2, 0x0800,
	0x83B4, 0xFFFF,
	0x83B6, 0x0008,
	0x83B8, 0x2400,
	0x83BA, 0x0380,
	0x83BC, 0x0200,
	0x83BE, 0x0200,
	0x83C0, 0x0200,
	0x83C2, 0x0200,
	0x83C4, 0xFFFF,
	0x83C6, 0x0008,
	0x83C8, 0x2400,
	0x83CA, 0x0728,
	0x83CC, 0x0000,
	0x83CE, 0x0000,
	0x83D0, 0x0000,
	0x83D2, 0x0000,
	0x83D4, 0xFFFF,
	0x83D6, 0x000C,
	0x83D8, 0x2400,
	0x83DA, 0x0B02,
	0x83DC, 0x0102,
	0x83DE, 0x0001,
	0x83E0, 0x0101,
	0x83E2, 0x0100,
	0x83E4, 0x0101,
	0x83E6, 0x0100,
	0x83E8, 0xFFFF,
	0x83EA, 0x0008,
	0x83EC, 0x2400,
	0x83EE, 0x71D4,
	0x83F0, 0x3F00,
	0x83F2, 0x3D00,
	0x83F4, 0x84F3,
	0x83F6, 0x0040,
	0x83F8, 0xFFFF,
	0x83FA, 0x0010,
	0x83FC, 0x2400,
	0x83FE, 0x7274,
	0x8400, 0x0B00,
	0x8402, 0x0A00,
	0x8404, 0x36D2,
	0x8406, 0x0040,
	0x8408, 0x0000,
	0x840A, 0x0000,
	0x840C, 0x0000,
	0x840E, 0x0000,
	0x8410, 0xFFFF,
	0x8412, 0x0008,
	0x8414, 0x2400,
	0x8416, 0x7314,
	0x8418, 0x2E00,
	0x841A, 0x3000,
	0x841C, 0x9EFD,
	0x841E, 0x0040,
	0x8420, 0xFFFF,
	0x8422, 0x0008,
	0x8424, 0x2400,
	0x8426, 0x7A0E,
	0x8428, 0x0F00,
	0x842A, 0x0F00,
	0x842C, 0x0F00,
	0x842E, 0x0F00,
	0x8430, 0xFFFF,
	0x8432, 0x0008,
	0x8434, 0x2400,
	0x8436, 0x7A6E,
	0x8438, 0x1900,
	0x843A, 0x1900,
	0x843C, 0x1900,
	0x843E, 0x1900,
	0x8440, 0xFFFF,
	0x8442, 0x0008,
	0x8444, 0x2400,
	0x8446, 0x7A86,
	0x8448, 0x1900,
	0x844A, 0x1900,
	0x844C, 0x1900,
	0x844E, 0x1900,
	0x8450, 0xFFFF,
	0x8452, 0x000A,
	0x8454, 0x2400,
	0x8456, 0x8C9E,
	0x8458, 0x3500,
	0x845A, 0x3500,
	0x845C, 0x7000,
	0x845E, 0x3500,
	0x8460, 0x3500,
	0x8462, 0xFFFF,
	0x8464, 0x000A,
	0x8466, 0x2400,
	0x8468, 0xB21E,
	0x846A, 0x0000,
	0x846C, 0x0103,
	0x846E, 0xC000,
	0x8470, 0x0103,
	0x8472, 0x0000,
	0x8474, 0xFFFF,
	0x8476, 0x000C,
	0x8478, 0x2400,
	0x847A, 0xBEDC,
	0x847C, 0xC526,
	0x847E, 0x903E,
	0x8480, 0xC00F,
	0x8482, 0x0008,
	0x8484, 0x0C00,
	0x8486, 0x8000,
	0x8488, 0xFFFF,
	0x848A, 0x0022,
	0x848C, 0x2400,
	0x848E, 0xDADA,
	0x8490, 0x0001,
	0x8492, 0x0000,
	0x8494, 0xA000,
	0x8496, 0x0001,
	0x8498, 0xA001,
	0x849A, 0x0000,
	0x849C, 0x6000,
	0x849E, 0xA000,
	0x84A0, 0xC000,
	0x84A2, 0x0001,
	0x84A4, 0x4001,
	0x84A6, 0x6001,
	0x84A8, 0x0002,
	0x84AA, 0x8002,
	0x84AC, 0x2003,
	0x84AE, 0x0000,
	0x84B0, 0x0000,
	0x84B2, 0xFFFF,
	0x84B4, 0x0020,
	0x84B6, 0x2400,
	0x84B8, 0xDB0C,
	0x84BA, 0x2222,
	0x84BC, 0x3030,
	0x84BE, 0x2828,
	0x84C0, 0x2828,
	0x84C2, 0x0090,
	0x84C4, 0x0090,
	0x84C6, 0x00FF,
	0x84C8, 0x00F0,
	0x84CA, 0x00F0,
	0x84CC, 0x00D0,
	0x84CE, 0x00E0,
	0x84D0, 0x00F0,
	0x84D2, 0x00E0,
	0x84D4, 0x00D0,
	0x84D6, 0x0000,
	0x84D8, 0x0000,
	0x84DA, 0xFFFF,
	0x84DC, 0x0020,
	0x84DE, 0x2400,
	0x84E0, 0xDB3C,
	0x84E2, 0xD2FD,
	0x84E4, 0xD2FD,
	0x84E6, 0xD2FD,
	0x84E8, 0xD2FD,
	0x84EA, 0x12D2,
	0x84EC, 0x12D2,
	0x84EE, 0x12D2,
	0x84F0, 0x12D2,
	0x84F2, 0x12D2,
	0x84F4, 0x12D2,
	0x84F6, 0x12D2,
	0x84F8, 0x12D2,
	0x84FA, 0x12D2,
	0x84FC, 0x12D2,
	0x84FE, 0x0000,
	0x8500, 0x0000,
	0x8502, 0xFFFF,
	0x8504, 0x000C,
	0x8506, 0x2400,
	0x8508, 0xDB6C,
	0x850A, 0x0000,
	0x850C, 0x0000,
	0x850E, 0x0000,
	0x8510, 0x0000,
	0x8512, 0x0000,
	0x8514, 0x0000,
	0x8516, 0xFFFF,
	0x8518, 0x000C,
	0x851A, 0x2400,
	0x851C, 0xDB9C,
	0x851E, 0x0000,
	0x8520, 0x0000,
	0x8522, 0x0000,
	0x8524, 0x0000,
	0x8526, 0x0000,
	0x8528, 0x0000,
	0x852A, 0xFFFF,
	0x852C, 0x000C,
	0x852E, 0x2400,
	0x8530, 0xDBCC,
	0x8532, 0x0000,
	0x8534, 0x0000,
	0x8536, 0x0000,
	0x8538, 0x0000,
	0x853A, 0x0000,
	0x853C, 0x0000,
	0x853E, 0xFFFF,
	0x8540, 0x0012,
	0x8542, 0x2401,
	0x8544, 0x1C24,
	0x8546, 0x0002,
	0x8548, 0x8001,
	0x854A, 0x8004,
	0x854C, 0x2010,
	0x854E, 0x0010,
	0x8550, 0x0005,
	0x8552, 0x00A0,
	0x8554, 0x5110,
	0x8556, 0x3510,
	0x8558, 0xFFFF,
	0x855A, 0x0020,
	0x855C, 0x2401,
	0x855E, 0x1C4E,
	0x8560, 0x8001,
	0x8562, 0x8004,
	0x8564, 0x0010,
	0x8566, 0x1010,
	0x8568, 0x0005,
	0x856A, 0x00A0,
	0x856C, 0x7810,
	0x856E, 0x7810,
	0x8570, 0x0000,
	0x8572, 0x0000,
	0x8574, 0x0000,
	0x8576, 0x0000,
	0x8578, 0x0000,
	0x857A, 0x0000,
	0x857C, 0x0000,
	0x857E, 0x0000,
	0x8580, 0xFFFF,
	0x8582, 0x0020,
	0x8584, 0x2401,
	0x8586, 0x1C76,
	0x8588, 0x8001,
	0x858A, 0x8004,
	0x858C, 0x2810,
	0x858E, 0xFE0F,
	0x8590, 0x0005,
	0x8592, 0x00A0,
	0x8594, 0x6610,
	0x8596, 0x6610,
	0x8598, 0x0000,
	0x859A, 0x0000,
	0x859C, 0x0000,
	0x859E, 0x0000,
	0x85A0, 0x0000,
	0x85A2, 0x0000,
	0x85A4, 0x0000,
	0x85A6, 0x0000,
	0x85A8, 0xFFFF,
	0x85AA, 0x0010,
	0x85AC, 0x2401,
	0x85AE, 0x1C9E,
	0x85B0, 0x8001,
	0x85B2, 0x8004,
	0x85B4, 0x2010,
	0x85B6, 0x1010,
	0x85B8, 0x0005,
	0x85BA, 0x00A0,
	0x85BC, 0x5110,
	0x85BE, 0x3510,
	0x85C0, 0xFFFF,
	0x85C2, 0x0010,
	0x85C4, 0x2401,
	0x85C6, 0x1CC6,
	0x85C8, 0x8001,
	0x85CA, 0x8004,
	0x85CC, 0x2010,
	0x85CE, 0x0010,
	0x85D0, 0x0005,
	0x85D2, 0x00A0,
	0x85D4, 0x5110,
	0x85D6, 0x3510,
	0x85D8, 0xFFFF,
	0x85DA, 0x0020,
	0x85DC, 0x2401,
	0x85DE, 0x1CEE,
	0x85E0, 0x8001,
	0x85E2, 0x8004,
	0x85E4, 0x0010,
	0x85E6, 0x1010,
	0x85E8, 0x0005,
	0x85EA, 0x00A0,
	0x85EC, 0x7810,
	0x85EE, 0x7810,
	0x85F0, 0x0000,
	0x85F2, 0x0000,
	0x85F4, 0x0000,
	0x85F6, 0x0000,
	0x85F8, 0x0000,
	0x85FA, 0x0000,
	0x85FC, 0x0000,
	0x85FE, 0x0000,
	0x8600, 0xFFFF,
	0x8602, 0x0020,
	0x8604, 0x2401,
	0x8606, 0x1D16,
	0x8608, 0x8001,
	0x860A, 0x8004,
	0x860C, 0x2810,
	0x860E, 0xFE0F,
	0x8610, 0x0005,
	0x8612, 0x00A0,
	0x8614, 0x6610,
	0x8616, 0x6610,
	0x8618, 0x0000,
	0x861A, 0x0000,
	0x861C, 0x0000,
	0x861E, 0x0000,
	0x8620, 0x0000,
	0x8622, 0x0000,
	0x8624, 0x0000,
	0x8626, 0x0000,
	0x8628, 0xFFFF,
	0x862A, 0x0010,
	0x862C, 0x2401,
	0x862E, 0x1D3E,
	0x8630, 0x8001,
	0x8632, 0x8004,
	0x8634, 0x2010,
	0x8636, 0x1010,
	0x8638, 0x0005,
	0x863A, 0x00A0,
	0x863C, 0x5110,
	0x863E, 0x3510,
	0x8640, 0xFFFF,
	0x8642, 0x0008,
	0x8644, 0x2401,
	0x8646, 0x1D72,
	0x8648, 0x0000,
	0x864A, 0x0000,
	0x864C, 0x0000,
	0x864E, 0x0000,
	0x8650, 0xFFFF,
	0x8652, 0x0008,
	0x8654, 0x2401,
	0x8656, 0x1D82,
	0x8658, 0x0000,
	0x865A, 0x0000,
	0x865C, 0x0000,
	0x865E, 0x0000,
	0x8660, 0xFFFF,
	0x8662, 0x0008,
	0x8664, 0x2401,
	0x8666, 0x1D92,
	0x8668, 0x0000,
	0x866A, 0x0000,
	0x866C, 0x0000,
	0x866E, 0x0000,
	0x8670, 0xFFFF,
	0x8672, 0x0008,
	0x8674, 0x2401,
	0x8676, 0x1DA2,
	0x8678, 0x0000,
	0x867A, 0x0000,
	0x867C, 0x0000,
	0x867E, 0x0000,
	0x8680, 0xFFFF,
	0x8682, 0x0008,
	0x8684, 0x2401,
	0x8686, 0x1DF2,
	0x8688, 0x0D00,
	0x868A, 0x0D00,
	0x868C, 0x0D00,
	0x868E, 0x0D00,
	0x8690, 0xFFFF,
	0x8692, 0x0008,
	0x8694, 0x2401,
	0x8696, 0x1E02,
	0x8698, 0x0D00,
	0x869A, 0x0D00,
	0x869C, 0x0D00,
	0x869E, 0x0D00,
	0x86A0, 0xFFFF,
	0x86A2, 0x0008,
	0x86A4, 0x2401,
	0x86A6, 0x1E12,
	0x86A8, 0x0D00,
	0x86AA, 0x0D00,
	0x86AC, 0x0D00,
	0x86AE, 0x0D00,
	0x86B0, 0xFFFF,
	0x86B2, 0x0008,
	0x86B4, 0x2401,
	0x86B6, 0x1E22,
	0x86B8, 0x0D00,
	0x86BA, 0x0D00,
	0x86BC, 0x0D00,
	0x86BE, 0x0D00,
	0x86C0, 0xFFFF,
	0x86C2, 0x0010,
	0x86C4, 0x2402,
	0x86C6, 0xA548,
	0x86C8, 0x0000,
	0x86CA, 0x0000,
	0x86CC, 0x0000,
	0x86CE, 0x0000,
	0x86D0, 0x0000,
	0x86D2, 0x0000,
	0x86D4, 0x0000,
	0x86D6, 0x0000,
	0x86D8, 0xFFFF,
	0x86DA, 0x0010,
	0x86DC, 0x2402,
	0x86DE, 0xA55C,
	0x86E0, 0x0000,
	0x86E2, 0x0000,
	0x86E4, 0x0000,
	0x86E6, 0x0000,
	0x86E8, 0x0000,
	0x86EA, 0x0000,
	0x86EC, 0x0000,
	0x86EE, 0x0000,
	0x86F0, 0xFFFF,
	0x86F2, 0x002C,
	0x86F4, 0x2402,
	0x86F6, 0xA574,
	0x86F8, 0x0100,
	0x86FA, 0x4000,
	0x86FC, 0x8000,
	0x86FE, 0xA000,
	0x8700, 0x4001,
	0x8702, 0x8002,
	0x8704, 0x0005,
	0x8706, 0x000A,
	0x8708, 0xA00F,
	0x870A, 0x4011,
	0x870C, 0x0E00,
	0x870E, 0x2000,
	0x8710, 0x2800,
	0x8712, 0x1400,
	0x8714, 0x2200,
	0x8716, 0x2800,
	0x8718, 0x2C00,
	0x871A, 0x2E00,
	0x871C, 0x3200,
	0x871E, 0x3500,
	0x8720, 0xA2FD,
	0x8722, 0xFEFE,
	0x8724, 0x0000,
	0x8726, 0x0000,
	0x8738, 0xFFFE,
	0x873A, 0x2400,
	0x873C, 0xFFFD,
	0x873E, 0x0086,
	0x8740, 0x0280,
	0x8742, 0x021E,
	0x8744, 0x0006,
	0x8746, 0x0270,
	0x8748, 0x2B2B,
	0x874A, 0x0272,
	0x874C, 0x102C,
	0x874E, 0x0342,
	0x8750, 0x2560,
	0x8752, 0x0722,
	0x8754, 0x0020,
	0x8756, 0x703E,
	0x8758, 0x0000,
	0x875A, 0x704A,
	0x875C, 0x0400,
	0x875E, 0x705C,
	0x8760, 0x0400,
	0x8762, 0x7808,
	0x8764, 0x0836,
	0x8766, 0x7996,
	0x8768, 0x0001,
	0x876A, 0x7BDA,
	0x876C, 0x003C,
	0x876E, 0x8CA2,
	0x8770, 0x0050,
	0x8772, 0xB268,
	0x8774, 0xE380,
	0x8776, 0xC4D8,
	0x8778, 0x0010,
	0x877A, 0xD49C,
	0x877C, 0x0021,
	0x877E, 0xD4A8,
	0x8780, 0x0001,
	0x8782, 0xD4B0,
	0x8784, 0x037E,
	0x8786, 0xD4BC,
	0x8788, 0x040B,
	0x878A, 0xD4E2,
	0x878C, 0x0036,
	0x878E, 0xD556,
	0x8790, 0x00FA,
	0x8792, 0xD562,
	0x8794, 0x0388,
	0x8796, 0xD684,
	0x8798, 0xE380,
	0x879A, 0xD704,
	0x879C, 0x7800,
	0x879E, 0xDAF6,
	0x87A0, 0x0000,
	0x87A2, 0xDB26,
	0x87A4, 0x0000,
	0x87A6, 0xDB56,
	0x87A8, 0x0000,
	0x87AA, 0xFFFE,
	0x87AC, 0x2401,
	0x87AE, 0xFFFD,
	0x87B0, 0x195E,
	0x87B2, 0x0101,
	0x87B4, 0x1966,
	0x87B6, 0x0002,
	0x87B8, 0x1C28,
	0x87BA, 0x04F0,
	0x87BC, 0x1C2C,
	0x87BE, 0x1056,
	0x87C0, 0x1C32,
	0x87C2, 0x10B6,
	0x87C4, 0x1C34,
	0x87C6, 0x1170,
	0x87C8, 0x1C50,
	0x87CA, 0x04F0,
	0x87CC, 0x1C52,
	0x87CE, 0x1028,
	0x87D0, 0x1C54,
	0x87D2, 0x1051,
	0x87D4, 0x1C78,
	0x87D6, 0x04F0,
	0x87D8, 0x1C7C,
	0x87DA, 0x1066,
	0x87DC, 0x1CA0,
	0x87DE, 0x04F0,
	0x87E0, 0x1CA4,
	0x87E2, 0x1056,
	0x87E4, 0x1CAA,
	0x87E6, 0x10C4,
	0x87E8, 0x1CAC,
	0x87EA, 0x1170,
	0x87EC, 0x1CC8,
	0x87EE, 0x04F0,
	0x87F0, 0x1CCC,
	0x87F2, 0x1056,
	0x87F4, 0x1CD2,
	0x87F6, 0x10B6,
	0x87F8, 0x1CD4,
	0x87FA, 0x1170,
	0x87FC, 0x1CF0,
	0x87FE, 0x04F0,
	0x8800, 0x1CF2,
	0x8802, 0x1028,
	0x8804, 0x1CF4,
	0x8806, 0x1051,
	0x8808, 0x1D18,
	0x880A, 0x04F0,
	0x880C, 0x1D1C,
	0x880E, 0x1066,
	0x8810, 0x1D40,
	0x8812, 0x04F0,
	0x8814, 0x1D44,
	0x8816, 0x1056,
	0x8818, 0x1D4A,
	0x881A, 0x10C4,
	0x881C, 0x1D4C,
	0x881E, 0x1170,
	0x8820, 0x2A30,
	0x8822, 0xFF00,
	0x8824, 0x2A44,
	0x8826, 0x0739,
	0x8828, 0x43C6,
	0x882A, 0x0280,
	0x882C, 0xFFFE,
	0x882E, 0x2402,
	0x8830, 0xFFFD,
	0x8832, 0x84C4,
	0x8834, 0x0000,
	0x8836, 0x0000,
	0x8838, 0xFFFF,
	0x883A, 0x0008,
	0x883C, 0x2400,
	0x883E, 0x7314,
	0x8840, 0x0000,
	0x8842, 0x0000,
	0x8844, 0x0000,
	0x8846, 0x0000,
	0x8848, 0xFFFF,
	0x884A, 0x000E,
	0x884C, 0x2401,
	0x884E, 0x1C58,
	0x8850, 0xF009,
	0x8852, 0x9710,
	0x8854, 0xDA10,
	0x8856, 0x000A,
	0x8858, 0x00A0,
	0x885A, 0xDA10,
	0x885C, 0x7011,
	0x885E, 0xFFFF,
	0x8860, 0x000E,
	0x8862, 0x2401,
	0x8864, 0x1C80,
	0x8866, 0xF009,
	0x8868, 0x7210,
	0x886A, 0xDD10,
	0x886C, 0x000A,
	0x886E, 0x00A0,
	0x8870, 0xDD10,
	0x8872, 0x7011,
	0x8874, 0xFFFF,
	0x8876, 0x000E,
	0x8878, 0x2401,
	0x887A, 0x1CF8,
	0x887C, 0xF009,
	0x887E, 0x9710,
	0x8880, 0xDA10,
	0x8882, 0x000A,
	0x8884, 0x00A0,
	0x8886, 0xDA10,
	0x8888, 0x7011,
	0x888A, 0xFFFF,
	0x888C, 0x000E,
	0x888E, 0x2401,
	0x8890, 0x1D20,
	0x8892, 0xF009,
	0x8894, 0x7210,
	0x8896, 0xDD10,
	0x8898, 0x000A,
	0x889A, 0x00A0,
	0x889C, 0xDD10,
	0x889E, 0x7011,
	0x88A0, 0xFFFF,
	0x88A2, 0x0008,
	0x88A4, 0x2401,
	0x88A6, 0x1D72,
	0x88A8, 0x0600,
	0x88AA, 0x0600,
	0x88AC, 0x0600,
	0x88AE, 0x0600,
	0x88B0, 0xFFFF,
	0x88B2, 0x0008,
	0x88B4, 0x2401,
	0x88B6, 0x1D82,
	0x88B8, 0x0600,
	0x88BA, 0x0600,
	0x88BC, 0x0600,
	0x88BE, 0x0600,
	0x88C0, 0xFFFF,
	0x88C2, 0x0008,
	0x88C4, 0x2401,
	0x88C6, 0x1D92,
	0x88C8, 0x0600,
	0x88CA, 0x0600,
	0x88CC, 0x0600,
	0x88CE, 0x0600,
	0x88D0, 0xFFFF,
	0x88D2, 0x0008,
	0x88D4, 0x2401,
	0x88D6, 0x1DA2,
	0x88D8, 0x0600,
	0x88DA, 0x0600,
	0x88DC, 0x0600,
	0x88DE, 0x0600,
	0x88E0, 0xFFFF,
	0x88E2, 0x0008,
	0x88E4, 0x2401,
	0x88E6, 0x1DF2,
	0x88E8, 0xFAFF,
	0x88EA, 0xFAFF,
	0x88EC, 0x0600,
	0x88EE, 0x0600,
	0x88F0, 0xFFFF,
	0x88F2, 0x0008,
	0x88F4, 0x2401,
	0x88F6, 0x1E02,
	0x88F8, 0xFAFF,
	0x88FA, 0xFAFF,
	0x88FC, 0x0600,
	0x88FE, 0x0600,
	0x8900, 0xFFFF,
	0x8902, 0x0008,
	0x8904, 0x2401,
	0x8906, 0x1E12,
	0x8908, 0x0600,
	0x890A, 0x0600,
	0x890C, 0xFAFF,
	0x890E, 0xFAFF,
	0x8910, 0xFFFF,
	0x8912, 0x0008,
	0x8914, 0x2401,
	0x8916, 0x1E22,
	0x8918, 0x0600,
	0x891A, 0x0600,
	0x891C, 0xFAFF,
	0x891E, 0xFAFF,
	0x8920, 0x0000,
	0x8922, 0x0000,
	0x8934, 0xFFFE,
	0x8936, 0x2400,
	0x8938, 0xFFFD,
	0x893A, 0x0086,
	0x893C, 0x0200,
	0x893E, 0x0342,
	0x8940, 0x23F0,
	0x8942, 0x0350,
	0x8944, 0x0010,
	0x8946, 0x0352,
	0x8948, 0x0010,
	0x894A, 0x0900,
	0x894C, 0x1100,
	0x894E, 0x0B02,
	0x8950, 0x0101,
	0x8952, 0x0B08,
	0x8954, 0x0101,
	0x8956, 0x703C,
	0x8958, 0x0100,
	0x895A, 0x703E,
	0x895C, 0x0000,
	0x895E, 0x7048,
	0x8960, 0x002F,
	0x8962, 0x704A,
	0x8964, 0x0400,
	0x8966, 0x705A,
	0x8968, 0x0030,
	0x896A, 0x705C,
	0x896C, 0x0400,
	0x896E, 0x7274,
	0x8970, 0x000F,
	0x8972, 0x7276,
	0x8974, 0x000E,
	0x8976, 0x795A,
	0x8978, 0x0010,
	0x897A, 0x7970,
	0x897C, 0x0010,
	0x897E, 0x7996,
	0x8980, 0x0001,
	0x8982, 0x7A0E,
	0x8984, 0x001E,
	0x8986, 0x7A6E,
	0x8988, 0x0028,
	0x898A, 0x7A86,
	0x898C, 0x0028,
	0x898E, 0x7BDA,
	0x8990, 0x003C,
	0x8992, 0x82A2,
	0x8994, 0x0012,
	0x8996, 0x82BA,
	0x8998, 0x0036,
	0x899A, 0x8C9E,
	0x899C, 0x0050,
	0x899E, 0x8CA2,
	0x89A0, 0x0035,
	0x89A2, 0x8CCE,
	0x89A4, 0x012C,
	0x89A6, 0x8CD2,
	0x89A8, 0x0096,
	0x89AA, 0xB176,
	0x89AC, 0x0006,
	0x89AE, 0xB220,
	0x89B0, 0x0000,
	0x89B2, 0xB268,
	0x89B4, 0x0440,
	0x89B6, 0xC4E2,
	0x89B8, 0x0002,
	0x89BA, 0xC53C,
	0x89BC, 0x0001,
	0x89BE, 0xC554,
	0x89C0, 0x0D53,
	0x89C2, 0xD326,
	0x89C4, 0x2001,
	0x89C6, 0xD3EC,
	0x89C8, 0x1CB1,
	0x89CA, 0xD49C,
	0x89CC, 0x0003,
	0x89CE, 0xD4A8,
	0x89D0, 0x0001,
	0x89D2, 0xD4AC,
	0x89D4, 0x037E,
	0x89D6, 0xD4B0,
	0x89D8, 0x0001,
	0x89DA, 0xD4B8,
	0x89DC, 0x0035,
	0x89DE, 0xD4BC,
	0x89E0, 0x0014,
	0x89E2, 0xD4C4,
	0x89E4, 0x0001,
	0x89E6, 0xD4C8,
	0x89E8, 0x0000,
	0x89EA, 0xD4D0,
	0x89EC, 0x0011,
	0x89EE, 0xD4D2,
	0x89F0, 0x0020,
	0x89F2, 0xD4D6,
	0x89F4, 0x0000,
	0x89F6, 0xD4DE,
	0x89F8, 0x0028,
	0x89FA, 0xD4E2,
	0x89FC, 0x0001,
	0x89FE, 0xD4EC,
	0x8A00, 0x00BE,
	0x8A02, 0xD4EE,
	0x8A04, 0x00E6,
	0x8A06, 0xD4F8,
	0x8A08, 0x01F0,
	0x8A0A, 0xD4FA,
	0x8A0C, 0x0218,
	0x8A0E, 0xD554,
	0x8A10, 0x0000,
	0x8A12, 0xD556,
	0x8A14, 0x0000,
	0x8A16, 0xD560,
	0x8A18, 0x0000,
	0x8A1A, 0xD562,
	0x8A1C, 0x0000,
	0x8A1E, 0xD684,
	0x8A20, 0x0440,
	0x8A22, 0xDADE,
	0x8A24, 0x0040,
	0x8A26, 0xDAE0,
	0x8A28, 0x0000,
	0x8A2A, 0xDAE2,
	0x8A2C, 0x0000,
	0x8A2E, 0xDB40,
	0x8A30, 0x0000,
	0x8A32, 0xDB42,
	0x8A34, 0x0000,
	0x8A36, 0xDC94,
	0x8A38, 0x0001,
	0x8A3A, 0xE980,
	0x8A3C, 0x0500,
	0x8A3E, 0xF3F4,
	0x8A40, 0x08C8,
	0x8A42, 0xF3F6,
	0x8A44, 0x10D7,
	0x8A46, 0xFFFE,
	0x8A48, 0x2401,
	0x8A4A, 0xFFFD,
	0x8A4C, 0x1C4E,
	0x8A4E, 0x0100,
	0x8A50, 0x1C50,
	0x8A52, 0x03FF,
	0x8A54, 0x1D72,
	0x8A56, 0x0003,
	0x8A58, 0x1D74,
	0x8A5A, 0x0003,
	0x8A5C, 0x1D82,
	0x8A5E, 0x0003,
	0x8A60, 0x1D84,
	0x8A62, 0x0003,
	0x8A64, 0x2540,
	0x8A66, 0x0002,
	0x8A68, 0x29A8,
	0x8A6A, 0x0002,
	0x8A6C, 0x29BA,
	0x8A6E, 0x00FF,
	0x8A70, 0x2A44,
	0x8A72, 0x04B0,
	0x8A74, 0x2A56,
	0x8A76, 0x0008,
	0x8A78, 0x3132,
	0x8A7A, 0x0001,
	0x8A7C, 0x31D0,
	0x8A7E, 0x0002,
	0x8A80, 0x31F8,
	0x8A82, 0x0001,
	0x8A84, 0x31FA,
	0x8A86, 0x04CD,
	0x8A88, 0x4396,
	0x8A8A, 0x000F,
	0x8A8C, 0x4398,
	0x8A8E, 0x000E,
	0x8A90, 0x43C6,
	0x8A92, 0x0200,
	0x8A94, 0xFFFE,
	0x8A96, 0x2402,
	0x8A98, 0xFFFD,
	0x8A9A, 0x84C4,
	0x8A9C, 0x0000,
	0x8A9E, 0xA598,
	0x8AA0, 0x002E,
	0x8AA2, 0xA59A,
	0x8AA4, 0x0030,
	0x8AA6, 0x0000,
	0x8AA8, 0xFFFF,
	0x8AAA, 0x0008,
	0x8AAC, 0x2400,
	0x8AAE, 0x0344,
	0x8AB0, 0x0008,
	0x8AB2, 0x8007,
	0x8AB4, 0x1F18,
	0x8AB6, 0x9F10,
	0x8AB8, 0xFFFF,
	0x8ABA, 0x0008,
	0x8ABC, 0x2400,
	0x8ABE, 0x0380,
	0x8AC0, 0x0100,
	0x8AC2, 0x0100,
	0x8AC4, 0x0100,
	0x8AC6, 0x0100,
	0x8AC8, 0xFFFF,
	0x8ACA, 0x0008,
	0x8ACC, 0x2400,
	0x8ACE, 0x7314,
	0x8AD0, 0x0000,
	0x8AD2, 0x0000,
	0x8AD4, 0x0000,
	0x8AD6, 0x0000,
	0x8AD8, 0xFFFF,
	0x8ADA, 0x0012,
	0x8ADC, 0x2400,
	0x8ADE, 0xDAE6,
	0x8AE0, 0x3000,
	0x8AE2, 0x8001,
	0x8AE4, 0x0000,
	0x8AE6, 0x0000,
	0x8AE8, 0x0000,
	0x8AEA, 0x0000,
	0x8AEC, 0x0000,
	0x8AEE, 0x0000,
	0x8AF0, 0x0000,
	0x8AF2, 0xFFFF,
	0x8AF4, 0x001C,
	0x8AF6, 0x2400,
	0x8AF8, 0xDB0C,
	0x8AFA, 0x3F3F,
	0x8AFC, 0x1F1F,
	0x8AFE, 0x0000,
	0x8B00, 0x0000,
	0x8B02, 0x0000,
	0x8B04, 0x0080,
	0x8B06, 0x0000,
	0x8B08, 0x0000,
	0x8B0A, 0x0000,
	0x8B0C, 0x0000,
	0x8B0E, 0x0000,
	0x8B10, 0x0000,
	0x8B12, 0x0000,
	0x8B14, 0x0000,
	0x8B16, 0xFFFF,
	0x8B18, 0x000E,
	0x8B1A, 0x2400,
	0x8B1C, 0xDB4A,
	0x8B1E, 0x0000,
	0x8B20, 0x0000,
	0x8B22, 0x0000,
	0x8B24, 0x0000,
	0x8B26, 0x0000,
	0x8B28, 0x0000,
	0x8B2A, 0x0000,
	0x8B2C, 0xFFFF,
	0x8B2E, 0x0010,
	0x8B30, 0x2401,
	0x8B32, 0x1C26,
	0x8B34, 0x0001,
	0x8B36, 0xFF03,
	0x8B38, 0x0010,
	0x8B3A, 0xD70F,
	0x8B3C, 0x0004,
	0x8B3E, 0x0010,
	0x8B40, 0xD70F,
	0x8B42, 0xC20F,
	0x8B44, 0xFFFF,
	0x8B46, 0x000A,
	0x8B48, 0x2401,
	0x8B4A, 0x1C54,
	0x8B4C, 0xD70F,
	0x8B4E, 0x0004,
	0x8B50, 0x0010,
	0x8B52, 0xD70F,
	0x8B54, 0xC20F,
	0x8B56, 0xFFFF,
	0x8B58, 0x0010,
	0x8B5A, 0x2401,
	0x8B5C, 0x1C76,
	0x8B5E, 0x0001,
	0x8B60, 0xFF03,
	0x8B62, 0x0010,
	0x8B64, 0xD70F,
	0x8B66, 0x0004,
	0x8B68, 0x0010,
	0x8B6A, 0xD70F,
	0x8B6C, 0xC20F,
	0x8B6E, 0xFFFF,
	0x8B70, 0x0010,
	0x8B72, 0x2401,
	0x8B74, 0x1C9E,
	0x8B76, 0x0001,
	0x8B78, 0xFF03,
	0x8B7A, 0x0010,
	0x8B7C, 0xD70F,
	0x8B7E, 0x0004,
	0x8B80, 0x0010,
	0x8B82, 0xD70F,
	0x8B84, 0xC20F,
	0x8B86, 0xFFFF,
	0x8B88, 0x0010,
	0x8B8A, 0x2401,
	0x8B8C, 0x1CC6,
	0x8B8E, 0x0000,
	0x8B90, 0x0000,
	0x8B92, 0x0000,
	0x8B94, 0x0000,
	0x8B96, 0x0000,
	0x8B98, 0x0000,
	0x8B9A, 0x0000,
	0x8B9C, 0x0000,
	0x8B9E, 0xFFFF,
	0x8BA0, 0x0010,
	0x8BA2, 0x2401,
	0x8BA4, 0x1CEE,
	0x8BA6, 0x0000,
	0x8BA8, 0x0000,
	0x8BAA, 0x0000,
	0x8BAC, 0x0000,
	0x8BAE, 0x0000,
	0x8BB0, 0x0000,
	0x8BB2, 0x0000,
	0x8BB4, 0x0000,
	0x8BB6, 0xFFFF,
	0x8BB8, 0x0010,
	0x8BBA, 0x2401,
	0x8BBC, 0x1D16,
	0x8BBE, 0x0000,
	0x8BC0, 0x0000,
	0x8BC2, 0x0000,
	0x8BC4, 0x0000,
	0x8BC6, 0x0000,
	0x8BC8, 0x0000,
	0x8BCA, 0x0000,
	0x8BCC, 0x0000,
	0x8BCE, 0xFFFF,
	0x8BD0, 0x0010,
	0x8BD2, 0x2401,
	0x8BD4, 0x1D3E,
	0x8BD6, 0x0000,
	0x8BD8, 0x0000,
	0x8BDA, 0x0000,
	0x8BDC, 0x0000,
	0x8BDE, 0x0000,
	0x8BE0, 0x0000,
	0x8BE2, 0x0000,
	0x8BE4, 0x0000,
	0x8BE6, 0xFFFF,
	0x8BE8, 0x0008,
	0x8BEA, 0x2401,
	0x8BEC, 0x1DF2,
	0x8BEE, 0x0300,
	0x8BF0, 0x0300,
	0x8BF2, 0x0600,
	0x8BF4, 0x0600,
	0x8BF6, 0xFFFF,
	0x8BF8, 0x0008,
	0x8BFA, 0x2401,
	0x8BFC, 0x1E02,
	0x8BFE, 0x0300,
	0x8C00, 0x0300,
	0x8C02, 0x0600,
	0x8C04, 0x0600,
	0x8C06, 0xFFFF,
	0x8C08, 0x0008,
	0x8C0A, 0x2401,
	0x8C0C, 0x1E12,
	0x8C0E, 0x0600,
	0x8C10, 0x0600,
	0x8C12, 0x0600,
	0x8C14, 0x0600,
	0x8C16, 0xFFFF,
	0x8C18, 0x0008,
	0x8C1A, 0x2401,
	0x8C1C, 0x1E22,
	0x8C1E, 0x0600,
	0x8C20, 0x0600,
	0x8C22, 0x0600,
	0x8C24, 0x0600,
	0x8C26, 0xFFFF,
	0x8C28, 0x001C,
	0x8C2A, 0x2402,
	0x8C2C, 0xA57A,
	0x8C2E, 0x0001,
	0x8C30, 0x0002,
	0x8C32, 0x0002,
	0x8C34, 0x0002,
	0x8C36, 0x0002,
	0x8C38, 0x0002,
	0x8C3A, 0x0002,
	0x8C3C, 0x0800,
	0x8C3E, 0x2100,
	0x8C40, 0x2900,
	0x8C42, 0x2E00,
	0x8C44, 0x2E00,
	0x8C46, 0x2E00,
	0x8C48, 0x2E00,
	0x8C4A, 0x0000,
	0x8C4C, 0x0000,
	0x8C4E, 0x0000,
	0xFCFC, 0x4000,
};

static u16 chagalls5kjn5tele_preview_setting[] = {
	0xFCFC, 0x4000,
	0x0B30,	0x0101,
	0x0260, 0x0001,
	0x0262, 0x0000,
	0x0264, 0x0006,
	0x0266, 0x0700,
};

static u16 chagalls5kjn5tele_capture_setting[] = {

};

//complete 2
static u16 chagalls5kjn5tele_normal_video_setting[] = {
	0xFCFC, 0x4000,
	0x6170, 0xFFFF,
	0x6180, 0x0000,
	0x6190, 0x0000,
	0x6200, 0xFFFF,
	0x6202, 0xFFFF,
	0x6204, 0x0000,
	0x6206, 0x0000,
	0x6208, 0x0000,
	0xA100, 0xFFFF,
	0xA102, 0x0000,
	0xA104, 0x0000,
	0xFCFC, 0x4001,
	0x0100, 0xFFFF,
	0x0102, 0xFFFF,
	0x0104, 0x0000,
	0x0106, 0x0000,
	0x0108, 0x0000,
	0xFCFC, 0x4000,
	0x8100, 0xFFFF,
	0x8104, 0x0000,
	0x8108, 0x0000,
	0x0B30, 0x01FF,
	0xFCFC, 0x2000,
	0x7806, 0x0001,
	0x7808, 0x2408,
	0xFCFC, 0x4000,
	0x0344, 0x0000,
	0x0348, 0x201F,
	0x0346, 0x0300,
	0x034A, 0x151F,
	0x034C, 0x1000,
	0x034E, 0x0900,
	0x0350, 0x0008,
	0x0352, 0x0008,
	0x0340, 0x1908,
	0x0342, 0x12B0,
	0x0136, 0x1800,
	0x013E, 0x0000,
	0x0304, 0x0003,
	0x0306, 0x00E6,
	0x030C, 0x0000,
	0x030E, 0x0003,
	0x0310, 0x00FA,
	0x0312, 0x0001,
	0x031A, 0x0003,
	0x031C, 0x0028,
	0x031E, 0x0002,
	0x0202, 0x0014,
	0x0226, 0x0014,
	0x022C, 0x0014,
	0x0702, 0x0000,
	0x0704, 0x0000,
	0x0114, 0x0201,
	0x0118, 0x0004,
	0x011A, 0x0001,
	0x011C, 0x0101,
	0xFCFC, 0x2000,
	0xB176, 0x0602,
	0xB178, 0x0000,
	0x7996, 0x0101,
	0x7994, 0x2020,
	0xFCFC, 0x4000,
	0x0900, 0x2222,
	0x0380, 0x0002,
	0x0382, 0x0002,
	0x0384, 0x0002,
	0x0386, 0x0002,
	0x040C, 0x0000,
	0x0400, 0x1010,
	0x0408, 0x0100,
	0x040A, 0x0100,
	0xFCFC, 0x2000,
	0xD1F6, 0x3A00,
	0xD20C, 0x0908,
	0xD314, 0x2002,
	0xD27A, 0x0500,
	0xD3F0, 0xB01C,
	0xD410, 0x4802,
	0xD426, 0xD204,
	0xD43C, 0x0140,
	0xD412, 0xD204,
	0xD428, 0xEA0A,
	0xD43E, 0x0140,
	0xFCFC, 0x4000,
	0x0260, 0x0001,
	0x0262, 0x0000,
	0x0264, 0x0006,
	0x0266, 0x0700,
	0x0112, 0x0A0A,
	0x0270, 0x2B2B,
	0x0272, 0x2B10,
	0x0274, 0x302B,
	0xFCFC, 0x2001,
	0x44C6, 0x0000,
	0xFCFC, 0x4000,
	0x0B02, 0x0102,
	0x0720, 0x0001,
	0x0722, 0x0800,
	0x0724, 0x0000,
	0x0728, 0x0000,
	0x072A, 0x0000,
	0x072C, 0x0000,
	0x072E, 0x0000,
	0xFCFC, 0x2001,
	0x3132, 0x0200,
	0xFCFC, 0x4000,
	0x021E, 0x0000,
	0x0228, 0x0100,
	0xFCFC, 0x2001,
	0x31D0, 0x0000,
	0x5A70, 0x0000,
	0xFCFC, 0x2000,
	0xDC94, 0x0103,
	0xEF80, 0x0000,
	0x23F0, 0x0001,
	0xF288, 0x0000,
	0xFCFC, 0x2001,
	0x2A30, 0x01FF,
	0x4270, 0x0000,
	0x29BA, 0x2000,
	0x29A8, 0x0100,
	0xFCFC, 0x4000,
	0x0B04, 0x0001,
	0x0B06, 0x0101,
	0x0B08, 0x0100,
	0x0B0A, 0x0101,
	0x0B0C, 0x0100,
	0xFCFC, 0x2000,
	0xC4E0, 0x0100,
	0xC4F6, 0x0000,
	0xC4E2, 0x0000,
	0xC53C, 0x0500,
	0xC544, 0x0005,
	0xC53E, 0x0000,
	0xB23C, 0x6060,
	0xB242, 0x6060,
	0xC554, 0x0010,
	0xC556, 0x0000,
	0xFCFC, 0x2001,
	0x2920, 0x0100,
	0x31F8, 0x0000,
	0x31FA, 0x0000,
	0xFCFC, 0x2000,
	0xD856, 0x0507,
	0xD6D4, 0x0000,
	0x799A, 0x0000,
	0xD8A2, 0x0100,
	0xFCFC, 0x4000,
	0x020A, 0x0000,
	0xFCFC, 0x2000,
	0x78C0, 0x0101,
	0x22C2, 0x0600,
	0x22C4, 0xFF1F,
	0x22EC, 0x1F00,
	0x2306, 0xFF3F,
	0x2314, 0xFF00,
	0x2354, 0x0300,
	0xFCFC, 0x4000,
	0x0936, 0x0000,
	0x0C40, 0x0000,
	0xFCFC, 0x2000,
	0x68DE, 0x0000,
	0xFCFC, 0x2001,
	0x2540, 0x0200,
	0x25E0, 0x0100,
	0x25E2, 0x0000,
	0xFCFC, 0x2000,
	0xD718, 0x0002,
	0xBF30, 0x0000,
	0xFCFC, 0x2001,
	0x3C42, 0x0000,
	0x3C46, 0xEB05,
	0x3C52, 0x4006,
	0xFCFC, 0x2000,
	0xD326, 0x0110,
	0xD3EC, 0xB01C,
	0xFCFC, 0x2001,
	0x195E, 0x0100,
	0x1966, 0x0000,
	0xFCFC, 0x4000,
	0x0086, 0x1400,
	0xFCFC, 0x2000,
	0xE980, 0x9E04,
	0xC4D8, 0x2000,
	0x795A, 0x2000,
	0x7970, 0x2000,
	0xFCFC, 0x2002,
	0x849E, 0x0000,
	0x84A0, 0x0000,
	0x84A2, 0x0005,
	0xFCFC, 0x2001,
	0x2BB2, 0x1000,
	0x2D32, 0x0010,
	0xFCFC, 0x2000,
	0x703C, 0x0101,
	0x7046, 0x7F02,
	0x7058, 0x8002,
	0x71D4, 0x3F00,
	0x71D6, 0x3D00,
	0x71D8, 0x84F3,
	0x71DA, 0x0040,
	0x7048, 0x9F00,
	0x705A, 0xA000,
	0x7274, 0x0F00,
	0x7276, 0x0B00,
	0x7278, 0x36D2,
	0x727A, 0x0040,
	0x727C, 0x0000,
	0x727E, 0x0000,
	0x7280, 0x0000,
	0x7282, 0x0000,
	0x703E, 0x0100,
	0x704A, 0x000A,
	0x705C, 0x010A,
	0x7314, 0x2E00,
	0x7316, 0x3000,
	0x7318, 0x9EFD,
	0x731A, 0x0040,
	0xBEDC, 0xC526,
	0xBEDE, 0x903E,
	0xBEE0, 0xC00F,
	0xBEE2, 0x0008,
	0xBEE4, 0x0C00,
	0xBEE6, 0x8000,
	0xFCFC, 0x2001,
	0x2A54, 0x0000,
	0x2A56, 0x0400,
	0x2A42, 0x0100,
	0x2A44, 0x5209,
	0x2A46, 0x0000,
	0xFCFC, 0x2000,
	0xD704, 0x0278,
	0x7A0E, 0x0F00,
	0x7A6E, 0x1900,
	0x7A86, 0x1900,
	0x8C9E, 0x3500,
	0x8CCE, 0x9600,
	0x7A10, 0x0F00,
	0x7A70, 0x1900,
	0x7A88, 0x1900,
	0x8CA0, 0x3500,
	0x8CD0, 0x9600,
	0xB224, 0x0103,
	0xB226, 0x0000,
	0xB220, 0x0103,
	0x7A12, 0x0F00,
	0x7A72, 0x1900,
	0x7A8A, 0x1900,
	0x8CA2, 0x7000,
	0x8CD2, 0xBE00,
	0x7EE6, 0x2C00,
	0x7EF2, 0x2C00,
	0x7EFE, 0x6400,
	0x7F0A, 0x5800,
	0x8D0E, 0x0000,
	0x9032, 0x0000,
	0x903E, 0x0000,
	0x7A14, 0x0F00,
	0x7A74, 0x1900,
	0x7A8C, 0x1900,
	0x8CA4, 0x3500,
	0x7F0E, 0x5800,
	0x8CA6, 0x4000,
	0x8CD6, 0x9600,
	0x7BDA, 0x4C00,
	0xD49C, 0x2100,
	0xD4D0, 0x1400,
	0xD4A8, 0x0200,
	0xD4D6, 0x1A00,
	0xD4E2, 0x0000,
	0xD4BC, 0x6200,
	0xD4B0, 0xE002,
	0xD4C8, 0x0100,
	0xD624, 0x0000,
	0xD62E, 0x0000,
	0xD638, 0x0000,
	0xD4EA, 0x0100,
	0xD554, 0xC400,
	0xD556, 0xFA00,
	0xD560, 0x5203,
	0xD562, 0x8803,
	0xD4DA, 0x0000,
	0xD4E6, 0x0100,
	0xD4C0, 0x1400,
	0xD4B4, 0x0100,
	0xD4CC, 0x0000,
	0xD5BC, 0x0000,
	0xD5BE, 0x0000,
	0xD5C8, 0x0000,
	0xD5CA, 0x0000,
	0xD4D2, 0x0000,
	0xD4DE, 0x0100,
	0xD4B8, 0x1400,
	0xD4AC, 0x0100,
	0xD4C4, 0x0000,
	0xD4EC, 0x0000,
	0xD4EE, 0x0000,
	0xD4F8, 0x0000,
	0xD4FA, 0x0000,
	0xBF78, 0x5333,
	0xD896, 0x0000,
	0xFCFC, 0x2001,
	0x1C24, 0x0002,
	0x1C26, 0x8001,
	0x1C28, 0x8004,
	0x1C2A, 0x2010,
	0x1C2C, 0x2010,
	0x1C2E, 0x0005,
	0x1C30, 0x00A0,
	0x1C32, 0x2810,
	0x1C34, 0x2810,
	0x1C4E, 0x8001,
	0x1C50, 0x8004,
	0x1C52, 0x0010,
	0x1C54, 0x0010,
	0x1C56, 0x0005,
	0x1C58, 0x00A0,
	0x1C5A, 0x2810,
	0x1C5C, 0x2810,
	0x1C5E, 0x0000,
	0x1C60, 0x0000,
	0x1C62, 0x0000,
	0x1C64, 0x0000,
	0x1C66, 0x0000,
	0x1C68, 0x0000,
	0x1C6A, 0x0000,
	0x1C6C, 0x0000,
	0x1C76, 0x8001,
	0x1C78, 0x8004,
	0x1C7A, 0x2010,
	0x1C7C, 0x2010,
	0x1C7E, 0x0005,
	0x1C80, 0x00A0,
	0x1C82, 0x2810,
	0x1C84, 0x2810,
	0x1C86, 0x0000,
	0x1C88, 0x0000,
	0x1C8A, 0x0000,
	0x1C8C, 0x0000,
	0x1C8E, 0x0000,
	0x1C90, 0x0000,
	0x1C92, 0x0000,
	0x1C94, 0x0000,
	0x1C9E, 0x8001,
	0x1CA0, 0x8004,
	0x1CA2, 0x2010,
	0x1CA4, 0x2010,
	0x1CA6, 0x0005,
	0x1CA8, 0x00A0,
	0x1CAA, 0x2810,
	0x1CAC, 0x2810,
	0x1CC6, 0x8001,
	0x1CC8, 0x8004,
	0x1CCA, 0x2010,
	0x1CCC, 0x2010,
	0x1CCE, 0x0005,
	0x1CD0, 0x00A0,
	0x1CD2, 0x2810,
	0x1CD4, 0x2810,
	0x1CEE, 0x8001,
	0x1CF0, 0x8004,
	0x1CF2, 0x0010,
	0x1CF4, 0x0010,
	0x1CF6, 0x0005,
	0x1CF8, 0x00A0,
	0x1CFA, 0x2810,
	0x1CFC, 0x2810,
	0x1CFE, 0x0000,
	0x1D00, 0x0000,
	0x1D02, 0x0000,
	0x1D04, 0x0000,
	0x1D06, 0x0000,
	0x1D08, 0x0000,
	0x1D0A, 0x0000,
	0x1D0C, 0x0000,
	0x1D16, 0x8001,
	0x1D18, 0x8004,
	0x1D1A, 0x2010,
	0x1D1C, 0x2010,
	0x1D1E, 0x0005,
	0x1D20, 0x00A0,
	0x1D22, 0x2810,
	0x1D24, 0x2810,
	0x1D26, 0x0000,
	0x1D28, 0x0000,
	0x1D2A, 0x0000,
	0x1D2C, 0x0000,
	0x1D2E, 0x0000,
	0x1D30, 0x0000,
	0x1D32, 0x0000,
	0x1D34, 0x0000,
	0x1D3E, 0x8001,
	0x1D40, 0x8004,
	0x1D42, 0x2010,
	0x1D44, 0x2010,
	0x1D46, 0x0005,
	0x1D48, 0x00A0,
	0x1D4A, 0x2810,
	0x1D4C, 0x2810,
	0xFCFC, 0x2000,
	0xB21E, 0x0000,
	0xB222, 0xC000,
	0xB20C, 0x2E00,
	0xB21A, 0x0402,
	0xB378, 0x0100,
	0xDD70, 0x0000,
	0xDE38, 0x0000,
	0xFCFC, 0x2002,
	0xA574, 0x0100,
	0xA59C, 0xA2FD,
	0xA59E, 0xFEFE,
	0xA576, 0x4000,
	0xA588, 0x0E00,
	0xA578, 0x8000,
	0xA58A, 0x2000,
	0xA57A, 0xA000,
	0xA58C, 0x2800,
	0xA57C, 0x4001,
	0xA58E, 0x1400,
	0xA57E, 0x8002,
	0xA590, 0x2200,
	0xA580, 0x0005,
	0xA592, 0x2800,
	0xA582, 0x000A,
	0xA594, 0x2C00,
	0xA584, 0xA00F,
	0xA596, 0x2E00,
	0xA586, 0x4011,
	0xA598, 0x3200,
	0xA59A, 0x3400,
	0xA548, 0x0000,
	0xA570, 0x0000,
	0xA54A, 0x0000,
	0xA55C, 0x0000,
	0xA54C, 0x0000,
	0xA55E, 0x0000,
	0xA54E, 0x0000,
	0xA560, 0x0000,
	0xA550, 0x0000,
	0xA562, 0x0000,
	0xA552, 0x0000,
	0xA564, 0x0000,
	0xA554, 0x0000,
	0xA566, 0x0000,
	0xA556, 0x0000,
	0xA568, 0x0000,
	0xA558, 0x0000,
	0xA56A, 0x0000,
	0xA55A, 0x0000,
	0xA56C, 0x0000,
	0xA56E, 0x0000,
	0xFCFC, 0x2001,
	0x1D96, 0x0000,
	0x1D98, 0x0000,
	0x1DA6, 0x0000,
	0x1DA8, 0x0000,
	0x1D72, 0x0000,
	0x1D74, 0x0000,
	0x1D82, 0x0000,
	0x1D84, 0x0000,
	0x1D92, 0x0000,
	0x1D94, 0x0000,
	0x1DA2, 0x0000,
	0x1DA4, 0x0000,
	0x1D76, 0x0000,
	0x1D78, 0x0000,
	0x1D86, 0x0000,
	0x1D88, 0x0000,
	0x1E16, 0x0600,
	0x1E18, 0x0600,
	0x1E26, 0x0600,
	0x1E28, 0x0600,
	0x1DF2, 0x0600,
	0x1DF4, 0x0600,
	0x1E02, 0x0600,
	0x1E04, 0x0600,
	0x1E12, 0x0600,
	0x1E14, 0x0600,
	0x1E22, 0x0600,
	0x1E24, 0x0600,
	0x1DF6, 0x0600,
	0x1DF8, 0x0600,
	0x1E06, 0x0600,
	0x1E08, 0x0600,
	0xFCFC, 0x2000,
	0x82BA, 0x3300,
	0x82A2, 0x1400,
	0xFCFC, 0x2001,
	0x427C, 0x2000,
	0x4280, 0x1000,
	0x4362, 0x0100,
	0x43AA, 0x0000,
	0x43AC, 0x0000,
	0x43C6, 0x0114,
	0x43B4, 0x0000,
	0x43B6, 0x0000,
	0x4396, 0x0B00,
	0x4398, 0x0A00,
	0x437E, 0xE400,
	0xFCFC, 0x2000,
	0xB322, 0x0101,
	0xB324, 0x0100,
	0xB330, 0x2828,
	0xB34A, 0x2828,
	0xB360, 0x2828,
	0xFCFC, 0x2001,
	0x4292, 0x0000,
	0x4364, 0x0000,
	0x4366, 0x0000,
	0x4370, 0x0000,
	0x4290, 0x0100,
	0xFCFC, 0x2002,
	0x84C4, 0x0100,
	0x84A4, 0x0000,
	0xFCFC, 0x2000,
	0xD684, 0x80F3,
	0xB268, 0x80F3,
	0xF09A, 0x00FF,
	0xF2E0, 0x0000,
	0xF372, 0x0000,
	0xF0AA, 0xFFFF,
	0xF0AC, 0xFFFF,
	0xF2EA, 0x4000,
	0xDADA, 0x0001,
	0xDB3C, 0xD2FD,
	0xDADC, 0x0000,
	0xDB0C, 0x3030,
	0xDB3E, 0xD2FD,
	0xDADE, 0xA000,
	0xDB0E, 0x2424,
	0xDB40, 0xD2FD,
	0xDAE0, 0x0001,
	0xDB10, 0x1F1F,
	0xDB42, 0xD2FD,
	0xDAE2, 0xA001,
	0xDB12, 0x3F3F,
	0xDB44, 0x12D2,
	0xDAE4, 0x0000,
	0xDB14, 0x0090,
	0xDB46, 0x12D2,
	0xDAE6, 0x6000,
	0xDB16, 0x0090,
	0xDB48, 0x12D2,
	0xDAE8, 0xA000,
	0xDB18, 0x00C0,
	0xDB4A, 0x12D2,
	0xDAEA, 0xC000,
	0xDB1A, 0x00C0,
	0xDB4C, 0x12D2,
	0xDAEC, 0x0001,
	0xDB1C, 0x00B0,
	0xDB4E, 0x12D2,
	0xDAEE, 0x4001,
	0xDB1E, 0x00A0,
	0xDB50, 0x12D2,
	0xDAF0, 0x6001,
	0xDB20, 0x0080,
	0xDB52, 0x12D2,
	0xDAF2, 0x0002,
	0xDB22, 0x0080,
	0xDB54, 0x12D2,
	0xDAF4, 0x8002,
	0xDB24, 0x0090,
	0xDB56, 0x12D2,
	0xDAF6, 0x2003,
	0xDB26, 0x00D0,
	0xDB58, 0x0000,
	0xDAF8, 0x0000,
	0xDB28, 0x0000,
	0xDB5A, 0x0000,
	0xDAFA, 0x0000,
	0xDB2A, 0x0000,
	0xDBCC, 0x0000,
	0xDB6C, 0x0000,
	0xDB9C, 0x0000,
	0xDBCE, 0x0000,
	0xDB6E, 0x0000,
	0xDB9E, 0x0000,
	0xDBD0, 0x0000,
	0xDB70, 0x0000,
	0xDBA0, 0x0000,
	0xDBD2, 0x0000,
	0xDB72, 0x0000,
	0xDBA2, 0x0000,
	0xDBD4, 0x0000,
	0xDB74, 0x0000,
	0xDBA4, 0x0000,
	0xDBD6, 0x0000,
	0xDB76, 0x0000,
	0xDBA6, 0x0000,
	0xDBD8, 0x0000,
	0xDB78, 0x0000,
	0xDBA8, 0x0000,
	0xDBDA, 0x0000,
	0xDB7A, 0x0000,
	0xDBAA, 0x0000,
	0xDBDC, 0x0000,
	0xDB7C, 0x0000,
	0xDBAC, 0x0000,
	0xDBDE, 0x0000,
	0xDB7E, 0x0000,
	0xDBAE, 0x0000,
	0xDBE0, 0x0000,
	0xDB80, 0x0000,
	0xDBB0, 0x0000,
	0xDBE2, 0x0000,
	0xDB82, 0x0000,
	0xDBB2, 0x0000,
	0xDBE4, 0x0000,
	0xDB84, 0x0000,
	0xDBB4, 0x0000,
	0xDBE6, 0x0000,
	0xDB86, 0x0000,
	0xDBB6, 0x0000,
	0xDBE8, 0x0000,
	0xDB88, 0x0000,
	0xDBB8, 0x0000,
	0xDBEA, 0x0000,
	0xDB8A, 0x0000,
	0xDBBA, 0x0000,
	0xF370, 0x0203,
	0xF3E4, 0x0301,
	0xF3F4, 0xC800,
	0xF3F6, 0xD610,
	0xF054, 0x0600,
	0xB270, 0x8708,
	0xB266, 0xC004,
	0xD682, 0xC004,
	0xBF16, 0x0BAA,
	0xDC8C, 0x3F2B,
	0x66E8, 0x0000,
	0x66EA, 0x0000,
	0x66EC, 0x0000,
	0x66EE, 0x0000,
	0x66F0, 0x0000,
	0x66F2, 0x0000,
	0x66F4, 0x0000,
	0x66F6, 0x0000,
	0x66F8, 0x0000,
	0x66FA, 0x0000,
	0x66FC, 0x0000,
	0x66FE, 0x0000,
	0x6700, 0x0000,
	0x6702, 0x0000,
	0x6704, 0x0000,
	0x6706, 0x0000,
	0x687A, 0x0000,
	0x688A, 0x0900,
	0x6878, 0x0000,
	0x6888, 0x0900,
	0xF55A, 0x1503,
	0xF55C, 0x9901,
	0xFCFC, 0x4000,
	0x0808, 0x0000,
	0x0E00, 0x0003,
	0x0BCC, 0x0000,
};


static u16 chagalls5kjn5tele_hs_video_setting[] = {
	0xFCFC, 0x4000,
	0x6170, 0xFFFF,
	0x6180, 0x0000,
	0x6190, 0x0000,
	0x6200, 0xFFFF,
	0x6202, 0xFFFF,
	0x6204, 0x0000,
	0x6206, 0x0000,
	0x6208, 0x0000,
	0xA100, 0xFFFF,
	0xA102, 0x0000,
	0xA104, 0x0000,
	0xFCFC, 0x4001,
	0x0100, 0xFFFF,
	0x0102, 0xFFFF,
	0x0104, 0x0000,
	0x0106, 0x0000,
	0x0108, 0x0000,
	0xFCFC, 0x4000,
	0x8100, 0xFFFF,
	0x8104, 0x0000,
	0x8108, 0x0000,
	0xFCFC, 0x2000,
	0x7806, 0x0000,
	0x7808, 0x0000,
	0xFCFC, 0x4000,
	0x0344, 0x0100,
	0x0348, 0x1F1F,
	0x0346, 0x0390,
	0x034A, 0x148F,
	0x034C, 0x0780,
	0x034E, 0x0438,
	0x0350, 0x0004,
	0x0352, 0x0004,
	0x0340, 0x04CC,
	0x0342, 0x0C2C,
	0x0136, 0x1800,
	0x013E, 0x0000,
	0x0304, 0x0003,
	0x0306, 0x00E6,
	0x030C, 0x0000,
	0x030E, 0x0003,
	0x0310, 0x00FA,
	0x0312, 0x0001,
	0x031A, 0x0003,
	0x031C, 0x0028,
	0x031E, 0x0002,
	0x0202, 0x0014,
	0x0226, 0x0014,
	0x022C, 0x0014,
	0x0702, 0x0000,
	0x0704, 0x0000,
	0x0114, 0x0301,
	0x0118, 0x0004,
	0x011A, 0x0001,
	0x011C, 0x0101,
	0xFCFC, 0x2000,
	0xB176, 0x0604,
	0xB178, 0x0000,
	0x7996, 0x0101,
	0x7994, 0x2020,
	0xFCFC, 0x4000,
	0x0900, 0x3344,
	0x0380, 0x0002,
	0x0382, 0x0006,
	0x0384, 0x0002,
	0x0386, 0x0006,
	0x040C, 0x0000,
	0x0400, 0x1010,
	0x0408, 0x0100,
	0x040A, 0x0100,
	0xFCFC, 0x2000,
	0xD1F6, 0xBA10,
	0xD20C, 0x0908,
	0xD314, 0x3003,
	0xD27A, 0x0B00,
	0xD3F0, 0x811C,
	0xD410, 0x4802,
	0xD426, 0xD204,
	0xD43C, 0x0140,
	0xD412, 0xD204,
	0xD428, 0xEA0A,
	0xD43E, 0x0140,
	0xFCFC, 0x4000,
	0x0260, 0x0001,
	0x0262, 0x0000,
	0x0264, 0x0006,
	0x0266, 0x0700,
	0x0112, 0x0A0A,
	0x0270, 0x2B2B,
	0x0272, 0x2B10,
	0x0274, 0x302B,
	0xFCFC, 0x2001,
	0x44C6, 0x0000,
	0xFCFC, 0x4000,
	0x0B02, 0x0101,
	0x0720, 0x0000,
	0x0722, 0x0800,
	0x0724, 0x0000,
	0x0728, 0x0000,
	0x072A, 0x0000,
	0x072C, 0x0000,
	0x072E, 0x0000,
	0xFCFC, 0x2001,
	0x3132, 0x0000,
	0xFCFC, 0x4000,
	0x021E, 0x0000,
	0x0228, 0x0100,
	0xFCFC, 0x2001,
	0x31D0, 0x0000,
	0x5A70, 0x0000,
	0xFCFC, 0x2000,
	0xDC94, 0x0100,
	0xEF80, 0x0000,
	0x23F0, 0x0001,
	0xF3E4, 0x0300,
	0xF288, 0x0000,
	0xFCFC, 0x2001,
	0x2A30, 0x01FF,
	0x4270, 0x0000,
	0x29BA, 0xFF00,
	0x29A8, 0x0000,
	0xFCFC, 0x4000,
	0x0B04, 0x0001,
	0x0B06, 0x0101,
	0x0B08, 0x0100,
	0x0B0A, 0x0101,
	0x0B0C, 0x0100,
	0xFCFC, 0x2000,
	0xC4E0, 0x0100,
	0xC4F6, 0x0000,
	0xC4E2, 0x0000,
	0xC53C, 0x0500,
	0xC544, 0x0005,
	0xC53E, 0x0000,
	0xB23C, 0x6060,
	0xB242, 0x6060,
	0xC554, 0x0010,
	0xC556, 0x0000,
	0xFCFC, 0x2001,
	0x2920, 0x0100,
	0x31F8, 0x0000,
	0x31FA, 0x0000,
	0xFCFC, 0x2000,
	0xD856, 0x0507,
	0xD6D4, 0x0000,
	0x799A, 0x0000,
	0xD8A2, 0x0100,
	0xFCFC, 0x4000,
	0x020A, 0x0000,
	0xFCFC, 0x2000,
	0x78C0, 0x0101,
	0x22C2, 0x0600,
	0x22C4, 0xFF1F,
	0x22EC, 0x1F00,
	0x2306, 0xFF3F,
	0x2314, 0xFF00,
	0x2354, 0x0300,
	0xFCFC, 0x4000,
	0x0936, 0x0000,
	0x0C40, 0x0000,
	0xFCFC, 0x2000,
	0x68DE, 0x0000,
	0xFCFC, 0x2001,
	0x2540, 0x0000,
	0x25E0, 0x0000,
	0x25E2, 0x0000,
	0xFCFC, 0x2000,
	0xD718, 0x0002,
	0xBF30, 0x0000,
	0xFCFC, 0x2001,
	0x3C42, 0x0000,
	0x3C46, 0xEB05,
	0x3C52, 0x4006,
	0xFCFC, 0x2000,
	0xD326, 0x0110,
	0xD3EC, 0xB01C,
	0xFCFC, 0x2001,
	0x195E, 0x0100,
	0x1966, 0x0000,
	0xFCFC, 0x4000,
	0x0086, 0x1400,
	0xFCFC, 0x2000,
	0xE980, 0x9E04,
	0xC4D8, 0x2000,
	0x795A, 0x2000,
	0x7970, 0x2000,
	0xFCFC, 0x2002,
	0x849E, 0x0000,
	0x84A0, 0x0000,
	0x84A2, 0x0005,
	0xFCFC, 0x2001,
	0x2BB2, 0x1000,
	0x2D32, 0x0010,
	0xFCFC, 0x2000,
	0x703C, 0x0001,
	0x7046, 0x7F02,
	0x7058, 0x8002,
	0x71D4, 0x3F00,
	0x71D6, 0x3D00,
	0x71D8, 0x84F3,
	0x71DA, 0x0040,
	0x7048, 0xDF01,
	0x705A, 0xE001,
	0x7274, 0x0B00,
	0x7276, 0x0B00,
	0x7278, 0x36D2,
	0x727A, 0x0040,
	0x727C, 0x0000,
	0x727E, 0x0000,
	0x7280, 0x0000,
	0x7282, 0x0000,
	0x703E, 0x0100,
	0x704A, 0x000A,
	0x705C, 0x010A,
	0x7314, 0x2E00,
	0x7316, 0x3000,
	0x7318, 0x9EFD,
	0x731A, 0x0040,
	0xBEDC, 0xC526,
	0xBEDE, 0x907E,
	0xBEE0, 0xC00F,
	0xBEE2, 0x0008,
	0xBEE4, 0x2C00,
	0xBEE6, 0x8000,
	0xFCFC, 0x2001,
	0x2A54, 0x0000,
	0x2A56, 0x0400,
	0x2A42, 0x0000,
	0x2A44, 0xE002,
	0x2A46, 0x0000,
	0xFCFC, 0x2000,
	0xD704, 0x0278,
	0x7A0E, 0x0F00,
	0x7A6E, 0x1900,
	0x7A86, 0x1900,
	0x8C9E, 0x3500,
	0x8CCE, 0x9600,
	0x7A10, 0x0F00,
	0x7A70, 0x1900,
	0x7A88, 0x1900,
	0x8CA0, 0x3500,
	0x8CD0, 0x9600,
	0xB224, 0x0103,
	0xB226, 0x0000,
	0xB220, 0x0103,
	0x7A12, 0x0F00,
	0x7A72, 0x1900,
	0x7A8A, 0x1900,
	0x8CA2, 0x3500,
	0x8CD2, 0x9600,
	0x7EE6, 0x2C00,
	0x7EF2, 0x2C00,
	0x7EFE, 0x6400,
	0x7F0A, 0x5800,
	0x8D0E, 0x0000,
	0x9032, 0x0000,
	0x903E, 0x0000,
	0x7A14, 0x0F00,
	0x7A74, 0x1900,
	0x7A8C, 0x1900,
	0x8CA4, 0x3500,
	0x7F0E, 0x5000,
	0x8CA6, 0x4000,
	0x8CD6, 0xBE00,
	0x7BDA, 0x3C00,
	0xD49C, 0x2100,
	0xD4D0, 0x2800,
	0xD4A8, 0x0500,
	0xD4D6, 0x0000,
	0xD4E2, 0x0100,
	0xD4BC, 0x1400,
	0xD4B0, 0x0100,
	0xD4C8, 0x0000,
	0xD624, 0x0000,
	0xD62E, 0x0000,
	0xD638, 0x0000,
	0xD4EA, 0x0100,
	0xD554, 0x0000,
	0xD556, 0x0000,
	0xD560, 0x0000,
	0xD562, 0x0000,
	0xD4DA, 0x1A00,
	0xD4E6, 0x0000,
	0xD4C0, 0xBE00,
	0xD4B4, 0x7200,
	0xD4CC, 0x0100,
	0xD5BC, 0xCF00,
	0xD5BE, 0xCF00,
	0xD5C8, 0x0702,
	0xD5CA, 0x0702,
	0xD4D2, 0x0000,
	0xD4DE, 0x0100,
	0xD4B8, 0x1400,
	0xD4AC, 0x0100,
	0xD4C4, 0x0000,
	0xD4EC, 0x0000,
	0xD4EE, 0x0000,
	0xD4F8, 0x0000,
	0xD4FA, 0x0000,
	0xBF78, 0x5333,
	0xD896, 0x0000,
	0xFCFC, 0x2001,
	0x1C24, 0x0002,
	0x1C26, 0x8001,
	0x1C28, 0x8004,
	0x1C2A, 0x2010,
	0x1C2C, 0x2010,
	0x1C2E, 0x0005,
	0x1C30, 0x00A0,
	0x1C32, 0x2810,
	0x1C34, 0x2810,
	0x1C4E, 0x8001,
	0x1C50, 0x8004,
	0x1C52, 0x0010,
	0x1C54, 0x0010,
	0x1C56, 0x0005,
	0x1C58, 0x00A0,
	0x1C5A, 0x2810,
	0x1C5C, 0x2810,
	0x1C5E, 0x0000,
	0x1C60, 0x0000,
	0x1C62, 0x0000,
	0x1C64, 0x0000,
	0x1C66, 0x0000,
	0x1C68, 0x0000,
	0x1C6A, 0x0000,
	0x1C6C, 0x0000,
	0x1C76, 0x8001,
	0x1C78, 0x8004,
	0x1C7A, 0x2010,
	0x1C7C, 0x2010,
	0x1C7E, 0x0005,
	0x1C80, 0x00A0,
	0x1C82, 0x2810,
	0x1C84, 0x2810,
	0x1C86, 0x0000,
	0x1C88, 0x0000,
	0x1C8A, 0x0000,
	0x1C8C, 0x0000,
	0x1C8E, 0x0000,
	0x1C90, 0x0000,
	0x1C92, 0x0000,
	0x1C94, 0x0000,
	0x1C9E, 0x8001,
	0x1CA0, 0x8004,
	0x1CA2, 0x2010,
	0x1CA4, 0x2010,
	0x1CA6, 0x0005,
	0x1CA8, 0x00A0,
	0x1CAA, 0x2810,
	0x1CAC, 0x2810,
	0x1CC6, 0x8001,
	0x1CC8, 0x8004,
	0x1CCA, 0x2010,
	0x1CCC, 0x2010,
	0x1CCE, 0x0005,
	0x1CD0, 0x00A0,
	0x1CD2, 0x2810,
	0x1CD4, 0x2810,
	0x1CEE, 0x8001,
	0x1CF0, 0x8004,
	0x1CF2, 0x0010,
	0x1CF4, 0x0010,
	0x1CF6, 0x0005,
	0x1CF8, 0x00A0,
	0x1CFA, 0x2810,
	0x1CFC, 0x2810,
	0x1CFE, 0x0000,
	0x1D00, 0x0000,
	0x1D02, 0x0000,
	0x1D04, 0x0000,
	0x1D06, 0x0000,
	0x1D08, 0x0000,
	0x1D0A, 0x0000,
	0x1D0C, 0x0000,
	0x1D16, 0x8001,
	0x1D18, 0x8004,
	0x1D1A, 0x2010,
	0x1D1C, 0x2010,
	0x1D1E, 0x0005,
	0x1D20, 0x00A0,
	0x1D22, 0x2810,
	0x1D24, 0x2810,
	0x1D26, 0x0000,
	0x1D28, 0x0000,
	0x1D2A, 0x0000,
	0x1D2C, 0x0000,
	0x1D2E, 0x0000,
	0x1D30, 0x0000,
	0x1D32, 0x0000,
	0x1D34, 0x0000,
	0x1D3E, 0x8001,
	0x1D40, 0x8004,
	0x1D42, 0x2010,
	0x1D44, 0x2010,
	0x1D46, 0x0005,
	0x1D48, 0x00A0,
	0x1D4A, 0x2810,
	0x1D4C, 0x2810,
	0xFCFC, 0x2000,
	0xB21E, 0x0000,
	0xB222, 0xC000,
	0xB20C, 0x2E00,
	0xB21A, 0x0402,
	0xB378, 0x0100,
	0xDD70, 0x0000,
	0xDE38, 0x0000,
	0xFCFC, 0x2002,
	0xA574, 0x0100,
	0xA59C, 0xA2FD,
	0xA59E, 0xFEFE,
	0xA576, 0x4000,
	0xA588, 0x1400,
	0xA578, 0x8000,
	0xA58A, 0x2200,
	0xA57A, 0xA000,
	0xA58C, 0x2800,
	0xA57C, 0x4001,
	0xA58E, 0x1400,
	0xA57E, 0x8002,
	0xA590, 0x2200,
	0xA580, 0x0005,
	0xA592, 0x2800,
	0xA582, 0x000A,
	0xA594, 0x2C00,
	0xA584, 0xA00F,
	0xA596, 0x2E00,
	0xA586, 0x4011,
	0xA598, 0x3200,
	0xA59A, 0x3500,
	0xA548, 0x0000,
	0xA570, 0x0000,
	0xA54A, 0x0000,
	0xA54C, 0x0000,
	0xA54E, 0x0000,
	0xA550, 0x0000,
	0xA552, 0x0000,
	0xA554, 0x0000,
	0xA556, 0x0000,
	0xA55C, 0x0000,
	0xA55E, 0x0000,
	0xA560, 0x0000,
	0xA562, 0x0000,
	0xA564, 0x0000,
	0xA566, 0x0000,
	0xA568, 0x0000,
	0xA56A, 0x0000,
	0xFCFC, 0x2001,
	0x1D96, 0x0000,
	0x1D98, 0x0000,
	0x1DA6, 0x0000,
	0x1DA8, 0x0000,
	0x1D72, 0x0000,
	0x1D74, 0x0000,
	0x1D82, 0x0000,
	0x1D84, 0x0000,
	0x1D92, 0x0000,
	0x1D94, 0x0000,
	0x1DA2, 0x0000,
	0x1DA4, 0x0000,
	0x1D76, 0x0000,
	0x1D78, 0x0000,
	0x1D86, 0x0000,
	0x1D88, 0x0000,
	0x1E16, 0x0F00,
	0x1E18, 0x0F00,
	0x1E26, 0x0F00,
	0x1E28, 0x0F00,
	0x1DF2, 0x1300,
	0x1DF4, 0x1300,
	0x1E02, 0x1300,
	0x1E04, 0x1300,
	0x1E12, 0x1200,
	0x1E14, 0x1200,
	0x1E22, 0x1200,
	0x1E24, 0x1200,
	0x1DF6, 0x1300,
	0x1DF8, 0x1300,
	0x1E06, 0x1300,
	0x1E08, 0x1300,
	0xFCFC, 0x2000,
	0x82BA, 0x3300,
	0x82A2, 0x1400,
	0xFCFC, 0x2001,
	0x427C, 0x2000,
	0x4280, 0x1000,
	0x4362, 0x0100,
	0x43AA, 0x0000,
	0x43AC, 0x0000,
	0x43C6, 0x0114,
	0x43B4, 0x0000,
	0x43B6, 0x0000,
	0x4396, 0x0B00,
	0x4398, 0x0B00,
	0x437E, 0xE400,
	0xFCFC, 0x2000,
	0xB322, 0x0101,
	0xB324, 0x0100,
	0xB330, 0x2828,
	0xB34A, 0x2828,
	0xB360, 0x2828,
	0xFCFC, 0x2001,
	0x4292, 0x0000,
	0x4364, 0x0000,
	0x4366, 0x0000,
	0x4370, 0x0000,
	0x4290, 0x0100,
	0xFCFC, 0x2002,
	0x84C4, 0x0100,
	0xFCFC, 0x2000,
	0xD684, 0x80F3,
	0xB268, 0x80F3,
	0xF09A, 0x00FF,
	0xF2E0, 0x0000,
	0xF372, 0x0000,
	0xF0AA, 0xFFFF,
	0xF0AC, 0xFFFF,
	0xF2EA, 0x4000,
	0xDADA, 0x0001,
	0xDB3C, 0xD2FD,
	0xDADC, 0x0000,
	0xDB0C, 0x3030,
	0xDB3E, 0xD2FD,
	0xDADE, 0xA000,
	0xDB0E, 0x1F1F,
	0xDB40, 0xD2FD,
	0xDAE0, 0x0001,
	0xDB10, 0x2222,
	0xDB42, 0xD2FD,
	0xDAE2, 0x4001,
	0xDB12, 0x1F1F,
	0xDB44, 0x12D2,
	0xDAE4, 0x0000,
	0xDB14, 0x00FF,
	0xDB46, 0x12D2,
	0xDAE6, 0xA000,
	0xDB16, 0x0000,
	0xDB48, 0x12D2,
	0xDAE8, 0x0001,
	0xDB18, 0x0000,
	0xDB4A, 0x12D2,
	0xDAEA, 0x0005,
	0xDB1A, 0x0000,
	0xDB4C, 0x12D2,
	0xDAEC, 0x4011,
	0xDB1C, 0x0000,
	0xDB4E, 0x0000,
	0xDAEE, 0x0000,
	0xDB1E, 0x0000,
	0xDB50, 0x0000,
	0xDAF0, 0x0000,
	0xDB20, 0x0000,
	0xDB52, 0x0000,
	0xDAF2, 0x0000,
	0xDB22, 0x0000,
	0xDB54, 0x0000,
	0xDAF4, 0x0000,
	0xDB24, 0x0000,
	0xDB56, 0x0000,
	0xDAF6, 0x0000,
	0xDB26, 0x0000,
	0xDB58, 0x0000,
	0xDAF8, 0x0000,
	0xDB28, 0x0000,
	0xDB5A, 0x0000,
	0xDAFA, 0x0000,
	0xDB2A, 0x0000,
	0xDBCC, 0x0000,
	0xDB6C, 0x0000,
	0xDB9C, 0x0000,
	0xDBCE, 0x0000,
	0xDB6E, 0x0000,
	0xDB9E, 0x0000,
	0xDBD0, 0x0000,
	0xDB70, 0x0000,
	0xDBA0, 0x0000,
	0xDBD2, 0x0000,
	0xDB72, 0x0000,
	0xDBA2, 0x0000,
	0xDBD4, 0x0000,
	0xDB74, 0x0000,
	0xDBA4, 0x0000,
	0xDBD6, 0x0000,
	0xDB76, 0x0000,
	0xDBA6, 0x0000,
	0xF370, 0x0203,
	0xF3E4, 0x0301,
	0xF3F4, 0xC801,
	0xF3F6, 0xD210,
	0xF054, 0x0700,
	0xB270, 0x8708,
	0xB266, 0xC004,
	0xD682, 0xC004,
	0xBF16, 0x0BAA,
	0xDC8C, 0x3F2B,
	0xFCFC, 0x4000,
	0x0808, 0x0000,
	0x0E00, 0x0003,
};

static u16 chagalls5kjn5tele_slim_video_setting[] = {

};

//complete 3
static u16 chagalls5kjn5tele_custom1_setting[] = {
	0xFCFC, 0x4000,
	0x6170, 0xFFFF,
	0x6180, 0x0000,
	0x6190, 0x0000,
	0x6200, 0xFFFF,
	0x6202, 0xFFFF,
	0x6204, 0x0000,
	0x6206, 0x0000,
	0x6208, 0x0000,
	0xA100, 0xFFFF,
	0xA102, 0x0000,
	0xA104, 0x0000,
	0xFCFC, 0x4001,
	0x0100, 0xFFFF,
	0x0102, 0xFFFF,
	0x0104, 0x0000,
	0x0106, 0x0000,
	0x0108, 0x0000,
	0xFCFC, 0x4000,
	0x8100, 0xFFFF,
	0x8104, 0x0000,
	0x8108, 0x0000,
	0x0B30, 0x01FF,
	0xFCFC, 0x2000,
	0x7806, 0x0001,
	0x7808, 0x2408,
	0xFCFC, 0x4000,
	0x0344, 0x0100,
	0x0348, 0x1F1F,
	0x0346, 0x0390,
	0x034A, 0x148F,
	0x034C, 0x0F00,
	0x034E, 0x0870,
	0x0350, 0x0008,
	0x0352, 0x0008,
	0x0340, 0x0C84,
	0x0342, 0x12B0,
	0x0136, 0x1800,
	0x013E, 0x0000,
	0x0304, 0x0003,
	0x0306, 0x00E6,
	0x030C, 0x0000,
	0x030E, 0x0003,
	0x0310, 0x00FA,
	0x0312, 0x0001,
	0x031A, 0x0003,
	0x031C, 0x0028,
	0x031E, 0x0002,
	0x0202, 0x0014,
	0x0226, 0x0014,
	0x022C, 0x0014,
	0x0702, 0x0000,
	0x0704, 0x0000,
	0x0114, 0x0201,
	0x0118, 0x0004,
	0x011A, 0x0001,
	0x011C, 0x0101,
	0xFCFC, 0x2000,
	0xB176, 0x0602,
	0xB178, 0x0000,
	0x7996, 0x0101,
	0x7994, 0x2020,
	0xFCFC, 0x4000,
	0x0900, 0x2222,
	0x0380, 0x0002,
	0x0382, 0x0002,
	0x0384, 0x0002,
	0x0386, 0x0002,
	0x040C, 0x0000,
	0x0400, 0x1010,
	0x0408, 0x0100,
	0x040A, 0x0100,
	0xFCFC, 0x2000,
	0xD1F6, 0x3A00,
	0xD20C, 0x0908,
	0xD314, 0x2002,
	0xD27A, 0x0500,
	0xD3F0, 0xB01C,
	0xD410, 0x4802,
	0xD426, 0xD204,
	0xD43C, 0x0140,
	0xD412, 0xD204,
	0xD428, 0xEA0A,
	0xD43E, 0x0140,
	0xFCFC, 0x4000,
	0x0260, 0x0001,
	0x0262, 0x0000,
	0x0264, 0x0006,
	0x0266, 0x0700,
	0x0112, 0x0A0A,
	0x0270, 0x2B2B,
	0x0272, 0x2B10,
	0x0274, 0x302B,
	0xFCFC, 0x2001,
	0x44C6, 0x0000,
	0xFCFC, 0x4000,
	0x0B02, 0x0102,
	0x0720, 0x0001,
	0x0722, 0x0800,
	0x0724, 0x0000,
	0x0728, 0x0000,
	0x072A, 0x0000,
	0x072C, 0x0000,
	0x072E, 0x0000,
	0xFCFC, 0x2001,
	0x3132, 0x0200,
	0xFCFC, 0x4000,
	0x021E, 0x0000,
	0x0228, 0x0100,
	0xFCFC, 0x2001,
	0x31D0, 0x0000,
	0x5A70, 0x0000,
	0xFCFC, 0x2000,
	0xDC94, 0x0103,
	0xEF80, 0x0000,
	0x23F0, 0x0001,
	0xF288, 0x0000,
	0xFCFC, 0x2001,
	0x2A30, 0x01FF,
	0x4270, 0x0000,
	0x29BA, 0x2000,
	0x29A8, 0x0100,
	0xFCFC, 0x4000,
	0x0B04, 0x0001,
	0x0B06, 0x0101,
	0x0B08, 0x0100,
	0x0B0A, 0x0101,
	0x0B0C, 0x0100,
	0xFCFC, 0x2000,
	0xC4E0, 0x0100,
	0xC4F6, 0x0000,
	0xC4E2, 0x0000,
	0xC53C, 0x0500,
	0xC544, 0x0005,
	0xC53E, 0x0000,
	0xB23C, 0x6060,
	0xB242, 0x6060,
	0xC554, 0x0010,
	0xC556, 0x0000,
	0xFCFC, 0x2001,
	0x2920, 0x0100,
	0x31F8, 0x0000,
	0x31FA, 0x0000,
	0xFCFC, 0x2000,
	0xD856, 0x0507,
	0xD6D4, 0x0000,
	0x799A, 0x0000,
	0xD8A2, 0x0100,
	0xFCFC, 0x4000,
	0x020A, 0x0000,
	0xFCFC, 0x2000,
	0x78C0, 0x0101,
	0x22C2, 0x0600,
	0x22C4, 0xFF1F,
	0x22EC, 0x1F00,
	0x2306, 0xFF3F,
	0x2314, 0xFF00,
	0x2354, 0x0300,
	0xFCFC, 0x4000,
	0x0936, 0x0000,
	0x0C40, 0x0000,
	0xFCFC, 0x2000,
	0x68DE, 0x0000,
	0xFCFC, 0x2001,
	0x2540, 0x0200,
	0x25E0, 0x0100,
	0x25E2, 0x0000,
	0xFCFC, 0x2000,
	0xD718, 0x0002,
	0xBF30, 0x0000,
	0xFCFC, 0x2001,
	0x3C42, 0x0000,
	0x3C46, 0xEB05,
	0x3C52, 0x4006,
	0xFCFC, 0x2000,
	0xD326, 0x0110,
	0xD3EC, 0xB01C,
	0xFCFC, 0x2001,
	0x195E, 0x0100,
	0x1966, 0x0000,
	0xFCFC, 0x4000,
	0x0086, 0x1400,
	0xFCFC, 0x2000,
	0xE980, 0x9E04,
	0xC4D8, 0x2000,
	0x795A, 0x2000,
	0x7970, 0x2000,
	0xFCFC, 0x2002,
	0x849E, 0x0000,
	0x84A0, 0x0000,
	0x84A2, 0x0005,
	0xFCFC, 0x2001,
	0x2BB2, 0x1000,
	0x2D32, 0x0010,
	0xFCFC, 0x2000,
	0x703C, 0x0101,
	0x7046, 0x7F02,
	0x7058, 0x8002,
	0x71D4, 0x3F00,
	0x71D6, 0x3D00,
	0x71D8, 0x84F3,
	0x71DA, 0x0040,
	0x7048, 0x9F00,
	0x705A, 0xA000,
	0x7274, 0x0B00,
	0x7276, 0x0A00,
	0x7278, 0x36D2,
	0x727A, 0x0040,
	0x727C, 0x0000,
	0x727E, 0x0000,
	0x7280, 0x0000,
	0x7282, 0x0000,
	0x703E, 0x0100,
	0x704A, 0x000A,
	0x705C, 0x010A,
	0x7314, 0x2E00,
	0x7316, 0x3000,
	0x7318, 0x9EFD,
	0x731A, 0x0040,
	0xBEDC, 0xC526,
	0xBEDE, 0x903E,
	0xBEE0, 0xC00F,
	0xBEE2, 0x0008,
	0xBEE4, 0x0C00,
	0xBEE6, 0x8000,
	0xFCFC, 0x2001,
	0x2A54, 0x0000,
	0x2A56, 0x0400,
	0x2A42, 0x0100,
	0x2A44, 0x3907,
	0x2A46, 0x0000,
	0xFCFC, 0x2000,
	0xD704, 0x0278,
	0x7A0E, 0x0F00,
	0x7A6E, 0x1900,
	0x7A86, 0x1900,
	0x8C9E, 0x3500,
	0x8CCE, 0x9600,
	0x7A10, 0x0F00,
	0x7A70, 0x1900,
	0x7A88, 0x1900,
	0x8CA0, 0x3500,
	0x8CD0, 0x9600,
	0xB224, 0x0103,
	0xB226, 0x0000,
	0xB220, 0x0103,
	0x7A12, 0x0F00,
	0x7A72, 0x1900,
	0x7A8A, 0x1900,
	0x8CA2, 0x7000,
	0x8CD2, 0xBE00,
	0x7EE6, 0x2C00,
	0x7EF2, 0x2C00,
	0x7EFE, 0x6400,
	0x7F0A, 0x5800,
	0x8D0E, 0x0000,
	0x9032, 0x0000,
	0x903E, 0x0000,
	0x7A14, 0x0F00,
	0x7A74, 0x1900,
	0x7A8C, 0x1900,
	0x8CA4, 0x3500,
	0x7F0E, 0x5800,
	0x8CA6, 0x4000,
	0x8CD6, 0x9600,
	0x7BDA, 0x4C00,
	0xD49C, 0x2200,
	0xD4D0, 0x0A00,
	0xD4A8, 0x0000,
	0xD4D6, 0x1A00,
	0xD4E2, 0x3200,
	0xD4BC, 0x3A00,
	0xD4B0, 0x9002,
	0xD4C8, 0x0100,
	0xD624, 0x0000,
	0xD62E, 0x0000,
	0xD638, 0x0000,
	0xD4EA, 0x0100,
	0xD554, 0xC400,
	0xD556, 0xF600,
	0xD560, 0x5203,
	0xD562, 0x8403,
	0xD4DA, 0x0000,
	0xD4E6, 0x0100,
	0xD4C0, 0x1400,
	0xD4B4, 0x0100,
	0xD4CC, 0x0000,
	0xD5BC, 0x0000,
	0xD5BE, 0x0000,
	0xD5C8, 0x0000,
	0xD5CA, 0x0000,
	0xD4D2, 0x0000,
	0xD4DE, 0x0100,
	0xD4B8, 0x1400,
	0xD4AC, 0x0100,
	0xD4C4, 0x0000,
	0xD4EC, 0x0000,
	0xD4EE, 0x0000,
	0xD4F8, 0x0000,
	0xD4FA, 0x0000,
	0xBF78, 0x5333,
	0xD896, 0x0000,
	0xFCFC, 0x2001,
	0x1C24, 0x0002,
	0x1C26, 0x0001,
	0x1C28, 0xF004,
	0x1C2A, 0x0010,
	0x1C2C, 0x2010,
	0x1C2E, 0x0005,
	0x1C30, 0x00A0,
	0x1C32, 0x5110,
	0x1C34, 0x3510,
	0x1C4E, 0x0001,
	0x1C50, 0xFD02,
	0x1C52, 0x0010,
	0x1C54, 0x2810,
	0x1C56, 0x0003,
	0x1C58, 0xF004,
	0x1C5A, 0x0010,
	0x1C5C, 0x3110,
	0x1C5E, 0x0005,
	0x1C60, 0x00A0,
	0x1C62, 0x6E10,
	0x1C64, 0x6E10,
	0x1C66, 0x0000,
	0x1C68, 0x0000,
	0x1C6A, 0x0000,
	0x1C6C, 0x0000,
	0x1C76, 0x0001,
	0x1C78, 0xFD02,
	0x1C7A, 0x0010,
	0x1C7C, 0x2810,
	0x1C7E, 0x0003,
	0x1C80, 0xF004,
	0x1C82, 0x0010,
	0x1C84, 0x3110,
	0x1C86, 0x0005,
	0x1C88, 0x00A0,
	0x1C8A, 0x6610,
	0x1C8C, 0x6610,
	0x1C8E, 0x0000,
	0x1C90, 0x0000,
	0x1C92, 0x0000,
	0x1C94, 0x0000,
	0x1C9E, 0x0001,
	0x1CA0, 0xF004,
	0x1CA2, 0x0010,
	0x1CA4, 0x2010,
	0x1CA6, 0x0005,
	0x1CA8, 0x00A0,
	0x1CAA, 0x5110,
	0x1CAC, 0x3510,
	0x1CC6, 0x0001,
	0x1CC8, 0xF004,
	0x1CCA, 0x0010,
	0x1CCC, 0x2010,
	0x1CCE, 0x0005,
	0x1CD0, 0x00A0,
	0x1CD2, 0x5110,
	0x1CD4, 0x3510,
	0x1CEE, 0x0001,
	0x1CF0, 0xFD02,
	0x1CF2, 0x0010,
	0x1CF4, 0x2810,
	0x1CF6, 0x0003,
	0x1CF8, 0xF004,
	0x1CFA, 0x0010,
	0x1CFC, 0x3110,
	0x1CFE, 0x0005,
	0x1D00, 0x00A0,
	0x1D02, 0x6E10,
	0x1D04, 0x6E10,
	0x1D06, 0x0000,
	0x1D08, 0x0000,
	0x1D0A, 0x0000,
	0x1D0C, 0x0000,
	0x1D16, 0x0001,
	0x1D18, 0xFD02,
	0x1D1A, 0x0010,
	0x1D1C, 0x2810,
	0x1D1E, 0x0003,
	0x1D20, 0xF004,
	0x1D22, 0x0010,
	0x1D24, 0x3110,
	0x1D26, 0x0005,
	0x1D28, 0x00A0,
	0x1D2A, 0x6610,
	0x1D2C, 0x6610,
	0x1D2E, 0x0000,
	0x1D30, 0x0000,
	0x1D32, 0x0000,
	0x1D34, 0x0000,
	0x1D3E, 0x0001,
	0x1D40, 0xF004,
	0x1D42, 0x0010,
	0x1D44, 0x2010,
	0x1D46, 0x0005,
	0x1D48, 0x00A0,
	0x1D4A, 0x5110,
	0x1D4C, 0x3510,
	0xFCFC, 0x2000,
	0xB21E, 0x0000,
	0xB222, 0xC000,
	0xB20C, 0x2E00,
	0xB21A, 0x0402,
	0xB378, 0x0100,
	0xDD70, 0x0000,
	0xDE38, 0x0000,
	0xFCFC, 0x2002,
	0xA574, 0x0100,
	0xA59C, 0xA2FD,
	0xA59E, 0xFEFE,
	0xA576, 0x4000,
	0xA588, 0x0E00,
	0xA578, 0x8000,
	0xA58A, 0x2000,
	0xA57A, 0xA000,
	0xA58C, 0x2800,
	0xA57C, 0x4001,
	0xA58E, 0x1400,
	0xA57E, 0x8002,
	0xA590, 0x2200,
	0xA580, 0x0005,
	0xA592, 0x2800,
	0xA582, 0x000A,
	0xA594, 0x2C00,
	0xA584, 0xA00F,
	0xA596, 0x2E00,
	0xA586, 0x4011,
	0xA598, 0x3200,
	0xA59A, 0x3100,
	0xA548, 0x0000,
	0xA570, 0x0000,
	0xA54A, 0x0000,
	0xA55C, 0x0000,
	0xA54C, 0x0000,
	0xA55E, 0x0000,
	0xA54E, 0x0000,
	0xA560, 0x0000,
	0xA550, 0x0000,
	0xA562, 0x0000,
	0xA552, 0x0000,
	0xA564, 0x0000,
	0xA554, 0x0000,
	0xA566, 0x0000,
	0xA556, 0x0000,
	0xA568, 0x0000,
	0xA558, 0x0000,
	0xA56A, 0x0000,
	0xA55A, 0x0000,
	0xA56C, 0x0000,
	0xA56E, 0x0000,
	0xFCFC, 0x2001,
	0x1D96, 0x0000,
	0x1D98, 0x0000,
	0x1DA6, 0x0000,
	0x1DA8, 0x0000,
	0x1D72, 0x0000,
	0x1D74, 0x0000,
	0x1D82, 0x0000,
	0x1D84, 0x0000,
	0x1D92, 0x0000,
	0x1D94, 0x0000,
	0x1DA2, 0x0000,
	0x1DA4, 0x0000,
	0x1D76, 0x0000,
	0x1D78, 0x0000,
	0x1D86, 0x0000,
	0x1D88, 0x0000,
	0x1E16, 0x1800,
	0x1E18, 0x1800,
	0x1E26, 0x1800,
	0x1E28, 0x1800,
	0x1DF2, 0x1600,
	0x1DF4, 0x1600,
	0x1E02, 0x1600,
	0x1E04, 0x1600,
	0x1E12, 0x1800,
	0x1E14, 0x1800,
	0x1E22, 0x1800,
	0x1E24, 0x1800,
	0x1DF6, 0x1600,
	0x1DF8, 0x1600,
	0x1E06, 0x1600,
	0x1E08, 0x1600,
	0xFCFC, 0x2000,
	0x82BA, 0x3300,
	0x82A2, 0x1400,
	0xFCFC, 0x2001,
	0x427C, 0x2000,
	0x4280, 0x1000,
	0x4362, 0x0100,
	0x43AA, 0x0000,
	0x43AC, 0x0000,
	0x43C6, 0x0114,
	0x43B4, 0x0000,
	0x43B6, 0x0000,
	0x4396, 0x0B00,
	0x4398, 0x0A00,
	0x437E, 0xE400,
	0xFCFC, 0x2000,
	0xB322, 0x0101,
	0xB324, 0x0100,
	0xB330, 0x2828,
	0xB34A, 0x2828,
	0xB360, 0x2828,
	0xFCFC, 0x2001,
	0x4292, 0x0000,
	0x4364, 0x0000,
	0x4366, 0x0000,
	0x4370, 0x0000,
	0x4290, 0x0100,
	0xFCFC, 0x2002,
	0x84C4, 0x0100,
	0x84A4, 0x0000,
	0xFCFC, 0x2000,
	0xD684, 0x80F3,
	0xB268, 0x80F3,
	0xF09A, 0x00FF,
	0xF2E0, 0x0000,
	0xF372, 0x0000,
	0xF0AA, 0xFFFF,
	0xF0AC, 0xFFFF,
	0xF2EA, 0x4000,
	0xDADA, 0x0001,
	0xDB3C, 0xD2FD,
	0xDADC, 0x0000,
	0xDB0C, 0x3F3F,
	0xDB3E, 0xD2FD,
	0xDADE, 0xA000,
	0xDB0E, 0x2424,
	0xDB40, 0xD2FD,
	0xDAE0, 0x0001,
	0xDB10, 0x3F3F,
	0xDB42, 0xD2FD,
	0xDAE2, 0xA001,
	0xDB12, 0x3F3F,
	0xDB44, 0x12D2,
	0xDAE4, 0x0000,
	0xDB14, 0x00B0,
	0xDB46, 0x12D2,
	0xDAE6, 0x6000,
	0xDB16, 0x00F0,
	0xDB48, 0x12D2,
	0xDAE8, 0xA000,
	0xDB18, 0x00FF,
	0xDB4A, 0x12D2,
	0xDAEA, 0xC000,
	0xDB1A, 0x00F0,
	0xDB4C, 0x12D2,
	0xDAEC, 0x0001,
	0xDB1C, 0x00F0,
	0xDB4E, 0x12D2,
	0xDAEE, 0x4001,
	0xDB1E, 0x00F0,
	0xDB50, 0x12D2,
	0xDAF0, 0x6001,
	0xDB20, 0x00C0,
	0xDB52, 0x12D2,
	0xDAF2, 0x0002,
	0xDB22, 0x00C0,
	0xDB54, 0x12D2,
	0xDAF4, 0x8002,
	0xDB24, 0x00C0,
	0xDB56, 0x12D2,
	0xDAF6, 0x2003,
	0xDB26, 0x00F0,
	0xDB58, 0x0000,
	0xDAF8, 0x0000,
	0xDB28, 0x0000,
	0xDB5A, 0x0000,
	0xDAFA, 0x0000,
	0xDB2A, 0x0000,
	0xDBCC, 0x0000,
	0xDB6C, 0x0000,
	0xDB9C, 0x0000,
	0xDBCE, 0x0000,
	0xDB6E, 0x0000,
	0xDB9E, 0x0000,
	0xDBD0, 0x0000,
	0xDB70, 0x0000,
	0xDBA0, 0x0000,
	0xDBD2, 0x0000,
	0xDB72, 0x0000,
	0xDBA2, 0x0000,
	0xDBD4, 0x0000,
	0xDB74, 0x0000,
	0xDBA4, 0x0000,
	0xDBD6, 0x0000,
	0xDB76, 0x0000,
	0xDBA6, 0x0000,
	0xDBD8, 0x0000,
	0xDB78, 0x0000,
	0xDBA8, 0x0000,
	0xDBDA, 0x0000,
	0xDB7A, 0x0000,
	0xDBAA, 0x0000,
	0xDBDC, 0x0000,
	0xDB7C, 0x0000,
	0xDBAC, 0x0000,
	0xDBDE, 0x0000,
	0xDB7E, 0x0000,
	0xDBAE, 0x0000,
	0xDBE0, 0x0000,
	0xDB80, 0x0000,
	0xDBB0, 0x0000,
	0xDBE2, 0x0000,
	0xDB82, 0x0000,
	0xDBB2, 0x0000,
	0xDBE4, 0x0000,
	0xDB84, 0x0000,
	0xDBB4, 0x0000,
	0xDBE6, 0x0000,
	0xDB86, 0x0000,
	0xDBB6, 0x0000,
	0xDBE8, 0x0000,
	0xDB88, 0x0000,
	0xDBB8, 0x0000,
	0xDBEA, 0x0000,
	0xDB8A, 0x0000,
	0xDBBA, 0x0000,
	0xF370, 0x0203,
	0xF3E4, 0x0301,
	0xF3F4, 0xC801,
	0xF3F6, 0xD610,
	0xF054, 0x0600,
	0xB270, 0x8708,
	0xB266, 0xC004,
	0xD682, 0xC004,
	0xBF16, 0x0BAA,
	0xDC8C, 0x3F2B,
	0x66E8, 0x0000,
	0x66EA, 0x0000,
	0x66EC, 0x0000,
	0x66EE, 0x0000,
	0x66F0, 0x0000,
	0x66F2, 0x0000,
	0x66F4, 0x0000,
	0x66F6, 0x0000,
	0x66F8, 0x0000,
	0x66FA, 0x0000,
	0x66FC, 0x0000,
	0x66FE, 0x0000,
	0x6700, 0x0000,
	0x6702, 0x0000,
	0x6704, 0x0000,
	0x6706, 0x0000,
	0x687A, 0x0000,
	0x688A, 0x0900,
	0x6878, 0x0000,
	0x6888, 0x0900,
	0xF55A, 0x0501,
	0xF55C, 0x0501,
	0xFCFC, 0x4000,
	0x0808, 0x0000,
	0x0E00, 0x0003,
	0x0BCC, 0x0000,
};

//complete 14
static u16 chagalls5kjn5tele_custom2_setting[] = {
	0xFCFC, 0x4000,
	0x6170, 0xFFFF,
	0x6180, 0x0000,
	0x6190, 0x0000,
	0x6200, 0xFFFF,
	0x6202, 0xFFFF,
	0x6204, 0x0000,
	0x6206, 0x0000,
	0x6208, 0x0000,
	0xA100, 0xFFFF,
	0xA102, 0x0000,
	0xA104, 0x0000,
	0xFCFC, 0x4001,
	0x0100, 0xFFFF,
	0x0102, 0xFFFF,
	0x0104, 0x0000,
	0x0106, 0x0000,
	0x0108, 0x0000,
	0xFCFC, 0x4000,
	0x8100, 0xFFFF,
	0x8104, 0x0000,
	0x8108, 0x0000,
	0x0B30, 0x01FF,
	0xFCFC, 0x2000,
	0x7806, 0x0001,
	0x7808, 0x2408,
	0xFCFC, 0x4000,
	0x0344, 0x0100,
	0x0348, 0x1F1F,
	0x0346, 0x0390,
	0x034A, 0x148F,
	0x034C, 0x0780,
	0x034E, 0x0438,
	0x0350, 0x0004,
	0x0352, 0x0004,
	0x0340, 0x0642,
	0x0342, 0x12B0,
	0x0136, 0x1800,
	0x013E, 0x0000,
	0x0304, 0x0003,
	0x0306, 0x00E6,
	0x030C, 0x0000,
	0x030E, 0x0003,
	0x0310, 0x00FA,
	0x0312, 0x0001,
	0x031A, 0x0003,
	0x031C, 0x0028,
	0x031E, 0x0002,
	0x0202, 0x0014,
	0x0226, 0x0014,
	0x022C, 0x0014,
	0x0702, 0x0000,
	0x0704, 0x0000,
	0x0114, 0x0201,
	0x0118, 0x0004,
	0x011A, 0x0001,
	0x011C, 0x0101,
	0xFCFC, 0x2000,
	0xB176, 0x0602,
	0xB178, 0x0000,
	0x7996, 0x0101,
	0x7994, 0x2020,
	0xFCFC, 0x4000,
	0x0900, 0x3344,
	0x0380, 0x0002,
	0x0382, 0x0006,
	0x0384, 0x0002,
	0x0386, 0x0006,
	0x040C, 0x0000,
	0x0400, 0x1010,
	0x0408, 0x0100,
	0x040A, 0x0100,
	0xFCFC, 0x2000,
	0xD1F6, 0x3A00,
	0xD20C, 0x0910,
	0xD314, 0x2002,
	0xD27A, 0x0700,
	0xD3F0, 0xB01C,
	0xD410, 0x4802,
	0xD426, 0xD204,
	0xD43C, 0x0140,
	0xD412, 0xD204,
	0xD428, 0xEA0A,
	0xD43E, 0x0140,
	0xFCFC, 0x4000,
	0x0260, 0x0001,
	0x0262, 0x0000,
	0x0264, 0x0006,
	0x0266, 0x0700,
	0x0112, 0x0A0A,
	0x0270, 0x2B2B,
	0x0272, 0x2B10,
	0x0274, 0x302B,
	0xFCFC, 0x2001,
	0x44C6, 0x0000,
	0xFCFC, 0x4000,
	0x0B02, 0x0102,
	0x0720, 0x0001,
	0x0722, 0x0800,
	0x0724, 0x0000,
	0x0728, 0x0000,
	0x072A, 0x0000,
	0x072C, 0x0000,
	0x072E, 0x0000,
	0xFCFC, 0x2001,
	0x3132, 0x0200,
	0xFCFC, 0x4000,
	0x021E, 0x0000,
	0x0228, 0x0100,
	0xFCFC, 0x2001,
	0x31D0, 0x0000,
	0x5A70, 0x0000,
	0xFCFC, 0x2000,
	0xDC94, 0x0103,
	0xEF80, 0x0000,
	0x23F0, 0x0001,
	0xF288, 0x0000,
	0xFCFC, 0x2001,
	0x2A30, 0x01FF,
	0x4270, 0x0000,
	0x29BA, 0x2000,
	0x29A8, 0x0100,
	0xFCFC, 0x4000,
	0x0B04, 0x0001,
	0x0B06, 0x0101,
	0x0B08, 0x0100,
	0x0B0A, 0x0101,
	0x0B0C, 0x0100,
	0xFCFC, 0x2000,
	0xC4E0, 0x0100,
	0xC4F6, 0x0000,
	0xC4E2, 0x0000,
	0xC53C, 0x0500,
	0xC544, 0x0005,
	0xC53E, 0x0000,
	0xB23C, 0x6060,
	0xB242, 0x6060,
	0xC554, 0x0010,
	0xC556, 0x0000,
	0xFCFC, 0x2001,
	0x2920, 0x0100,
	0x31F8, 0x0000,
	0x31FA, 0x0000,
	0xFCFC, 0x2000,
	0xD856, 0x0507,
	0xD6D4, 0x0000,
	0x799A, 0x0000,
	0xD8A2, 0x0100,
	0xFCFC, 0x4000,
	0x020A, 0x0000,
	0xFCFC, 0x2000,
	0x78C0, 0x0101,
	0x22C2, 0x0600,
	0x22C4, 0xFF1F,
	0x22EC, 0x1F00,
	0x2306, 0xFF3F,
	0x2314, 0xFF00,
	0x2354, 0x0300,
	0xFCFC, 0x4000,
	0x0936, 0x0000,
	0x0C40, 0x0000,
	0xFCFC, 0x2000,
	0x68DE, 0x0000,
	0xFCFC, 0x2001,
	0x2540, 0x0200,
	0x25E0, 0x0100,
	0x25E2, 0x0000,
	0xFCFC, 0x2000,
	0xD718, 0x0002,
	0xBF30, 0x0000,
	0xFCFC, 0x2001,
	0x3C42, 0x0000,
	0x3C46, 0xEB05,
	0x3C52, 0x4006,
	0xFCFC, 0x2000,
	0xD326, 0x0110,
	0xD3EC, 0xB01C,
	0xFCFC, 0x2001,
	0x195E, 0x0100,
	0x1966, 0x0000,
	0xFCFC, 0x4000,
	0x0086, 0x1400,
	0xFCFC, 0x2000,
	0xE980, 0x9E04,
	0xC4D8, 0x2000,
	0x795A, 0x2000,
	0x7970, 0x2000,
	0xFCFC, 0x2002,
	0x849E, 0x0000,
	0x84A0, 0x0000,
	0x84A2, 0x0005,
	0xFCFC, 0x2001,
	0x2BB2, 0x1000,
	0x2D32, 0x0010,
	0xFCFC, 0x2000,
	0x703C, 0x0101,
	0x7046, 0x7F02,
	0x7058, 0x8002,
	0x71D4, 0x3F00,
	0x71D6, 0x3D00,
	0x71D8, 0x84F3,
	0x71DA, 0x0040,
	0x7048, 0xDF01,
	0x705A, 0xE001,
	0x7274, 0x0B00,
	0x7276, 0x0A00,
	0x7278, 0x36D2,
	0x727A, 0x0040,
	0x727C, 0x0000,
	0x727E, 0x00D0,
	0x7280, 0x12D2,
	0x7282, 0x0040,
	0x703E, 0x0100,
	0x704A, 0x000A,
	0x705C, 0x010A,
	0x7314, 0x2E00,
	0x7316, 0x3000,
	0x7318, 0x9EFD,
	0x731A, 0x0040,
	0xBEDC, 0xC526,
	0xBEDE, 0x907E,
	0xBEE0, 0xC00F,
	0xBEE2, 0x0008,
	0xBEE4, 0x2C00,
	0xBEE6, 0x8000,
	0xFCFC, 0x2001,
	0x2A54, 0x0000,
	0x2A56, 0x0400,
	0x2A42, 0x0100,
	0x2A44, 0x7901,
	0x2A46, 0x0000,
	0xFCFC, 0x2000,
	0xD704, 0x0278,
	0x7A0E, 0x0F00,
	0x7A6E, 0x1900,
	0x7A86, 0x1900,
	0x8C9E, 0x3500,
	0x8CCE, 0x9600,
	0x7A10, 0x0F00,
	0x7A70, 0x1900,
	0x7A88, 0x1900,
	0x8CA0, 0x3500,
	0x8CD0, 0x9600,
	0xB224, 0x0103,
	0xB226, 0x0000,
	0xB220, 0x0103,
	0x7A12, 0x0F00,
	0x7A72, 0x1900,
	0x7A8A, 0x1900,
	0x8CA2, 0x5000,
	0x8CD2, 0xBE00,
	0x7EE6, 0x2C00,
	0x7EF2, 0x2C00,
	0x7EFE, 0x6400,
	0x7F0A, 0x5800,
	0x8D0E, 0x0000,
	0x9032, 0x0000,
	0x903E, 0x0000,
	0x7A14, 0x0F00,
	0x7A74, 0x1900,
	0x7A8C, 0x1900,
	0x8CA4, 0x3500,
	0x7F0E, 0x5800,
	0x8CA6, 0x4000,
	0x8CD6, 0x9600,
	0x7BDA, 0x3C00,
	0xD49C, 0x2100,
	0xD4D0, 0x0A00,
	0xD4A8, 0x0100,
	0xD4D6, 0x1A00,
	0xD4E2, 0x6A00,
	0xD4BC, 0x9801,
	0xD4B0, 0xC001,
	0xD4C8, 0x0100,
	0xD624, 0x0000,
	0xD62E, 0x0000,
	0xD638, 0x0000,
	0xD4EA, 0x0100,
	0xD554, 0xC400,
	0xD556, 0x2E01,
	0xD560, 0x5203,
	0xD562, 0xBC03,
	0xD4DA, 0x0000,
	0xD4E6, 0x0100,
	0xD4C0, 0x1400,
	0xD4B4, 0x0100,
	0xD4CC, 0x0000,
	0xD5BC, 0x0000,
	0xD5BE, 0x0000,
	0xD5C8, 0x0000,
	0xD5CA, 0x0000,
	0xD4D2, 0x0000,
	0xD4DE, 0x0100,
	0xD4B8, 0x1400,
	0xD4AC, 0x0100,
	0xD4C4, 0x0000,
	0xD4EC, 0x0000,
	0xD4EE, 0x0000,
	0xD4F8, 0x0000,
	0xD4FA, 0x0000,
	0xBF78, 0x5333,
	0xD896, 0x0000,
	0xFCFC, 0x2001,
	0x1C24, 0x0002,
	0x1C26, 0x8001,
	0x1C28, 0x8004,
	0x1C2A, 0x2010,
	0x1C2C, 0x2010,
	0x1C2E, 0x0005,
	0x1C30, 0x00A0,
	0x1C32, 0x2810,
	0x1C34, 0x2810,
	0x1C4E, 0x8001,
	0x1C50, 0x8004,
	0x1C52, 0x0010,
	0x1C54, 0x0010,
	0x1C56, 0x0005,
	0x1C58, 0x00A0,
	0x1C5A, 0x2810,
	0x1C5C, 0x2810,
	0x1C5E, 0x0000,
	0x1C60, 0x0000,
	0x1C62, 0x0000,
	0x1C64, 0x0000,
	0x1C66, 0x0000,
	0x1C68, 0x0000,
	0x1C6A, 0x0000,
	0x1C6C, 0x0000,
	0x1C76, 0x8001,
	0x1C78, 0x8004,
	0x1C7A, 0x2010,
	0x1C7C, 0x2010,
	0x1C7E, 0x0005,
	0x1C80, 0x00A0,
	0x1C82, 0x2810,
	0x1C84, 0x2810,
	0x1C86, 0x0000,
	0x1C88, 0x0000,
	0x1C8A, 0x0000,
	0x1C8C, 0x0000,
	0x1C8E, 0x0000,
	0x1C90, 0x0000,
	0x1C92, 0x0000,
	0x1C94, 0x0000,
	0x1C9E, 0x8001,
	0x1CA0, 0x8004,
	0x1CA2, 0x2010,
	0x1CA4, 0x2010,
	0x1CA6, 0x0005,
	0x1CA8, 0x00A0,
	0x1CAA, 0x2810,
	0x1CAC, 0x2810,
	0x1CC6, 0x8001,
	0x1CC8, 0x8004,
	0x1CCA, 0x2010,
	0x1CCC, 0x2010,
	0x1CCE, 0x0005,
	0x1CD0, 0x00A0,
	0x1CD2, 0x2810,
	0x1CD4, 0x2810,
	0x1CEE, 0x8001,
	0x1CF0, 0x8004,
	0x1CF2, 0x0010,
	0x1CF4, 0x0010,
	0x1CF6, 0x0005,
	0x1CF8, 0x00A0,
	0x1CFA, 0x2810,
	0x1CFC, 0x2810,
	0x1CFE, 0x0000,
	0x1D00, 0x0000,
	0x1D02, 0x0000,
	0x1D04, 0x0000,
	0x1D06, 0x0000,
	0x1D08, 0x0000,
	0x1D0A, 0x0000,
	0x1D0C, 0x0000,
	0x1D16, 0x8001,
	0x1D18, 0x8004,
	0x1D1A, 0x2010,
	0x1D1C, 0x2010,
	0x1D1E, 0x0005,
	0x1D20, 0x00A0,
	0x1D22, 0x2810,
	0x1D24, 0x2810,
	0x1D26, 0x0000,
	0x1D28, 0x0000,
	0x1D2A, 0x0000,
	0x1D2C, 0x0000,
	0x1D2E, 0x0000,
	0x1D30, 0x0000,
	0x1D32, 0x0000,
	0x1D34, 0x0000,
	0x1D3E, 0x8001,
	0x1D40, 0x8004,
	0x1D42, 0x2010,
	0x1D44, 0x2010,
	0x1D46, 0x0005,
	0x1D48, 0x00A0,
	0x1D4A, 0x2810,
	0x1D4C, 0x2810,
	0xFCFC, 0x2000,
	0xB21E, 0x0000,
	0xB222, 0xC000,
	0xB20C, 0x2E00,
	0xB21A, 0x0402,
	0xB378, 0x0100,
	0xDD70, 0x0000,
	0xDE38, 0x0000,
	0xFCFC, 0x2002,
	0xA574, 0x0100,
	0xA59C, 0xA2FD,
	0xA59E, 0xFEFE,
	0xA576, 0x4000,
	0xA588, 0x1400,
	0xA578, 0x8000,
	0xA58A, 0x2200,
	0xA57A, 0xA000,
	0xA58C, 0x2800,
	0xA57C, 0x4001,
	0xA58E, 0x1400,
	0xA57E, 0x8002,
	0xA590, 0x2200,
	0xA580, 0x0005,
	0xA592, 0x2800,
	0xA582, 0x000A,
	0xA594, 0x2C00,
	0xA584, 0xA00F,
	0xA596, 0x2E00,
	0xA586, 0x4011,
	0xA598, 0x3200,
	0xA59A, 0x3500,
	0xA548, 0x0000,
	0xA570, 0x0000,
	0xA54A, 0x0000,
	0xA54C, 0x0000,
	0xA54E, 0x0000,
	0xA550, 0x0000,
	0xA552, 0x0000,
	0xA554, 0x0000,
	0xA556, 0x0000,
	0xA55C, 0x0000,
	0xA55E, 0x0000,
	0xA560, 0x0000,
	0xA562, 0x0000,
	0xA564, 0x0000,
	0xA566, 0x0000,
	0xA568, 0x0000,
	0xA558, 0x0000,
	0xA56A, 0x0000,
	0xA55A, 0x0000,
	0xA56C, 0x0000,
	0xA56E, 0x0000,
	0xFCFC, 0x2001,
	0x1D96, 0x0000,
	0x1D98, 0x0000,
	0x1DA6, 0x0000,
	0x1DA8, 0x0000,
	0x1D72, 0x0000,
	0x1D74, 0x0000,
	0x1D82, 0x0000,
	0x1D84, 0x0000,
	0x1D92, 0x0000,
	0x1D94, 0x0000,
	0x1DA2, 0x0000,
	0x1DA4, 0x0000,
	0x1D76, 0x0000,
	0x1D78, 0x0000,
	0x1D86, 0x0000,
	0x1D88, 0x0000,
	0x1E16, 0x0F00,
	0x1E18, 0x0F00,
	0x1E26, 0x0F00,
	0x1E28, 0x0F00,
	0x1DF2, 0x0F00,
	0x1DF4, 0x0F00,
	0x1E02, 0x0F00,
	0x1E04, 0x0F00,
	0x1E12, 0x0F00,
	0x1E14, 0x0F00,
	0x1E22, 0x0F00,
	0x1E24, 0x0F00,
	0x1DF6, 0x0F00,
	0x1DF8, 0x0F00,
	0x1E06, 0x0F00,
	0x1E08, 0x0F00,
	0xFCFC, 0x2000,
	0x82BA, 0x3300,
	0x82A2, 0x1400,
	0xFCFC, 0x2001,
	0x427C, 0x2000,
	0x4280, 0x1000,
	0x4362, 0x0100,
	0x43AA, 0x0000,
	0x43AC, 0x0000,
	0x43C6, 0x0114,
	0x43B4, 0x0000,
	0x43B6, 0x0000,
	0x4396, 0x0B00,
	0x4398, 0x0B00,
	0x437E, 0xE400,
	0xFCFC, 0x2000,
	0xB322, 0x0101,
	0xB324, 0x0100,
	0xB330, 0x2828,
	0xB34A, 0x2828,
	0xB360, 0x2828,
	0xFCFC, 0x2001,
	0x4292, 0x0000,
	0x4364, 0x0000,
	0x4366, 0x0000,
	0x4370, 0x0000,
	0x4290, 0x0100,
	0xFCFC, 0x2002,
	0x84C4, 0x0100,
	0x84A4, 0x0000,
	0xFCFC, 0x2000,
	0xD684, 0x80F3,
	0xB268, 0x80F3,
	0xF09A, 0x00FF,
	0xF2E0, 0x0000,
	0xF372, 0x0000,
	0xF0AA, 0xFFFF,
	0xF0AC, 0xFFFF,
	0xF2EA, 0x4000,
	0xDADA, 0x0001,
	0xDB3C, 0xD2FD,
	0xDADC, 0x0000,
	0xDB0C, 0x3030,
	0xDB3E, 0xD2FD,
	0xDADE, 0xA000,
	0xDB0E, 0x1F1F,
	0xDB40, 0xD2FD,
	0xDAE0, 0x0001,
	0xDB10, 0x2222,
	0xDB42, 0xD2FD,
	0xDAE2, 0x4001,
	0xDB12, 0x1F1F,
	0xDB44, 0x12D2,
	0xDAE4, 0x0000,
	0xDB14, 0x0030,
	0xDB46, 0x12D2,
	0xDAE6, 0x5000,
	0xDB16, 0x0060,
	0xDB48, 0x12D2,
	0xDAE8, 0x6000,
	0xDB18, 0x00C0,
	0xDB4A, 0x12D2,
	0xDAEA, 0xA000,
	0xDB1A, 0x0000,
	0xDB4C, 0x12D2,
	0xDAEC, 0x0001,
	0xDB1C, 0x0020,
	0xDB4E, 0x12D2,
	0xDAEE, 0x4001,
	0xDB1E, 0x0010,
	0xDB50, 0x12D2,
	0xDAF0, 0xE001,
	0xDB20, 0x00F0,
	0xDB52, 0x12D2,
	0xDAF2, 0x0005,
	0xDB22, 0x00F0,
	0xDB54, 0x12D2,
	0xDAF4, 0x800C,
	0xDB24, 0x00F0,
	0xDB56, 0x0000,
	0xDAF6, 0x0000,
	0xDB26, 0x0000,
	0xDB58, 0x0000,
	0xDAF8, 0x0000,
	0xDB28, 0x0000,
	0xDB5A, 0x0000,
	0xDAFA, 0x0000,
	0xDB2A, 0x0000,
	0xDBCC, 0x0000,
	0xDB6C, 0x0000,
	0xDB9C, 0x0000,
	0xDBCE, 0x0000,
	0xDB6E, 0x0000,
	0xDB9E, 0x0000,
	0xDBD0, 0x0000,
	0xDB70, 0x0000,
	0xDBA0, 0x0000,
	0xDBD2, 0x0000,
	0xDB72, 0x0000,
	0xDBA2, 0x0000,
	0xDBD4, 0x0000,
	0xDB74, 0x0000,
	0xDBA4, 0x0000,
	0xDBD6, 0x0000,
	0xDB76, 0x0000,
	0xDBA6, 0x0000,
	0xDBD8, 0x0000,
	0xDB78, 0x0000,
	0xDBA8, 0x0000,
	0xDBDA, 0x0000,
	0xDB7A, 0x0000,
	0xDBAA, 0x0000,
	0xDBDC, 0x0000,
	0xDB7C, 0x0000,
	0xDBAC, 0x0000,
	0xDBDE, 0x0000,
	0xDB7E, 0x0000,
	0xDBAE, 0x0000,
	0xDBE0, 0x0000,
	0xDB80, 0x0000,
	0xDBB0, 0x0000,
	0xDBE2, 0x0000,
	0xDB82, 0x0000,
	0xDBB2, 0x0000,
	0xDBE4, 0x0000,
	0xDB84, 0x0000,
	0xDBB4, 0x0000,
	0xDBE6, 0x0000,
	0xDB86, 0x0000,
	0xDBB6, 0x0000,
	0xDBE8, 0x0000,
	0xDB88, 0x0000,
	0xDBB8, 0x0000,
	0xDBEA, 0x0000,
	0xDB8A, 0x0000,
	0xDBBA, 0x0000,
	0xF370, 0x0203,
	0xF3E4, 0x0301,
	0xF3F4, 0xC801,
	0xF3F6, 0xD210,
	0xF054, 0x0700,
	0xB270, 0x8708,
	0xB266, 0xC004,
	0xD682, 0xC004,
	0xBF16, 0x0BAA,
	0xDC8C, 0x3F2B,
	0x66E8, 0x0000,
	0x66EA, 0x0000,
	0x66EC, 0x0000,
	0x66EE, 0x0000,
	0x66F0, 0x0000,
	0x66F2, 0x0000,
	0x66F4, 0x0000,
	0x66F6, 0x0000,
	0x66F8, 0x0000,
	0x66FA, 0x0000,
	0x66FC, 0x0000,
	0x66FE, 0x0000,
	0x6700, 0x0000,
	0x6702, 0x0000,
	0x6704, 0x0000,
	0x6706, 0x0000,
	0x687A, 0x0000,
	0x688A, 0x0900,
	0x6878, 0x0000,
	0x6888, 0x0900,
	0xF55A, 0x1503,
	0xF55C, 0x9901,
	0xFCFC, 0x4000,
	0x0808, 0x0000,
	0x0E00, 0x0003,
	0x0BCC, 0x0000,
};

//complete 15
static u16 chagalls5kjn5tele_custom3_setting[] = {
	0xFCFC, 0x4000,
	0x6170, 0xFFFF,
	0x6180, 0x0000,
	0x6190, 0x0000,
	0x6200, 0xFFFF,
	0x6202, 0xFFFF,
	0x6204, 0x0000,
	0x6206, 0x0000,
	0x6208, 0x0000,
	0xA100, 0xFFFF,
	0xA102, 0x0000,
	0xA104, 0x0000,
	0xFCFC, 0x4001,
	0x0100, 0xFFFF,
	0x0102, 0xFFFF,
	0x0104, 0x0000,
	0x0106, 0x0000,
	0x0108, 0x0000,
	0xFCFC, 0x4000,
	0x8100, 0xFFFF,
	0x8104, 0x0000,
	0x8108, 0x0000,
	0x0B30, 0x01FF,
	0xFCFC, 0x2000,
	0x7806, 0x0000,
	0x7808, 0x0000,
	0xFCFC, 0x4000,
	0x0344, 0x0100,
	0x0348, 0x1F1F,
	0x0346, 0x0390,
	0x034A, 0x148F,
	0x034C, 0x0780,
	0x034E, 0x0438,
	0x0350, 0x0004,
	0x0352, 0x0004,
	0x0340, 0x04CE,
	0x0342, 0x0C2C,
	0x0136, 0x1800,
	0x013E, 0x0000,
	0x0304, 0x0003,
	0x0306, 0x00E6,
	0x030C, 0x0000,
	0x030E, 0x0003,
	0x0310, 0x00FA,
	0x0312, 0x0001,
	0x031A, 0x0003,
	0x031C, 0x0028,
	0x031E, 0x0002,
	0x0202, 0x0014,
	0x0226, 0x0014,
	0x022C, 0x0014,
	0x0702, 0x0000,
	0x0704, 0x0000,
	0x0114, 0x0201,
	0x0118, 0x0004,
	0x011A, 0x0001,
	0x011C, 0x0101,
	0xFCFC, 0x2000,
	0xB176, 0x0604,
	0xB178, 0x0000,
	0x7996, 0x0101,
	0x7994, 0x2020,
	0xFCFC, 0x4000,
	0x0900, 0x3344,
	0x0380, 0x0002,
	0x0382, 0x0006,
	0x0384, 0x0002,
	0x0386, 0x0006,
	0x040C, 0x0000,
	0x0400, 0x1010,
	0x0408, 0x0100,
	0x040A, 0x0100,
	0xFCFC, 0x2000,
	0xD1F6, 0xBA10,
	0xD20C, 0x0908,
	0xD314, 0x3003,
	0xD27A, 0x0B00,
	0xD3F0, 0x811C,
	0xD410, 0x4802,
	0xD426, 0xD204,
	0xD43C, 0x0140,
	0xD412, 0xD204,
	0xD428, 0xEA0A,
	0xD43E, 0x0140,
	0xFCFC, 0x4000,
	0x0260, 0x0001,
	0x0262, 0x0000,
	0x0264, 0x0006,
	0x0266, 0x0700,
	0x0112, 0x0A0A,
	0x0270, 0x2B2B,
	0x0272, 0x2B10,
	0x0274, 0x302B,
	0xFCFC, 0x2001,
	0x44C6, 0x0000,
	0xFCFC, 0x4000,
	0x0B02, 0x0101,
	0x0720, 0x0000,
	0x0722, 0x0800,
	0x0724, 0x0000,
	0x0728, 0x0000,
	0x072A, 0x0000,
	0x072C, 0x0000,
	0x072E, 0x0000,
	0xFCFC, 0x2001,
	0x3132, 0x0000,
	0xFCFC, 0x4000,
	0x021E, 0x0000,
	0x0228, 0x0100,
	0xFCFC, 0x2001,
	0x31D0, 0x0000,
	0x5A70, 0x0000,
	0xFCFC, 0x2000,
	0xDC94, 0x0100,
	0xEF80, 0x0000,
	0x23F0, 0x0001,
	0xF288, 0x0000,
	0xFCFC, 0x2001,
	0x2A30, 0x01FF,
	0x4270, 0x0000,
	0x29BA, 0xFF00,
	0x29A8, 0x0000,
	0xFCFC, 0x4000,
	0x0B04, 0x0001,
	0x0B06, 0x0101,
	0x0B08, 0x0100,
	0x0B0A, 0x0101,
	0x0B0C, 0x0100,
	0xFCFC, 0x2000,
	0xC4E0, 0x0100,
	0xC4F6, 0x0000,
	0xC4E2, 0x0000,
	0xC53C, 0x0500,
	0xC544, 0x0005,
	0xC53E, 0x0000,
	0xB23C, 0x6060,
	0xB242, 0x6060,
	0xC554, 0x0010,
	0xC556, 0x0000,
	0xFCFC, 0x2001,
	0x2920, 0x0100,
	0x31F8, 0x0000,
	0x31FA, 0x0000,
	0xFCFC, 0x2000,
	0xD856, 0x0507,
	0xD6D4, 0x0000,
	0x799A, 0x0000,
	0xD8A2, 0x0100,
	0xFCFC, 0x4000,
	0x020A, 0x0000,
	0xFCFC, 0x2000,
	0x78C0, 0x0101,
	0x22C2, 0x0600,
	0x22C4, 0xFF1F,
	0x22EC, 0x1F00,
	0x2306, 0xFF3F,
	0x2314, 0xFF00,
	0x2354, 0x0300,
	0xFCFC, 0x4000,
	0x0936, 0x0000,
	0x0C40, 0x0000,
	0xFCFC, 0x2000,
	0x68DE, 0x0000,
	0xFCFC, 0x2001,
	0x2540, 0x0200,
	0x25E0, 0x0100,
	0x25E2, 0x0000,
	0xFCFC, 0x2000,
	0xD718, 0x0002,
	0xBF30, 0x0000,
	0xFCFC, 0x2001,
	0x3C42, 0x0000,
	0x3C46, 0xEB05,
	0x3C52, 0x4006,
	0xFCFC, 0x2000,
	0xD326, 0x0110,
	0xD3EC, 0xB01C,
	0xFCFC, 0x2001,
	0x195E, 0x0100,
	0x1966, 0x0000,
	0xFCFC, 0x4000,
	0x0086, 0x1400,
	0xFCFC, 0x2000,
	0xE980, 0x9E04,
	0xC4D8, 0x2000,
	0x795A, 0x2000,
	0x7970, 0x2000,
	0xFCFC, 0x2002,
	0x849E, 0x0000,
	0x84A0, 0x0000,
	0x84A2, 0x0005,
	0xFCFC, 0x2001,
	0x2BB2, 0x1000,
	0x2D32, 0x0010,
	0xFCFC, 0x2000,
	0x703C, 0x0001,
	0x7046, 0x7F02,
	0x7058, 0x8002,
	0x71D4, 0x3F00,
	0x71D6, 0x3D00,
	0x71D8, 0x84F3,
	0x71DA, 0x0040,
	0x7048, 0xDF01,
	0x705A, 0xE001,
	0x7274, 0x0B00,
	0x7276, 0x0B00,
	0x7278, 0x36D2,
	0x727A, 0x0040,
	0x727C, 0x0000,
	0x727E, 0x0000,
	0x7280, 0x0000,
	0x7282, 0x0000,
	0x703E, 0x0100,
	0x704A, 0x000A,
	0x705C, 0x010A,
	0x7314, 0x2E00,
	0x7316, 0x3000,
	0x7318, 0x9EFD,
	0x731A, 0x0040,
	0xBEDC, 0xC526,
	0xBEDE, 0x907E,
	0xBEE0, 0xC00F,
	0xBEE2, 0x0008,
	0xBEE4, 0x2C00,
	0xBEE6, 0x8000,
	0xFCFC, 0x2001,
	0x2A54, 0x0000,
	0x2A56, 0x0400,
	0x2A42, 0x0000,
	0x2A44, 0xE002,
	0x2A46, 0x0000,
	0xFCFC, 0x2000,
	0xD704, 0x0278,
	0x7A0E, 0x0F00,
	0x7A6E, 0x1900,
	0x7A86, 0x1900,
	0x8C9E, 0x3500,
	0x8CCE, 0x9600,
	0x7A10, 0x0F00,
	0x7A70, 0x1900,
	0x7A88, 0x1900,
	0x8CA0, 0x3500,
	0x8CD0, 0x9600,
	0xB224, 0x0103,
	0xB226, 0x0000,
	0xB220, 0x0103,
	0x7A12, 0x0F00,
	0x7A72, 0x1900,
	0x7A8A, 0x1900,
	0x8CA2, 0x3500,
	0x8CD2, 0x9600,
	0x7EE6, 0x2C00,
	0x7EF2, 0x2C00,
	0x7EFE, 0x6400,
	0x7F0A, 0x5800,
	0x8D0E, 0x0000,
	0x9032, 0x0000,
	0x903E, 0x0000,
	0x7A14, 0x0F00,
	0x7A74, 0x1900,
	0x7A8C, 0x1900,
	0x8CA4, 0x3500,
	0x7F0E, 0x5000,
	0x8CA6, 0x4000,
	0x8CD6, 0xBE00,
	0x7BDA, 0x3C00,
	0xD49C, 0x2100,
	0xD4D0, 0x0A00,
	0xD4A8, 0x0100,
	0xD4D6, 0x0000,
	0xD4E2, 0x0100,
	0xD4BC, 0x1400,
	0xD4B0, 0x0100,
	0xD4C8, 0x0000,
	0xD624, 0x0000,
	0xD62E, 0x0000,
	0xD638, 0x0000,
	0xD4EA, 0x0100,
	0xD554, 0x0000,
	0xD556, 0x0000,
	0xD560, 0x0000,
	0xD562, 0x0000,
	0xD4DA, 0x1A00,
	0xD4E6, 0x3600,
	0xD4C0, 0x5400,
	0xD4B4, 0xB000,
	0xD4CC, 0x0100,
	0xD5BC, 0xC400,
	0xD5BE, 0xFA00,
	0xD5C8, 0x5203,
	0xD5CA, 0x8803,
	0xD4D2, 0x0000,
	0xD4DE, 0x0100,
	0xD4B8, 0x1400,
	0xD4AC, 0x0100,
	0xD4C4, 0x0000,
	0xD4EC, 0x0000,
	0xD4EE, 0x0000,
	0xD4F8, 0x0000,
	0xD4FA, 0x0000,
	0xBF78, 0x5333,
	0xD896, 0x0000,
	0xFCFC, 0x2001,
	0x1C24, 0x0002,
	0x1C26, 0x8001,
	0x1C28, 0x8004,
	0x1C2A, 0x2010,
	0x1C2C, 0x2010,
	0x1C2E, 0x0005,
	0x1C30, 0x00A0,
	0x1C32, 0x2810,
	0x1C34, 0x2810,
	0x1C4E, 0x8001,
	0x1C50, 0x8004,
	0x1C52, 0x0010,
	0x1C54, 0x0010,
	0x1C56, 0x0005,
	0x1C58, 0x00A0,
	0x1C5A, 0x2810,
	0x1C5C, 0x2810,
	0x1C5E, 0x0000,
	0x1C60, 0x0000,
	0x1C62, 0x0000,
	0x1C64, 0x0000,
	0x1C66, 0x0000,
	0x1C68, 0x0000,
	0x1C6A, 0x0000,
	0x1C6C, 0x0000,
	0x1C76, 0x8001,
	0x1C78, 0x8004,
	0x1C7A, 0x2010,
	0x1C7C, 0x2010,
	0x1C7E, 0x0005,
	0x1C80, 0x00A0,
	0x1C82, 0x2810,
	0x1C84, 0x2810,
	0x1C86, 0x0000,
	0x1C88, 0x0000,
	0x1C8A, 0x0000,
	0x1C8C, 0x0000,
	0x1C8E, 0x0000,
	0x1C90, 0x0000,
	0x1C92, 0x0000,
	0x1C94, 0x0000,
	0x1C9E, 0x8001,
	0x1CA0, 0x8004,
	0x1CA2, 0x2010,
	0x1CA4, 0x2010,
	0x1CA6, 0x0005,
	0x1CA8, 0x00A0,
	0x1CAA, 0x2810,
	0x1CAC, 0x2810,
	0x1CC6, 0x8001,
	0x1CC8, 0x8004,
	0x1CCA, 0x2010,
	0x1CCC, 0x2010,
	0x1CCE, 0x0005,
	0x1CD0, 0x00A0,
	0x1CD2, 0x2810,
	0x1CD4, 0x2810,
	0x1CEE, 0x8001,
	0x1CF0, 0x8004,
	0x1CF2, 0x0010,
	0x1CF4, 0x0010,
	0x1CF6, 0x0005,
	0x1CF8, 0x00A0,
	0x1CFA, 0x2810,
	0x1CFC, 0x2810,
	0x1CFE, 0x0000,
	0x1D00, 0x0000,
	0x1D02, 0x0000,
	0x1D04, 0x0000,
	0x1D06, 0x0000,
	0x1D08, 0x0000,
	0x1D0A, 0x0000,
	0x1D0C, 0x0000,
	0x1D16, 0x8001,
	0x1D18, 0x8004,
	0x1D1A, 0x2010,
	0x1D1C, 0x2010,
	0x1D1E, 0x0005,
	0x1D20, 0x00A0,
	0x1D22, 0x2810,
	0x1D24, 0x2810,
	0x1D26, 0x0000,
	0x1D28, 0x0000,
	0x1D2A, 0x0000,
	0x1D2C, 0x0000,
	0x1D2E, 0x0000,
	0x1D30, 0x0000,
	0x1D32, 0x0000,
	0x1D34, 0x0000,
	0x1D3E, 0x8001,
	0x1D40, 0x8004,
	0x1D42, 0x2010,
	0x1D44, 0x2010,
	0x1D46, 0x0005,
	0x1D48, 0x00A0,
	0x1D4A, 0x2810,
	0x1D4C, 0x2810,
	0xFCFC, 0x2000,
	0xB21E, 0x0000,
	0xB222, 0xC000,
	0xB20C, 0x2E00,
	0xB21A, 0x0402,
	0xB378, 0x0100,
	0xDD70, 0x0000,
	0xDE38, 0x0000,
	0xFCFC, 0x2002,
	0xA574, 0x0100,
	0xA59C, 0xA2FD,
	0xA59E, 0xFEFE,
	0xA576, 0x4000,
	0xA588, 0x1400,
	0xA578, 0x8000,
	0xA58A, 0x2200,
	0xA57A, 0xA000,
	0xA58C, 0x2800,
	0xA57C, 0x4001,
	0xA58E, 0x1400,
	0xA57E, 0x8002,
	0xA590, 0x2200,
	0xA580, 0x0005,
	0xA592, 0x2800,
	0xA582, 0x000A,
	0xA594, 0x2C00,
	0xA584, 0xA00F,
	0xA596, 0x2E00,
	0xA586, 0x4011,
	0xA598, 0x3200,
	0xA59A, 0x3500,
	0xA548, 0x0000,
	0xA570, 0x0000,
	0xA54A, 0x0000,
	0xA54C, 0x0000,
	0xA54E, 0x0000,
	0xA550, 0x0000,
	0xA552, 0x0000,
	0xA554, 0x0000,
	0xA556, 0x0000,
	0xA55C, 0x0000,
	0xA55E, 0x0000,
	0xA560, 0x0000,
	0xA562, 0x0000,
	0xA564, 0x0000,
	0xA566, 0x0000,
	0xA568, 0x0000,
	0xA558, 0x0000,
	0xA56A, 0x0000,
	0xA55A, 0x0000,
	0xA56C, 0x0000,
	0xA56E, 0x0000,
	0xFCFC, 0x2001,
	0x1D96, 0x0000,
	0x1D98, 0x0000,
	0x1DA6, 0x0000,
	0x1DA8, 0x0000,
	0x1D72, 0x0000,
	0x1D74, 0x0000,
	0x1D82, 0x0000,
	0x1D84, 0x0000,
	0x1D92, 0x0000,
	0x1D94, 0x0000,
	0x1DA2, 0x0000,
	0x1DA4, 0x0000,
	0x1D76, 0x0000,
	0x1D78, 0x0000,
	0x1D86, 0x0000,
	0x1D88, 0x0000,
	0x1E16, 0x2B00,
	0x1E18, 0x2B00,
	0x1E26, 0x2B00,
	0x1E28, 0x2B00,
	0x1DF2, 0x2B00,
	0x1DF4, 0x2B00,
	0x1E02, 0x2B00,
	0x1E04, 0x2B00,
	0x1E12, 0x2B00,
	0x1E14, 0x2B00,
	0x1E22, 0x2B00,
	0x1E24, 0x2B00,
	0x1DF6, 0x2A00,
	0x1DF8, 0x2A00,
	0x1E06, 0x2A00,
	0x1E08, 0x2A00,
	0xFCFC, 0x2000,
	0x82BA, 0x3300,
	0x82A2, 0x1400,
	0xFCFC, 0x2001,
	0x427C, 0x2000,
	0x4280, 0x1000,
	0x4362, 0x0100,
	0x43AA, 0x0000,
	0x43AC, 0x0000,
	0x43C6, 0x0114,
	0x43B4, 0x0000,
	0x43B6, 0x0000,
	0x4396, 0x0B00,
	0x4398, 0x0B00,
	0x437E, 0xE400,
	0xFCFC, 0x2000,
	0xB322, 0x0101,
	0xB324, 0x0100,
	0xB330, 0x2828,
	0xB34A, 0x2828,
	0xB360, 0x2828,
	0xFCFC, 0x2001,
	0x4292, 0x0000,
	0x4364, 0x0000,
	0x4366, 0x0000,
	0x4370, 0x0000,
	0x4290, 0x0100,
	0xFCFC, 0x2002,
	0x84C4, 0x0100,
	0x84A4, 0x0000,
	0xFCFC, 0x2000,
	0xD684, 0x80F3,
	0xB268, 0x80F3,
	0xF09A, 0x00FF,
	0xF2E0, 0x0000,
	0xF372, 0x0000,
	0xF0AA, 0xFFFF,
	0xF0AC, 0xFFFF,
	0xF2EA, 0x4000,
	0xDADA, 0x0001,
	0xDB3C, 0xD2FD,
	0xDADC, 0x0000,
	0xDB0C, 0x3030,
	0xDB3E, 0xD2FD,
	0xDADE, 0xA000,
	0xDB0E, 0x1F1F,
	0xDB40, 0xD2FD,
	0xDAE0, 0x0001,
	0xDB10, 0x2222,
	0xDB42, 0xD2FD,
	0xDAE2, 0x4001,
	0xDB12, 0x1F1F,
	0xDB44, 0x12D2,
	0xDAE4, 0x0000,
	0xDB14, 0x00FF,
	0xDB46, 0x12D2,
	0xDAE6, 0xA000,
	0xDB16, 0x0000,
	0xDB48, 0x12D2,
	0xDAE8, 0x0001,
	0xDB18, 0x0000,
	0xDB4A, 0x12D2,
	0xDAEA, 0x0005,
	0xDB1A, 0x0000,
	0xDB4C, 0x12D2,
	0xDAEC, 0x4011,
	0xDB1C, 0x0000,
	0xDB4E, 0x0000,
	0xDAEE, 0x0000,
	0xDB1E, 0x0000,
	0xDB50, 0x0000,
	0xDAF0, 0x0000,
	0xDB20, 0x0000,
	0xDB52, 0x0000,
	0xDAF2, 0x0000,
	0xDB22, 0x0000,
	0xDB54, 0x0000,
	0xDAF4, 0x0000,
	0xDB24, 0x0000,
	0xDB56, 0x0000,
	0xDAF6, 0x0000,
	0xDB26, 0x0000,
	0xDB58, 0x0000,
	0xDAF8, 0x0000,
	0xDB28, 0x0000,
	0xDB5A, 0x0000,
	0xDAFA, 0x0000,
	0xDB2A, 0x0000,
	0xDBCC, 0x0000,
	0xDB6C, 0x0000,
	0xDB9C, 0x0000,
	0xDBCE, 0x0000,
	0xDB6E, 0x0000,
	0xDB9E, 0x0000,
	0xDBD0, 0x0000,
	0xDB70, 0x0000,
	0xDBA0, 0x0000,
	0xDBD2, 0x0000,
	0xDB72, 0x0000,
	0xDBA2, 0x0000,
	0xDBD4, 0x0000,
	0xDB74, 0x0000,
	0xDBA4, 0x0000,
	0xDBD6, 0x0000,
	0xDB76, 0x0000,
	0xDBA6, 0x0000,
	0xDBD8, 0x0000,
	0xDB78, 0x0000,
	0xDBA8, 0x0000,
	0xDBDA, 0x0000,
	0xDB7A, 0x0000,
	0xDBAA, 0x0000,
	0xDBDC, 0x0000,
	0xDB7C, 0x0000,
	0xDBAC, 0x0000,
	0xDBDE, 0x0000,
	0xDB7E, 0x0000,
	0xDBAE, 0x0000,
	0xDBE0, 0x0000,
	0xDB80, 0x0000,
	0xDBB0, 0x0000,
	0xDBE2, 0x0000,
	0xDB82, 0x0000,
	0xDBB2, 0x0000,
	0xDBE4, 0x0000,
	0xDB84, 0x0000,
	0xDBB4, 0x0000,
	0xDBE6, 0x0000,
	0xDB86, 0x0000,
	0xDBB6, 0x0000,
	0xDBE8, 0x0000,
	0xDB88, 0x0000,
	0xDBB8, 0x0000,
	0xDBEA, 0x0000,
	0xDB8A, 0x0000,
	0xDBBA, 0x0000,
	0xF370, 0x0203,
	0xF3E4, 0x0301,
	0xF3F4, 0xC801,
	0xF3F6, 0xD210,
	0xF054, 0x0700,
	0xB270, 0x8708,
	0xB266, 0xC004,
	0xD682, 0xC004,
	0xBF16, 0x0BAA,
	0xDC8C, 0x3F2B,
	0x66E8, 0x0000,
	0x66EA, 0x0000,
	0x66EC, 0x0000,
	0x66EE, 0x0000,
	0x66F0, 0x0000,
	0x66F2, 0x0000,
	0x66F4, 0x0000,
	0x66F6, 0x0000,
	0x66F8, 0x0000,
	0x66FA, 0x0000,
	0x66FC, 0x0000,
	0x66FE, 0x0000,
	0x6700, 0x0000,
	0x6702, 0x0000,
	0x6704, 0x0000,
	0x6706, 0x0000,
	0x687A, 0x0000,
	0x688A, 0x0900,
	0x6878, 0x0000,
	0x6888, 0x0900,
	0xF55A, 0x1503,
	0xF55C, 0x9901,
	0xFCFC, 0x4000,
	0x0808, 0x0000,
	0x0E00, 0x0003,
	0x0BCC, 0x0000,
};

//complete 4
static u16 chagalls5kjn5tele_custom4_setting[] = {
	0xFCFC, 0x4000,
	0x0B30,	0x0102,
	0x0260, 0x0001,
	0x0262, 0x0000,
	0x0264, 0x0006,
	0x0266, 0x0700,
};

//complete 5
static u16 chagalls5kjn5tele_custom5_setting[] = {
	0xFCFC, 0x4000,
	0x0B30,	0x0103,
	0x0260, 0x0001,
	0x0262, 0x0000,
	0x0264, 0x0006,
	0x0266, 0x0700,
};


static u16 chagalls5kjn5tele_custom6_setting[] = {
	0x0B30,	0x0100,
};

//complete 6 
static u16 chagalls5kjn5tele_custom7_setting[] = {
	0xFCFC, 0x4000,
	0x0B30,	0x0104,
	0x0260, 0x0001,
	0x0262, 0x0000,
	0x0264, 0x0006,
	0x0266, 0x0700,
};

//complete 0
static u16 chagalls5kjn5tele_custom8_setting[] = {
	0xFCFC, 0x4000,
	0x0B30,	0x0100,
	0x0260, 0x0001,
	0x0262, 0x0000,
	0x0264, 0x0006,
	0x0266, 0x0700,
};

//complete 12
static u16 chagalls5kjn5tele_custom9_setting[] = {
	0xFCFC, 0x4000,
	0x0B30,	0x010A,
	0x0260, 0x0001,
	0x0262, 0x0000,
	0x0264, 0x0006,
	0x0266, 0x0700,
};


static u16 chagalls5kjn5tele_custom10_setting[] = {

};


static u16 chagalls5kjn5tele_custom11_setting[] = {

};

static u16 chagalls5kjn5tele_custom12_setting[] = {

};

//complete 8
static u16 chagalls5kjn5tele_custom13_setting[] = {
	0xFCFC, 0x4000,
	0x0B30,	0x0106,
	0x0260, 0x0001,
	0x0262, 0x0000,
	0x0264, 0x0006,
	0x0266, 0x0700,
};

//complete 13
static u16 chagalls5kjn5tele_custom14_setting[] = {
	0xFCFC, 0x4000,
	0x0B30,	0x010B,
	0x0260, 0x0001,
	0x0262, 0x0000,
	0x0264, 0x0006,
	0x0266, 0x0700,
};

//complete 7
static u16 chagalls5kjn5tele_custom15_setting[] = {
	0xFCFC, 0x4000,
	0x0B30,	0x0105,
	0x0260, 0x0003,
	0x0262, 0x0100,
	0x0264, 0x0006,
	0x0266, 0x0700,
};

static u16 chagalls5kjn5tele_custom16_setting[] = {
	0x0B30,	0x0104,
};

//complete 9
static u16 chagalls5kjn5tele_custom17_setting[] = {
	0xFCFC, 0x4000,
	0x0B30,	0x0107,
	0x0260, 0x0001,
	0x0262, 0x0000,
	0x0264, 0x0006,
	0x0266, 0x0700,
};

//complete 10
static u16 chagalls5kjn5tele_custom18_setting[] = {
	0xFCFC, 0x4000,
	0x0B30,	0x0108,
	0x0260, 0x0000,
	0x0262, 0x0001,
	0x0264, 0x0006,
	0x0266, 0x0700,
};

//complete 11
static u16 chagalls5kjn5tele_custom19_setting[] = {
	0xFCFC, 0x4000,
	0x0B30,	0x0109,
	0x0260, 0x0001,
	0x0262, 0x0000,
	0x0264, 0x0006,
	0x0266, 0x0700,
};

static u16 chagalls5kjn5tele_custom20_setting[] = {

};

static u16 chagalls5kjn5tele_custom21_setting[] = {

};

static u16 chagalls5kjn5tele_custom22_setting[] = {

};



#endif
