/* SPDX-License-Identifier: GPL-2.0 */
/*
 * Copyright (c) 2019 MediaTek Inc.
 */
/*****************************************************************************
 *
 * Filename:
 * ---------
 *	 goyas5kjn5dtele_Sensor_setting.h
 *
 * Project:
 * --------
 * Description:
 * ------------
 *	 CMOS sensor header file
 *
 ****************************************************************************/
#ifndef _GOYAS5KJN5DTELE_SENSOR_SETTING_H
#define _GOYAS5KJN5DTELE_SENSOR_SETTING_H

#include "kd_camera_typedef.h"

// NOTE:
// for 2 exp setting,  VCID of LE/SE should be 0x00 and 0x02
// which align 3 exp setting LE/NE/SE 0x00,  0x01,  0x02
// to seamless switch,  VC ID of SE should remain the same
// SONY sensor: VCID of 2nd frame at 0x3070; VCID of 3rd frame at 0x3080
// must be two different value

//init_setting v1.4zd_0408
static u16 goyas5kjn5dtele_init_setting[] = {
	0xFCFC, 0x4000,
	0x6170, 0xFFFF,
	0x6180, 0x0000,
	0x6190, 0x0000,
	0x6200, 0xFFFF,
	0x6202, 0xFFFF,
	0x6204, 0x0000,
	0x6206, 0x0000,
	0x6208, 0x0000,
	0xA100, 0xFFFF,
	0xA102, 0x0000,
	0xA104, 0x0000,
	0xFCFC, 0x4001,
	0x0100, 0xFFFF,
	0x0102, 0xFFFF,
	0x0104, 0x0000,
	0x0106, 0x0000,
	0x0108, 0x0000,
	0xFCFC, 0x4000,
	0x8100, 0xFFFF,
	0x8104, 0x0000,
	0x8108, 0x0000,
	0xFCFC, 0x4000,
	0x0136, 0x1800,
	0x013E, 0x0000,
	0x0304, 0x0003,
	0x0306, 0x00E6,
	0x030C, 0x0000,
	0x030E, 0x0003,
	0x0310, 0x00BF,
	0x0312, 0x0000,
	0x031A, 0x0003,
	0x031C, 0x0028,
	0x031E, 0x0002,
	0x011C, 0x0100,
	0xFCFC, 0x2002,
	0x849C, 0x0100,  //TNP
	0x849E, 0x0000,
	0x84A0, 0x0000,
	0x84A2, 0x0005,
	0x84A4, 0x0000,
	0x84A6, 0x0000,
	0x84A8, 0x0000,
	0x84AA, 0x0001,
	0x84AC, 0x01FF,
	0x84B0, 0x8089,
	0x84B2, 0x0000,
	0x84B4, 0x8889,
	0x84B6, 0x0000,
	0x84B8, 0xC097,
	0x84BA, 0x0000,
	0x84BC, 0xA60E,
	0x84BE, 0x0000,
	0x84C0, 0x2206,
	0x84C2, 0x0000,
	0x84C4, 0x0036,
	0x84C8, 0x60C5,
	0x84CA, 0x0224,
	0x84CC, 0x44AB,
	0x84CE, 0x0224,
	0x84D0, 0x44AB,
	0x84D2, 0x0224,
	0x84D4, 0x44AB,
	0x84D6, 0x0224,
	0x84D8, 0x44AB,
	0x84DA, 0x0224,
	0x84DC, 0x44AB,
	0x84DE, 0x0224,
	0xA548, 0x00B2,
	0xA54A, 0x0000,
	0xA54C, 0x0000,
	0xA54E, 0x0000,
	0xA550, 0x0000,
	0xA552, 0x0000,
	0xA554, 0x0000,
	0xA556, 0x0000,
	0xA558, 0x0000,
	0xA55A, 0x0000,
	0xA55C, 0x0000,
	0xA55E, 0x0000,
	0xA560, 0x0000,
	0xA562, 0x0000,
	0xA564, 0x0000,
	0xA566, 0x0000,
	0xA568, 0x0000,
	0xA56A, 0x0000,
	0xA56C, 0x0000,
	0xA56E, 0x0000,
	0xA570, 0x0000,
	0xA572, 0x0000,
	0xA574, 0x008A,
	0xA576, 0x0000,
	0xA578, 0x0000,
	0xA57A, 0x0000,
	0xA57C, 0x0000,
	0xA57E, 0x0000,
	0xA580, 0x0000,
	0xA582, 0x0000,
	0xA584, 0x0000,
	0xA586, 0x0000,
	0xA588, 0x0000,
	0xA58A, 0x0000,
	0xA58C, 0x0000,
	0xA58E, 0x0000,
	0xA590, 0x0000,
	0xA592, 0x0000,
	0xA594, 0x0000,
	0xA596, 0x0000,
	0xA598, 0x0000,
	0xA59A, 0x0000,
	0xA59C, 0x0000,
	0xA59E, 0x0000,
	0xA5A0, 0x0100,
	0xA5A2, 0x00AC,
	0xA5A4, 0x0000,
	0xA5A6, 0x0000,
	0xA5A8, 0x0000,
	0xA5AA, 0x0000,
	0xA5AC, 0x0000,
	0xA5AE, 0x0000,
	0xA5B0, 0x0000,
	0xA5B2, 0x0000,
	0xA5B4, 0x0000,
	0xA5B6, 0x0000,
	0xA5B8, 0x0000,
	0xA5BA, 0x0000,
	0xA5BC, 0x0000,
	0xA5BE, 0x0000,
	0xA5C0, 0x0000,
	0xA5C2, 0x0000,
	0xA5C4, 0x0000,
	0xA5C6, 0x0000,
	0xA5C8, 0x0000,
	0xA5CA, 0x0000,
	0xA5CC, 0x0000,
	0xA5CE, 0x0000,
	0xA5D0, 0x0000,
	0xA5D2, 0x0000,
	0xA5D4, 0x0000,
	0xA5D6, 0x0000,
	0xA5D8, 0x0000,
	0xA5DA, 0x0000,
	0xA5DC, 0x0000,
	0xA5DE, 0x0000,
	0xA5E0, 0x0000,
	0xA5E2, 0x0000,
	0xA5E4, 0x0000,
	0xA5E6, 0x0000,
	0xA5E8, 0x0000,
	0xA5EA, 0x0000,
	0xA5EC, 0x000F,
	0xA5EE, 0x000F,
	0xA5F0, 0x000F,
	0xA5F2, 0x000F,
	0xA5F4, 0x0000,
	0xA5F6, 0x0000,
	0xA5F8, 0x0000,
	0xA5FA, 0x0000,
	0xA5FC, 0x0000,
	0xA5FE, 0x0000,
	0xA600, 0x0000,
	0xA602, 0x0000,
	0xA604, 0x0000,
	0xA606, 0x0034,
	0xBB84, 0x00E7,
	0xBB86, 0x0000,
	0xBB88, 0x0000,
	0xBB8A, 0x0100,
	0xBB8C, 0x0800,
	0xBB8E, 0x1000,
	0xBB90, 0x2000,
	0xBB92, 0x9A00,
	0xBB94, 0x9A00,
	0xBB96, 0x9A00,
	0xBB98, 0x9A00,
	0xBB9A, 0x9600,
	0xBB9C, 0x9600,
	0xBB9E, 0x9600,
	0xBBA0, 0x9600,
	0xBBA2, 0x9300,
	0xBBA4, 0x9300,
	0xBBA6, 0x9300,
	0xBBA8, 0x9300,
	0xBBAA, 0x9000,
	0xBBAC, 0x9000,
	0xBBAE, 0x9000,
	0xBBB0, 0x9000,
	0xBBB2, 0x8D00,
	0xBBB4, 0x8D00,
	0xBBB6, 0x8D00,
	0xBBB8, 0x8D00,
	0xBBBA, 0x3F00,
	0xBBBC, 0x3F00,
	0xBBBE, 0x3F00,
	0xBBC0, 0x3F00,
	0xBBC2, 0x1E00,
	0xBBC4, 0x1E00,
	0xBBC6, 0x1E00,
	0xBBC8, 0x1E00,
	0xBBCA, 0x0000,
	0xBBCC, 0x0000,
	0xBBCE, 0x0000,
	0xBBD0, 0x0000,
	0xBBD2, 0x0800,
	0xBBD4, 0x0800,
	0xBBD6, 0x0800,
	0xBBD8, 0x0800,
	0xBBDA, 0x0000,
	0xBBDC, 0x0000,
	0xBBDE, 0x0000,
	0xBBE0, 0x0000,
	0xBBE2, 0x3F00,
	0xBBE4, 0x3F00,
	0xBBE6, 0x3F00,
	0xBBE8, 0x3F00,
	0xBBEA, 0x3400,
	0xBBEC, 0x3400,
	0xBBEE, 0x3400,
	0xBBF0, 0x3400,
	0xBBF2, 0x0A00,
	0xBBF4, 0x0A00,
	0xBBF6, 0x0A00,
	0xBBF8, 0x0A00,
	0xBBFA, 0x1000,
	0xBBFC, 0x1000,
	0xBBFE, 0x1000,
	0xBC00, 0x1000,
	0xBC02, 0x0600,
	0xBC04, 0x0600,
	0xBC06, 0x0600,
	0xBC08, 0x0600,
	0xBC0A, 0x0C00,
	0xBC0C, 0x0C00,
	0xBC0E, 0x0C00,
	0xBC10, 0x0C00,
	0xBC12, 0x0000,
	0xBC14, 0x0000,
	0xBC16, 0x0000,
	0xBC18, 0x0000,
	0xBC1A, 0x1000,
	0xBC1C, 0x1000,
	0xBC1E, 0x1000,
	0xBC20, 0x1000,
	0xBC22, 0x1000,
	0xBC24, 0x1000,
	0xBC26, 0x1000,
	0xBC28, 0x1000,
	0xBC2A, 0x2000,
	0xBC2C, 0x1000,
	0xBC2E, 0x1000,
	0xBC30, 0x1000,
	0xBC32, 0x0600,
	0xBC34, 0x0600,
	0xBC36, 0x0600,
	0xBC38, 0x0600,
	0xBC3A, 0x1C00,
	0xBC3C, 0x1C00,
	0xBC3E, 0x1C00,
	0xBC40, 0x1C00,
	0xBC42, 0x0600,
	0xBC44, 0x0600,
	0xBC46, 0x0600,
	0xBC48, 0x0600,
	0xBC4A, 0x2A00,
	0xBC4C, 0x2A00,
	0xBC4E, 0x2A00,
	0xBC50, 0x2A00,
	0xBC52, 0x0200,
	0xBC54, 0x0200,
	0xBC56, 0x0200,
	0xBC58, 0x0200,
	0xBC5A, 0x1000,
	0xBC5C, 0x1000,
	0xBC5E, 0x1000,
	0xBC60, 0x1000,
	0xBC62, 0x0E00,
	0xBC64, 0x0E00,
	0xBC66, 0x0E00,
	0xBC68, 0x0E00,
	0xBC6A, 0x2800,
	0xBC6C, 0x2800,
	0xBC6E, 0x2800,
	0xBC70, 0x2800,
	0xBC72, 0x1800,
	0xBC74, 0x1800,
	0xBC76, 0x1800,
	0xBC78, 0x1800,
	0xBC7A, 0x0800,
	0xBC7C, 0x0800,
	0xBC7E, 0x0800,
	0xBC80, 0x0800,
	0xBC82, 0x0000,
	0xBC84, 0x0000,
	0xBC86, 0x0000,
	0xBC88, 0x0000,
	0xBC8A, 0x2400,
	0xBC8C, 0x2400,
	0xBC8E, 0x2400,
	0xBC90, 0x2400,
	0xBC92, 0x00AF,
	0xFCFC, 0x2001,
	0x5634, 0x041D,
	0x5636, 0x0420,
	0x5638, 0x3C85,
	0x563A, 0x0224,
	0x563C, 0x3CE6,
	0x563E, 0x0320,
	0x5640, 0xD885,
	0x5642, 0x0224,
	0x5644, 0xD06E,
	0x5646, 0x0320,
	0x5648, 0xC48D,
	0x564A, 0x0224,
	0x564C, 0x4877,
	0x564E, 0x0320,
	0x5650, 0xCC90,
	0x5652, 0x0224,
	0x5654, 0x6812,
	0x5656, 0x0320,
	0x5658, 0x94C4,
	0x565A, 0x0224,
	0x565C, 0xE8FE,
	0x565E, 0x0220,
	0x5660, 0x5491,
	0x5662, 0x0224,
	0x5664, 0xA462,
	0x5666, 0x0320,
	0x5668, 0x9C95,
	0x566A, 0x0224,
	0x566C, 0x901B,
	0x566E, 0x0020,
	0x5670, 0x2896,
	0x5672, 0x0224,
	0x5674, 0xC446,
	0x5676, 0x0320,
	0x5678, 0xE896,
	0x567A, 0x0224,
	0x567C, 0x1427,
	0x567E, 0x0320,
	0x5680, 0xC498,
	0x5682, 0x0224,
	0x5684, 0x304C,
	0x5686, 0x0220,
	0x5688, 0x749B,
	0x568A, 0x0224,
	0x568C, 0xC82C,
	0x568E, 0x0220,
	0x5690, 0xD09B,
	0x5692, 0x0224,
	0x5694, 0x484F,
	0x5696, 0x0220,
	0x5698, 0x289C,
	0x569A, 0x0224,
	0x569C, 0xB041,
	0x569E, 0x0220,
	0x56A0, 0x3C9A,
	0x56A2, 0x0224,
	0x56A4, 0xC81D,
	0x56A6, 0x0420,
	0x56A8, 0xFC9A,
	0x56AA, 0x0224,
	0x56AC, 0xAC7F,
	0x56AE, 0x0420,
	0x56B0, 0x8C86,
	0x56B2, 0x0224,
	0x56B4, 0x7C80,
	0x56B6, 0x0420,
	0x56B8, 0x1086,
	0x56BA, 0x0224,
	0x56BC, 0xF887,
	0x56BE, 0x0320,
	0x56C0, 0x7CAC,
	0x56C2, 0x0224,
	0x56C4, 0x1007,
	0x56C6, 0x0320,
	0x56C8, 0xE08E,
	0x56CA, 0x0224,
	0x56CC, 0x1409,
	0x56CE, 0x0020,
	0x56D0, 0x2495,
	0x56D2, 0x0224,
	0x56D4, 0x2046,
	0x56D6, 0x0420,
	0x56D8, 0x0CC4,
	0x56DA, 0x0224,
	0x56DC, 0xB05B,
	0x56DE, 0x0420,
	0x56E0, 0x4088,
	0x56E2, 0x0224,
	0x56E4, 0x505C,
	0x56E6, 0x0320,
	0x56E8, 0x448A,
	0x56EA, 0x0224,
	0x56EC, 0xA45B,
	0x56EE, 0x0320,
	0x56F0, 0x5089,
	0x56F2, 0x0224,
	0x56F4, 0x306A,
	0x56F6, 0x0420,
	0x56F8, 0x1485,
	0x56FA, 0x0224,
	0x56FC, 0x90F8,
	0x56FE, 0x0220,
	0x5700, 0x44A1,
	0x5702, 0x0224,
	0x5704, 0x0454,
	0x5706, 0x0120,
	0x5708, 0x18A6,
	0x570A, 0x0224,
	0x570C, 0x0453,
	0x570E, 0x0020,
	0x5710, 0xA0A7,
	0x5712, 0x0224,
	0x5714, 0xC850,
	0x5716, 0x0220,
	0x5718, 0xB8AC,
	0x571A, 0x0224,
	0x571C, 0x2C88,
	0x571E, 0x0220,
	0x5720, 0xF0AD,
	0x5722, 0x0224,
	0x5724, 0x7C82,
	0x5726, 0x0120,
	0x5728, 0xC8B4,
	0x572A, 0x0224,
	0x572C, 0xACF3,
	0x572E, 0x0320,
	0x5730, 0x64B5,
	0x5732, 0x0224,
	0x5734, 0x1081,
	0x5736, 0x0320,
	0x5738, 0x70B9,
	0x573A, 0x0224,
	0x573C, 0xBCFD,
	0x573E, 0x0220,
	0x5740, 0xE4B9,
	0x5742, 0x0224,
	0x5744, 0xBCA5,
	0x5746, 0x0420,
	0x5748, 0x7CBA,
	0x574A, 0x0224,
	0x574C, 0xB803,
	0x574E, 0x0320,
	0x5750, 0xE4BC,
	0x5752, 0x0224,
	0x5754, 0x8424,
	0x5756, 0x0220,
	0x5758, 0xB0BD,
	0x575A, 0x0224,
	0x575C, 0x9C4C,
	0x575E, 0x0220,
	0x5760, 0xD0BF,
	0x5762, 0x0224,
	0x5764, 0x0C22,
	0x5766, 0x0220,
	0x5768, 0x54BE,
	0x576A, 0x0224,
	0xFCFC, 0x2002,
	0xC398, 0x29E1,
	0xC39A, 0x1733,
	0xC39C, 0x02FC,
	0xC39E, 0xE702,
	0xC3A0, 0x6312,
	0xC3A2, 0xB797,
	0xC3A4, 0x0124,
	0xC3A6, 0x9387,
	0xC3A8, 0x0753,
	0xC3AA, 0x8564,
	0xC3AC, 0xBE94,
	0xC3AE, 0x03C7,
	0xC3B0, 0xE4B6,
	0xC3B2, 0x8D66,
	0xC3B4, 0x3384,
	0xC3B6, 0xD700,
	0xC3B8, 0x8327,
	0xC3BA, 0x846E,
	0xC3BC, 0x05C3,
	0xC3BE, 0x858B,
	0xC3C0, 0x89CB,
	0xC3C2, 0xB787,
	0xC3C4, 0x0040,
	0xC3C6, 0x83D7,
	0xC3C8, 0x87F4,
	0xC3CA, 0x2147,
	0xC3CC, 0xE18B,
	0xC3CE, 0x638B,
	0xC3D0, 0xE702,
	0xC3D2, 0x1733,
	0xC3D4, 0x02FC,
	0xC3D6, 0x6700,
	0xC3D8, 0x2311,
	0xC3DA, 0x8280,
	0xC3DC, 0x1147,
	0xC3DE, 0xE390,
	0xC3E0, 0xE7FE,
	0xC3E2, 0xB7D7,
	0xC3E4, 0x0124,
	0xC3E6, 0x83C7,
	0xC3E8, 0x07FA,
	0xC3EA, 0xE5D7,
	0xC3EC, 0x97C0,
	0xC3EE, 0x00FC,
	0xC3F0, 0xE780,
	0xC3F2, 0x401F,
	0xC3F4, 0x3787,
	0xC3F6, 0x0224,
	0xC3F8, 0x8546,
	0xC3FA, 0x8327,
	0xC3FC, 0x846E,
	0xC3FE, 0xA300,
	0xC400, 0xD74E,
	0xC402, 0x75BF,
	0xC404, 0x2389,
	0xC406, 0x04B6,
	0xC408, 0xE9B7,
	0xC40A, 0x0100,
	0xC40C, 0x1733,
	0xC40E, 0x02FC,
	0xC410, 0xE702,
	0xC412, 0xA309,
	0xC414, 0x2A84,
	0xC416, 0x2E8A,
	0xC418, 0x9750,
	0xC41A, 0xFFFB,
	0xC41C, 0xE780,
	0xC41E, 0x004D,
	0xC420, 0x1DC5,
	0xC422, 0xB797,
	0xC424, 0x0124,
	0xC426, 0x9387,
	0xC428, 0x0753,
	0xC42A, 0x0567,
	0xC42C, 0x3E97,
	0xC42E, 0x8346,
	0xC430, 0x37B7,
	0xC432, 0x0547,
	0xC434, 0x6385,
	0xC436, 0xE600,
	0xC438, 0x83C7,
	0xC43A, 0x2741,
	0xC43C, 0x89CB,
	0xC43E, 0xB787,
	0xC440, 0x0224,
	0xC442, 0x03C7,
	0xC444, 0xB74A,
	0xC446, 0x8547,
	0xC448, 0xA284,
	0xC44A, 0x630F,
	0xC44C, 0xF702,
	0xC44E, 0xB7E7,
	0xC450, 0x0124,
	0xC452, 0x9387,
	0xC454, 0x0787,
	0xC456, 0x83A9,
	0xC458, 0x870A,
	0xC45A, 0x03A9,
	0xC45C, 0xC70A,
	0xC45E, 0x0146,
	0xC460, 0xCE85,
	0xC462, 0x4A85,
	0xC464, 0x9720,
	0xC466, 0x01FC,
	0xC468, 0xE780,
	0xC46A, 0x005E,
	0xC46C, 0xD285,
	0xC46E, 0x2285,
	0xC470, 0x9780,
	0xC472, 0x01FC,
	0xC474, 0xE780,
	0xC476, 0x001B,
	0xC478, 0xAA84,
	0xC47A, 0x0546,
	0xC47C, 0xCE85,
	0xC47E, 0x4A85,
	0xC480, 0x9720,
	0xC482, 0x01FC,
	0xC484, 0xE780,
	0xC486, 0x405C,
	0xC488, 0x2685,
	0xC48A, 0x1733,
	0xC48C, 0x02FC,
	0xC48E, 0x6700,
	0xC490, 0x0305,
	0xC492, 0x0100,
	0xC494, 0x1733,
	0xC496, 0x02FC,
	0xC498, 0xE702,
	0xC49A, 0xC302,
	0xC49C, 0x9750,
	0xC49E, 0xFFFB,
	0xC4A0, 0xE780,
	0xC4A2, 0xC044,
	0xC4A4, 0x09CD,
	0xC4A6, 0x9750,
	0xC4A8, 0xFFFB,
	0xC4AA, 0xE780,
	0xC4AC, 0x2047,
	0xC4AE, 0x01E9,
	0xC4B0, 0xB7A7,
	0xC4B2, 0x0124,
	0xC4B4, 0x9387,
	0xC4B6, 0x0753,
	0xC4B8, 0x83A7,
	0xC4BA, 0x47B2,
	0xC4BC, 0x95EF,
	0xC4BE, 0x9750,
	0xC4C0, 0xFFFB,
	0xC4C2, 0xE780,
	0xC4C4, 0xA042,
	0xC4C6, 0x0DED,
	0xC4C8, 0xB7E7,
	0xC4CA, 0x0124,
	0xC4CC, 0x9387,
	0xC4CE, 0x0787,
	0xC4D0, 0x8457,
	0xC4D2, 0xC057,
	0xC4D4, 0x0146,
	0xC4D6, 0xA685,
	0xC4D8, 0x2285,
	0xC4DA, 0x9720,
	0xC4DC, 0x01FC,
	0xC4DE, 0xE780,
	0xC4E0, 0xA056,
	0xC4E2, 0x9750,
	0xC4E4, 0x00FC,
	0xC4E6, 0xE780,
	0xC4E8, 0x60D8,
	0xC4EA, 0x0546,
	0xC4EC, 0xA685,
	0xC4EE, 0x2285,
	0xC4F0, 0x9720,
	0xC4F2, 0x01FC,
	0xC4F4, 0xE780,
	0xC4F6, 0x4055,
	0xC4F8, 0x1733,
	0xC4FA, 0x02FC,
	0xC4FC, 0x6700,
	0xC4FE, 0xC3FE,
	0xC500, 0x9750,
	0xC502, 0xFFFB,
	0xC504, 0xE780,
	0xC506, 0x8041,
	0xC508, 0x61F1,
	0xC50A, 0x9760,
	0xC50C, 0x01FC,
	0xC50E, 0xE780,
	0xC510, 0x20D8,
	0xC512, 0xB7D7,
	0xC514, 0x0124,
	0xC516, 0x03D4,
	0xC518, 0x07ED,
	0xC51A, 0xAA84,
	0xC51C, 0x97C0,
	0xC51E, 0x01FC,
	0xC520, 0xE780,
	0xC522, 0xC051,
	0xC524, 0x3314,
	0xC526, 0xA400,
	0xC528, 0x97C0,
	0xC52A, 0x01FC,
	0xC52C, 0xE780,
	0xC52E, 0xC052,
	0xC530, 0x3354,
	0xC532, 0xA440,
	0xC534, 0xE3FA,
	0xC536, 0x84F8,
	0xC538, 0xC1B7,
	0xC53A, 0x0100,
	0xC53C, 0xB7C7,
	0xC53E, 0x0224,
	0xC540, 0x03C7,
	0xC542, 0x0739,
	0xC544, 0xB7D7,
	0xC546, 0x0124,
	0xC548, 0x23A8,
	0xC54A, 0xE7DA,
	0xC54C, 0xB7C7,
	0xC54E, 0x0224,
	0xC550, 0x3767,
	0xC552, 0x0124,
	0xC554, 0x9387,
	0xC556, 0x8739,
	0xC558, 0x2324,
	0xC55A, 0xF742,
	0xC55C, 0x8280,
	0xC55E, 0x0100,
	0xC560, 0x1733,
	0xC562, 0x02FC,
	0xC564, 0xE702,
	0xC566, 0x03F6,
	0xC568, 0xB7C6,
	0xC56A, 0x0224,
	0xC56C, 0xB787,
	0xC56E, 0x0324,
	0xC570, 0x9386,
	0xC572, 0x065C,
	0xC574, 0x37A7,
	0xC576, 0x0124,
	0xC578, 0x9387,
	0xC57A, 0x07FF,
	0xC57C, 0x1307,
	0xC57E, 0x0753,
	0xC580, 0x958F,
	0xC582, 0x232C,
	0xC584, 0xD7B4,
	0xC586, 0x232E,
	0xC588, 0xF7B4,
	0xC58A, 0x9720,
	0xC58C, 0x01FC,
	0xC58E, 0xE780,
	0xC590, 0x60EF,
	0xC592, 0x19C5,
	0xC594, 0xEFD0,
	0xC596, 0x1FE3,
	0xC598, 0xEFF0,
	0xC59A, 0x4FD3,
	0xC59C, 0x7133,
	0xC59E, 0x793F,
	0xC5A0, 0x1733,
	0xC5A2, 0x02FC,
	0xC5A4, 0x6700,
	0xC5A6, 0x43F4,
	0xC5A8, 0x0000,
	0xC5AA, 0x0000,
	0xC5AC, 0x0000,
	0xC5AE, 0x0000,
	0xC5B0, 0xBD10,
	0xC5B2, 0xE538,
	0xC5B4, 0x0000,
	0xC5B6, 0x0000,
	0xC5B8, 0xBEFF,
	0xC5BA, 0x0F00,
	0xC5BC, 0x0000,
	0xC5BE, 0x0000,
	0xFCFC, 0x2000,   //global
	0x2366, 0x001C,
	0x2368, 0x001C,
	0x238E, 0x3F28,
	0x2398, 0x5037,
	0x24B8, 0x0101,
	0x66E4, 0x1E8D,
	0x66E6, 0x0000,
	0x6874, 0x0000,
	0x6876, 0x0000,
	0x6878, 0x0000,
	0x687A, 0x0000,
	0x6884, 0x0100,
	0x6886, 0x0100,
	0x6888, 0x0100,
	0x688A, 0x0100,
	0x77D2, 0x0000,
	0x780A, 0x0000,
	0x793E, 0x0100,
	0x7940, 0x7017,
	0x795C, 0x0400,
	0x795E, 0x0400,
	0x7960, 0x0800,
	0x7962, 0x1000,
	0x7964, 0x0800,
	0x7966, 0x1000,
	0x7968, 0x0800,
	0x796A, 0x0800,
	0x796C, 0x0800,
	0x796E, 0x0800,
	0x7972, 0x0400,
	0x7974, 0x0400,
	0x7976, 0x0800,
	0x7978, 0x1000,
	0x797A, 0x0800,
	0x797C, 0x1000,
	0x797E, 0x0800,
	0x7980, 0x0800,
	0x7982, 0x0800,
	0x7984, 0x0800,
	0xB3AC, 0x4000,
	0xB3B4, 0x2000,
	0xB3B8, 0x1000,
	0xB3F8, 0x8000,
	0xB400, 0x4000,
	0xB404, 0x2000,
	0xBF70, 0x3A46,
	0xBF7C, 0x0800,
	0xC4A8, 0x0000,
	0xC4F8, 0x00A8,
	0xC4FA, 0x0000,
	0xD3DA, 0x0D00,
	0xD3E0, 0x0D00,
	0xD3E2, 0x0D00,
	0xD3E4, 0x0D00,
	0xD3E6, 0x0D00,
	0xD3EA, 0x0D00,
	0xD3F4, 0x301C,
	0xD3F8, 0x301C,
	0xDD6C, 0xB47E,
	0xDD6E, 0xB67E,
	0xDE34, 0x0000,
	0xDE36, 0x9231,
	0xEC42, 0x0100,
	0xEC44, 0x0100,
	0xFCFC, 0x2001,
	0x2542, 0x2020,
	0x2544, 0x2018,
	0x2554, 0x0000,
	0x2556, 0x0000,
	0x256E, 0x0000,
	0x25D2, 0x0102,
	0x2936, 0x4400,
	0x2A14, 0x0002,
	0x2A16, 0xDF03,
	0x2A18, 0x0002,
	0x2A1A, 0x0002,
	0x3252, 0x8C00,
	0x3254, 0x8C00,
	0x3256, 0x8C00,
	0x3258, 0x8700,
	0x325A, 0x8200,
	0x3E1C, 0x0200,
	0x3E1E, 0x2000,
	0x5ACC, 0x6505,
	0xFCFC, 0x4000,
	0x1858, 0x123F,
	0xFCFC, 0x2001,   //IQV
	0x3EB8, 0x00FF,
	0x3ECC, 0xFE03,
	0x3F12, 0x9001,
	0x33E0, 0x1E00,
	0x33E2, 0x1E00,
	0x33E4, 0x1E00,
	0x33E6, 0x1E00,
	0x33E8, 0x1E00,
	0x33EA, 0x1E00,
	0x3440, 0x0500,
	0x3442, 0x0500,
	0x3444, 0x0500,
	0x3446, 0x0500,
	0x3448, 0x0500,
	0x344A, 0x0500,
	0x3450, 0x0A00,
	0x3452, 0x0A00,
	0x3454, 0x0A00,
	0x3456, 0x0A00,
	0x3458, 0x0A00,
	0x345A, 0x0A00,
	0x34E0, 0x1400,
	0x34E2, 0x1400,
	0x34E4, 0x1400,
	0x34E6, 0x1400,
	0x34E8, 0x1400,
	0x34EA, 0x1400,
	0x3500, 0x1400,
	0x3502, 0x1400,
	0x3504, 0x1400,
	0x3506, 0x1400,
	0x3508, 0x1400,
	0x350A, 0x1400,
	0x3520, 0x1400,
	0x3522, 0x1400,
	0x3524, 0x1400,
	0x3526, 0x1400,
	0x3528, 0x1400,
	0x352A, 0x1400,
	0x3580, 0x2300,
	0x3582, 0x2300,
	0x3584, 0x2300,
	0x3586, 0x2300,
	0x3588, 0x2300,
	0x358A, 0x2300,
	0x35A0, 0x1900,
	0x35A2, 0x1900,
	0x35A4, 0x1900,
	0x35A6, 0x1900,
	0x35A8, 0x1900,
	0x35AA, 0x1900,
	0x35D0, 0x1E00,
	0x35D2, 0x1E00,
	0x35D4, 0x1E00,
	0x35D6, 0x1E00,
	0x35D8, 0x1E00,
	0x35DA, 0x1E00,
	0x35E0, 0x1E00,
	0x35E2, 0x1E00,
	0x35E4, 0x1E00,
	0x35E6, 0x1E00,
	0x35E8, 0x1E00,
	0x35EA, 0x1E00,
	0x35F0, 0x1E00,
	0x35F2, 0x1E00,
	0x35F4, 0x1E00,
	0x35F6, 0x1E00,
	0x35F8, 0x1E00,
	0x35FA, 0x1E00,
	0x3600, 0x1E00,
	0x3602, 0x1E00,
	0x3604, 0x1E00,
	0x3606, 0x1E00,
	0x3608, 0x1E00,
	0x360A, 0x1E00,
	0x3610, 0x1E00,
	0x3612, 0x1E00,
	0x3614, 0x1E00,
	0x3616, 0x1E00,
	0x3618, 0x1E00,
	0x361A, 0x1E00,
	0x3620, 0x0000,
	0x3622, 0x0000,
	0x3624, 0x0000,
	0x3626, 0x0000,
	0x3628, 0x0000,
	0x362A, 0x0000,
	0x3630, 0x0A00,
	0x3632, 0x0A00,
	0x3634, 0x0A00,
	0x3636, 0x0A00,
	0x3638, 0x0A00,
	0x363A, 0x0A00,
	0x3650, 0x1E00,
	0x3652, 0x1E00,
	0x3654, 0x1E00,
	0x3656, 0x1E00,
	0x3658, 0x1E00,
	0x365A, 0x1E00,
	0x3660, 0x1E00,
	0x3662, 0x1E00,
	0x3664, 0x1E00,
	0x3666, 0x1E00,
	0x3668, 0x1E00,
	0x366A, 0x1E00,
	0x36A0, 0x6400,
	0x36A2, 0x6400,
	0x36A4, 0x6400,
	0x36A6, 0x6400,
	0x36A8, 0x6400,
	0x36AA, 0x6400,
	0x36C0, 0x8C00,
	0x36C2, 0x8C00,
	0x36C4, 0x8C00,
	0x36C6, 0x8C00,
	0x36C8, 0x8C00,
	0x36CA, 0x8C00,
	0x36E0, 0x6400,
	0x36E2, 0x6400,
	0x36E4, 0x6400,
	0x36E6, 0x6400,
	0x36E8, 0x6400,
	0x36EA, 0x6400,
	0x36F0, 0x3200,
	0x36F2, 0x3200,
	0x36F4, 0x3200,
	0x36F6, 0x3200,
	0x36F8, 0x3200,
	0x36FA, 0x3200,
	0x3700, 0x3200,
	0x3702, 0x3200,
	0x3704, 0x3200,
	0x3706, 0x3200,
	0x3708, 0x3200,
	0x370A, 0x3200,
	0x3720, 0x3200,
	0x3722, 0x3200,
	0x3724, 0x3200,
	0x3726, 0x3200,
	0x3728, 0x3200,
	0x372A, 0x3200,
	0x3730, 0x3200,
	0x3732, 0x3200,
	0x3734, 0x3200,
	0x3736, 0x3200,
	0x3738, 0x3200,
	0x373A, 0x3200,
	0x3790, 0x3200,
	0x3792, 0x3200,
	0x3794, 0x3200,
	0x3796, 0x3200,
	0x3798, 0x3200,
	0x379A, 0x3200,
	0x37A0, 0x5000,
	0x37A2, 0x5000,
	0x37A4, 0x5000,
	0x37A6, 0x5000,
	0x37A8, 0x5000,
	0x37AA, 0x5000,
	0x37B0, 0x6400,
	0x37B2, 0x6400,
	0x37B4, 0x6400,
	0x37B6, 0x6400,
	0x37B8, 0x6400,
	0x37BA, 0x6400,
	0x37C0, 0x5000,
	0x37C2, 0x5000,
	0x37C4, 0x5000,
	0x37C6, 0x5000,
	0x37C8, 0x5000,
	0x37CA, 0x5000,
	0x37D0, 0x3200,
	0x37D2, 0x3200,
	0x37D4, 0x3200,
	0x37D6, 0x3200,
	0x37D8, 0x3200,
	0x37DA, 0x3200,
	0x37E0, 0x1E00,
	0x37E2, 0x1E00,
	0x37E4, 0x1E00,
	0x37E6, 0x1E00,
	0x37E8, 0x1E00,
	0x37EA, 0x1E00,
	0x37F0, 0x1E00,
	0x37F2, 0x1E00,
	0x37F4, 0x1E00,
	0x37F6, 0x1E00,
	0x37F8, 0x1E00,
	0x37FA, 0x1E00,
	0x3800, 0x1E00,
	0x3802, 0x1E00,
	0x3804, 0x1E00,
	0x3806, 0x1E00,
	0x3808, 0x1E00,
	0x380A, 0x1E00,
	0x3810, 0x1E00,
	0x3812, 0x1E00,
	0x3814, 0x1E00,
	0x3816, 0x1E00,
	0x3818, 0x1E00,
	0x381A, 0x1E00,
	0x3820, 0x1E00,
	0x3822, 0x1E00,
	0x3824, 0x1E00,
	0x3826, 0x1E00,
	0x3828, 0x1E00,
	0x382A, 0x1E00,
	0x3870, 0x3200,
	0x3872, 0x3200,
	0x3874, 0x3200,
	0x3876, 0x3200,
	0x3878, 0x3200,
	0x387A, 0x3200,
	0x3880, 0x3200,
	0x3882, 0x3200,
	0x3884, 0x3200,
	0x3886, 0x3200,
	0x3888, 0x3200,
	0x388A, 0x3200,
	0x3890, 0x3200,
	0x3892, 0x3200,
	0x3894, 0x3200,
	0x3896, 0x3200,
	0x3898, 0x3200,
	0x389A, 0x3200,
	0x38A0, 0x3200,
	0x38A2, 0x3200,
	0x38A4, 0x3200,
	0x38A6, 0x3200,
	0x38A8, 0x3200,
	0x38AA, 0x3200,
	0x38B0, 0x3200,
	0x38B2, 0x3200,
	0x38B4, 0x3200,
	0x38B6, 0x3200,
	0x38B8, 0x3200,
	0x38BA, 0x3200,
	0x320A, 0xFF03,
	0x320C, 0x0700,
	0x320E, 0xFF03,
	0x3210, 0x0700,
	0x321E, 0x0000,
	0x31D4, 0x00FF,
	0x321A, 0x0406,
	0x3244, 0x0101,
	0x3246, 0x0101,
	0x3248, 0x0010,
	0x3266, 0x0100,
	0x3330, 0x0108,
	0x3334, 0x0100,
	0x3336, 0x0000,
	0xFCFC, 0x2002,
	0xBB8A, 0x0100,
	0xBB8C, 0x0800,
	0xBB8E, 0x1000,
	0xBB90, 0x2000,
	0xBB92, 0xC800,
	0xBB94, 0xC800,
	0xBB96, 0xC800,
	0xBB98, 0xC800,
	0xBB9A, 0xC400,
	0xBB9C, 0xC400,
	0xBB9E, 0xC400,
	0xBBA0, 0xC400,
	0xBBA2, 0xC200,
	0xBBA4, 0xC200,
	0xBBA6, 0xC200,
	0xBBA8, 0xC200,
	0xBBAA, 0xBE00,
	0xBBAC, 0xBE00,
	0xBBAE, 0xBE00,
	0xBBB0, 0xBE00,
	0xBBB2, 0xBC00,
	0xBBB4, 0xBC00,
	0xBBB6, 0xBC00,
	0xBBB8, 0xBC00,
	0xBBBA, 0x2000,
	0xBBBC, 0x2000,
	0xBBBE, 0x2000,
	0xBBC0, 0x2000,
	0xBBC2, 0x1600,
	0xBBC4, 0x1600,
	0xBBC6, 0x1600,
	0xBBC8, 0x1600,
	0xBBCA, 0x0000,
	0xBBCC, 0x0000,
	0xBBCE, 0x0000,
	0xBBD0, 0x0000,
	0xBBD2, 0x0A00,
	0xBBD4, 0x0A00,
	0xBBD6, 0x0A00,
	0xBBD8, 0x0A00,
	0xBBDA, 0x1400,
	0xBBDC, 0x1400,
	0xBBDE, 0x1400,
	0xBBE0, 0x1400,
	0xBBE2, 0x2A00,
	0xBBE4, 0x2A00,
	0xBBE6, 0x2A00,
	0xBBE8, 0x2A00,
	0xBBEA, 0x2A00,
	0xBBEC, 0x2A00,
	0xBBEE, 0x2A00,
	0xBBF0, 0x2A00,
	0xBBF2, 0x0100,
	0xBBF4, 0x0100,
	0xBBF6, 0x0100,
	0xBBF8, 0x0100,
	0xBBFA, 0x0F00,
	0xBBFC, 0x0F00,
	0xBBFE, 0x0F00,
	0xBC00, 0x0F00,
	0xBC02, 0x0400,
	0xBC04, 0x0400,
	0xBC06, 0x0400,
	0xBC08, 0x0400,
	0xBC0A, 0x1900,
	0xBC0C, 0x1900,
	0xBC0E, 0x1900,
	0xBC10, 0x1900,
	0xBC12, 0x1400,
	0xBC14, 0x1400,
	0xBC16, 0x1400,
	0xBC18, 0x1400,
	0xBC1A, 0x3A00,
	0xBC1C, 0x3A00,
	0xBC1E, 0x3A00,
	0xBC20, 0x3A00,
	0xBC22, 0x0A00,
	0xBC24, 0x0A00,
	0xBC26, 0x0A00,
	0xBC28, 0x0A00,
	0xBC2A, 0x4B00,
	0xBC2C, 0x4B00,
	0xBC2E, 0x4B00,
	0xBC30, 0x4B00,
	0xBC32, 0x0200,
	0xBC34, 0x0600,
	0xBC36, 0x0C00,
	0xBC38, 0x0C00,
	0xBC3A, 0x2A00,
	0xBC3C, 0x2500,
	0xBC3E, 0x2000,
	0xBC40, 0x2000,
	0xBC42, 0x0000,
	0xBC44, 0x1000,
	0xBC46, 0x2300,
	0xBC48, 0x2300,
	0xBC4A, 0x3F00,
	0xBC4C, 0x3100,
	0xBC4E, 0x2100,
	0xBC50, 0x2100,
	0xBC52, 0x0A00,
	0xBC54, 0x1B00,
	0xBC56, 0x3000,
	0xBC58, 0x3000,
	0xBC5A, 0x1900,
	0xBC5C, 0x1500,
	0xBC5E, 0x1100,
	0xBC60, 0x1100,
	0xBC62, 0x0F00,
	0xBC64, 0x0F00,
	0xBC66, 0x0F00,
	0xBC68, 0x0F00,
	0xBC6A, 0x1900,
	0xBC6C, 0x1900,
	0xBC6E, 0x1900,
	0xBC70, 0x1900,
	0xBC72, 0x0A00,
	0xBC74, 0x0A00,
	0xBC76, 0x0A00,
	0xBC78, 0x0A00,
	0xBC7A, 0x0B00,
	0xBC7C, 0x0B00,
	0xBC7E, 0x0B00,
	0xBC80, 0x0B00,
	0xBC82, 0x0000,
	0xBC84, 0x0000,
	0xBC86, 0x0000,
	0xBC88, 0x0000,
	0xBC8A, 0x0800,
	0xBC8C, 0x0800,
	0xBC8E, 0x0800,
	0xBC90, 0x0800,
	0xFCFC, 0x4000,
};

static u16 goyas5kjn5dtele_fcm1_setting[] = {
	0xFCFC, 0x4000,
	0x0B30, 0x01FF,
	0xFCFC, 0x2000,
	0x3D44, 0x0000,
	0x3D88, 0xFCFC,
	0x3D8A, 0xFEFF,
	0x3D8C, 0xFCFC,
	0x3D8E, 0xFEFF,
	0x3D90, 0xFCFC,
	0x3D92, 0xFEFF,
	0x3D94, 0xFCFC,
	0x3D96, 0xFEFF,
	0x3FE0, 0x0324,
	0x3FE2, 0x0080,
	0x3FE4, 0x0000,
	0x3FE6, 0x0000,
	0x4238, 0x0324,
	0x423A, 0x0080,
	0x423C, 0x0324,
	0x423E, 0x3887,
	0x4240, 0x0000,
	0x4242, 0x0000,
	0x4490, 0x0324,
	0x4492, 0x0080,
	0x4494, 0x0324,
	0x4496, 0xCC87,
	0x4498, 0x0000,
	0x449A, 0x0000,
	0x46E8, 0x0000,
	0x46EA, 0x0000,
	0x46EC, 0x0000,
	0x46EE, 0x0000,
	0x46F0, 0x0000,
	0x46F2, 0x0000,
	0x4940, 0x0000,
	0x4942, 0x0000,
	0x4944, 0x0000,
	0x4946, 0x0000,
	0x4B98, 0x0000,
	0x4B9A, 0x0000,
	0x4B9C, 0x0000,
	0x4B9E, 0x0000,
	0x4DF0, 0x0000,
	0x4DF2, 0x0000,
	0x4DF4, 0x0000,
	0x4DF6, 0x0000,
	0xFCFC, 0x2003,
	0x8000, 0xFFFE,
	0x8002, 0x2400,
	0x8004, 0xFFFD,
	0x8006, 0x0086,
	0x8008, 0x0200,
	0x800A, 0x0112,
	0x800C, 0x0A0A,
	0x800E, 0x0114,
	0x8010, 0x0103,
	0x8012, 0x0118,
	0x8014, 0x0400,
	0x8016, 0x011A,
	0x8018, 0x0100,
	0x801A, 0x011C,
	0x801C, 0x0001,
	0x801E, 0x0136,
	0x8020, 0x1800,
	0x8022, 0x013E,
	0x8024, 0x0000,
	0x8026, 0x020A,
	0x8028, 0x0000,
	0x802A, 0x021E,
	0x802C, 0x0000,
	0x802E, 0x0228,
	0x8030, 0x0001,
	0x8032, 0x0270,
	0x8034, 0x2B2B,
	0x8036, 0x0272,
	0x8038, 0x102B,
	0x803A, 0x0274,
	0x803C, 0x2B30,
	0x803E, 0x0304,
	0x8040, 0x0003,
	0x8042, 0x0306,
	0x8044, 0x00E6,
	0x8046, 0x031A,
	0x8048, 0x0003,
	0x804A, 0x031C,
	0x804C, 0x0028,
	0x804E, 0x031E,
	0x8050, 0x0002,
	0x8052, 0x0342,
	0x8054, 0x2580,
	0x8056, 0x0400,
	0x8058, 0x1010,
	0x805A, 0x0408,
	0x805C, 0x0100,
	0x805E, 0x040A,
	0x8060, 0x0100,
	0x8062, 0x040C,
	0x8064, 0x0000,
	0x8066, 0x0720,
	0x8068, 0x0001,
	0x806A, 0x0722,
	0x806C, 0x0008,
	0x806E, 0x0724,
	0x8070, 0x0000,
	0x8072, 0x0808,
	0x8074, 0x0000,
	0x8076, 0x0900,
	0x8078, 0x1100,
	0x807A, 0x0936,
	0x807C, 0x0000,
	0x807E, 0x0C40,
	0x8080, 0x0000,
	0x8082, 0x0E00,
	0x8084, 0x0300,
	0x8086, 0x22C2,
	0x8088, 0x0006,
	0x808A, 0x22C4,
	0x808C, 0x1FFF,
	0x808E, 0x22EC,
	0x8090, 0x001F,
	0x8092, 0x2306,
	0x8094, 0x3FFF,
	0x8096, 0x2314,
	0x8098, 0x00FF,
	0x809A, 0x2354,
	0x809C, 0x0003,
	0x809E, 0x23F0,
	0x80A0, 0x0100,
	0x80A2, 0x68DE,
	0x80A4, 0x0000,
	0x80A6, 0x703C,
	0x80A8, 0x0100,
	0x80AA, 0x703E,
	0x80AC, 0x0000,
	0x80AE, 0x7046,
	0x80B0, 0x027F,
	0x80B2, 0x7048,
	0x80B4, 0x002F,
	0x80B6, 0x704A,
	0x80B8, 0x0400,
	0x80BA, 0x7058,
	0x80BC, 0x0280,
	0x80BE, 0x705A,
	0x80C0, 0x0030,
	0x80C2, 0x705C,
	0x80C4, 0x0400,
	0x80C6, 0x7806,
	0x80C8, 0x0100,
	0x80CA, 0x7808,
	0x80CC, 0x0824,
	0x80CE, 0x78C0,
	0x80D0, 0x0101,
	0x80D2, 0x795A,
	0x80D4, 0x0010,
	0x80D6, 0x7970,
	0x80D8, 0x0010,
	0x80DA, 0x7994,
	0x80DC, 0x2020,
	0x80DE, 0x7996,
	0x80E0, 0x0001,
	0x80E2, 0x799A,
	0x80E4, 0x0000,
	0x80E6, 0x7BDA,
	0x80E8, 0x003C,
	0x80EA, 0x7EE6,
	0x80EC, 0x002C,
	0x80EE, 0x7EF2,
	0x80F0, 0x002C,
	0x80F2, 0x7EFE,
	0x80F4, 0x0064,
	0x80F6, 0x7F0A,
	0x80F8, 0x0058,
	0x80FA, 0x7F0E,
	0x80FC, 0x0058,
	0x80FE, 0x82A2,
	0x8100, 0x0012,
	0x8102, 0x82BA,
	0x8104, 0x0036,
	0x8106, 0x8CCE,
	0x8108, 0x012C,
	0x810A, 0x8CD0,
	0x810C, 0x0096,
	0x810E, 0x8CD2,
	0x8110, 0x0096,
	0x8112, 0x8CD6,
	0x8114, 0x0096,
	0x8116, 0x8D0E,
	0x8118, 0x0000,
	0x811A, 0x9032,
	0x811C, 0x0000,
	0x811E, 0x903E,
	0x8120, 0x0000,
	0x8122, 0xB176,
	0x8124, 0x0006,
	0x8126, 0xB178,
	0x8128, 0x0000,
	0x812A, 0xB20C,
	0x812C, 0x002E,
	0x812E, 0xB21A,
	0x8130, 0x0204,
	0x8132, 0xB23C,
	0x8134, 0x6060,
	0x8136, 0xB242,
	0x8138, 0x6060,
	0x813A, 0xB266,
	0x813C, 0x04C0,
	0x813E, 0xB268,
	0x8140, 0x0440,
	0x8142, 0xB270,
	0x8144, 0x0887,
	0x8146, 0xB322,
	0x8148, 0x0101,
	0x814A, 0xB324,
	0x814C, 0x0001,
	0x814E, 0xB330,
	0x8150, 0x2828,
	0x8152, 0xB34A,
	0x8154, 0x2828,
	0x8156, 0xB360,
	0x8158, 0x2828,
	0x815A, 0xB378,
	0x815C, 0x0001,
	0x815E, 0xBF16,
	0x8160, 0xAA0B,
	0x8162, 0xBF30,
	0x8164, 0x0000,
	0x8166, 0xBF78,
	0x8168, 0x3353,
	0x816A, 0xC4D8,
	0x816C, 0x0020,
	0x816E, 0xC4E0,
	0x8170, 0x0001,
	0x8172, 0xC4E2,
	0x8174, 0x0002,
	0x8176, 0xC4F6,
	0x8178, 0x0000,
	0x817A, 0xC53C,
	0x817C, 0x0001,
	0x817E, 0xC53E,
	0x8180, 0x0000,
	0x8182, 0xC544,
	0x8184, 0x0500,
	0x8186, 0xC554,
	0x8188, 0x0D53,
	0x818A, 0xC556,
	0x818C, 0x0000,
	0x818E, 0xD1F6,
	0x8190, 0x003A,
	0x8192, 0xD20C,
	0x8194, 0x0809,
	0x8196, 0xD27A,
	0x8198, 0x0005,
	0x819A, 0xD314,
	0x819C, 0x0220,
	0x819E, 0xD326,
	0x81A0, 0x2001,
	0x81A2, 0xD3EC,
	0x81A4, 0x1CB1,
	0x81A6, 0xD3F0,
	0x81A8, 0x1CB0,
	0x81AA, 0xD410,
	0x81AC, 0x0248,
	0x81AE, 0xD412,
	0x81B0, 0x04D2,
	0x81B2, 0xD426,
	0x81B4, 0x04D2,
	0x81B6, 0xD428,
	0x81B8, 0x0AEA,
	0x81BA, 0xD43C,
	0x81BC, 0x4001,
	0x81BE, 0xD43E,
	0x81C0, 0x4001,
	0x81C2, 0xD49C,
	0x81C4, 0x0003,
	0x81C6, 0xD4A8,
	0x81C8, 0x0001,
	0x81CA, 0xD4AC,
	0x81CC, 0x0130,
	0x81CE, 0xD4B0,
	0x81D0, 0x0001,
	0x81D2, 0xD4B4,
	0x81D4, 0x0001,
	0x81D6, 0xD4B8,
	0x81D8, 0x0035,
	0x81DA, 0xD4BC,
	0x81DC, 0x0014,
	0x81DE, 0xD4C0,
	0x81E0, 0x0014,
	0x81E2, 0xD4C4,
	0x81E4, 0x0001,
	0x81E6, 0xD4C8,
	0x81E8, 0x0000,
	0x81EA, 0xD4CC,
	0x81EC, 0x0000,
	0x81EE, 0xD4D0,
	0x81F0, 0x0011,
	0x81F2, 0xD4D2,
	0x81F4, 0x0020,
	0x81F6, 0xD4D6,
	0x81F8, 0x0000,
	0x81FA, 0xD4DA,
	0x81FC, 0x0000,
	0x81FE, 0xD4DE,
	0x8200, 0x0028,
	0x8202, 0xD4E2,
	0x8204, 0x0001,
	0x8206, 0xD4E6,
	0x8208, 0x0001,
	0x820A, 0xD4EA,
	0x820C, 0x0001,
	0x820E, 0xD4EC,
	0x8210, 0x00BE,
	0x8212, 0xD4EE,
	0x8214, 0x00E6,
	0x8216, 0xD4F8,
	0x8218, 0x01F0,
	0x821A, 0xD4FA,
	0x821C, 0x0218,
	0x821E, 0xD554,
	0x8220, 0x0000,
	0x8222, 0xD556,
	0x8224, 0x0000,
	0x8226, 0xD560,
	0x8228, 0x0000,
	0x822A, 0xD562,
	0x822C, 0x0000,
	0x822E, 0xD5BC,
	0x8230, 0x0000,
	0x8232, 0xD5BE,
	0x8234, 0x0000,
	0x8236, 0xD5C8,
	0x8238, 0x0000,
	0x823A, 0xD5CA,
	0x823C, 0x0000,
	0x823E, 0xD624,
	0x8240, 0x0000,
	0x8242, 0xD62E,
	0x8244, 0x0000,
	0x8246, 0xD638,
	0x8248, 0x0000,
	0x824A, 0xD682,
	0x824C, 0x04C0,
	0x824E, 0xD684,
	0x8250, 0x0440,
	0x8252, 0xD6D4,
	0x8254, 0x0000,
	0x8256, 0xD704,
	0x8258, 0x7802,
	0x825A, 0xD718,
	0x825C, 0x0200,
	0x825E, 0xD856,
	0x8260, 0x0705,
	0x8262, 0xD896,
	0x8264, 0x0000,
	0x8266, 0xD8A2,
	0x8268, 0x0001,
	0x826A, 0xDC8C,
	0x826C, 0x2B3F,
	0x826E, 0xDC94,
	0x8270, 0x0001,
	0x8272, 0xDD70,
	0x8274, 0x0000,
	0x8276, 0xDE38,
	0x8278, 0x0000,
	0x827A, 0xE980,
	0x827C, 0x0500,
	0x827E, 0xEF80,
	0x8280, 0x0000,
	0x8282, 0xF054,
	0x8284, 0x0006,
	0x8286, 0xF09A,
	0x8288, 0xFF00,
	0x828A, 0xF0AA,
	0x828C, 0xFFFF,
	0x828E, 0xF0AC,
	0x8290, 0xFFFF,
	0x8292, 0xF288,
	0x8294, 0x0000,
	0x8296, 0xF2E0,
	0x8298, 0x0000,
	0x829A, 0xF2EA,
	0x829C, 0x0040,
	0x829E, 0xF370,
	0x82A0, 0x0302,
	0x82A2, 0xF372,
	0x82A4, 0x0000,
	0x82A6, 0xF3E4,
	0x82A8, 0x0103,
	0x82AA, 0xF3F4,
	0x82AC, 0x00C8,
	0x82AE, 0xF3F6,
	0x82B0, 0x10D7,
	0x82B2, 0xFFFE,
	0x82B4, 0x2401,
	0x82B6, 0xFFFD,
	0x82B8, 0x195E,
	0x82BA, 0x0001,
	0x82BC, 0x1966,
	0x82BE, 0x0000,
	0x82C0, 0x2540,
	0x82C2, 0x0002,
	0x82C4, 0x25E0,
	0x82C6, 0x0000,
	0x82C8, 0x25E2,
	0x82CA, 0x0000,
	0x82CC, 0x2920,
	0x82CE, 0x0001,
	0x82D0, 0x29A8,
	0x82D2, 0x0002,
	0x82D4, 0x29BA,
	0x82D6, 0x00FF,
	0x82D8, 0x2A30,
	0x82DA, 0xFF01,
	0x82DC, 0x2A42,
	0x82DE, 0x0001,
	0x82E0, 0x2A44,
	0x82E2, 0x04B0,
	0x82E4, 0x2A46,
	0x82E6, 0x0000,
	0x82E8, 0x2A54,
	0x82EA, 0x0000,
	0x82EC, 0x2A56,
	0x82EE, 0x0008,
	0x82F0, 0x2BB2,
	0x82F2, 0x0010,
	0x82F4, 0x2D32,
	0x82F6, 0x1000,
	0x82F8, 0x3132,
	0x82FA, 0x0001,
	0x82FC, 0x31D0,
	0x82FE, 0x0002,
	0x8300, 0x31F8,
	0x8302, 0x0001,
	0x8304, 0x31FA,
	0x8306, 0x04CD,
	0x8308, 0x3C42,
	0x830A, 0x0000,
	0x830C, 0x3C46,
	0x830E, 0x05EB,
	0x8310, 0x3C52,
	0x8312, 0x0640,
	0x8314, 0x4270,
	0x8316, 0x0000,
	0x8318, 0x427C,
	0x831A, 0x0020,
	0x831C, 0x4280,
	0x831E, 0x0010,
	0x8320, 0x4290,
	0x8322, 0x0001,
	0x8324, 0x4292,
	0x8326, 0x0000,
	0x8328, 0x4362,
	0x832A, 0x0001,
	0x832C, 0x4364,
	0x832E, 0x0000,
	0x8330, 0x4366,
	0x8332, 0x0000,
	0x8334, 0x4370,
	0x8336, 0x0000,
	0x8338, 0x437E,
	0x833A, 0x00E4,
	0x833C, 0x4396,
	0x833E, 0x000F,
	0x8340, 0x4398,
	0x8342, 0x000E,
	0x8344, 0x43AA,
	0x8346, 0x0000,
	0x8348, 0x43AC,
	0x834A, 0x0000,
	0x834C, 0x43B4,
	0x834E, 0x0000,
	0x8350, 0x43B6,
	0x8352, 0x0000,
	0x8354, 0x43C6,
	0x8356, 0x0200,
	0x8358, 0x44C6,
	0x835A, 0x0000,
	0x835C, 0x5A70,
	0x835E, 0x0000,
	0x8360, 0xFFFE,
	0x8362, 0x2402,
	0x8364, 0xFFFD,
	0x8366, 0x849E,
	0x8368, 0x0000,
	0x836A, 0x84A0,
	0x836C, 0x0000,
	0x836E, 0x84A2,
	0x8370, 0x0500,
	0x8372, 0x84C4,
	0x8374, 0x0000,
	0x8376, 0xA570,
	0x8378, 0x0000,
	0x837A, 0x0000,
	0x837C, 0xFFFF,
	0x837E, 0x0008,
	0x8380, 0x2400,
	0x8382, 0x0260,
	0x8384, 0x0001,
	0x8386, 0x0000,
	0x8388, 0x0006,
	0x838A, 0x0700,
	0x838C, 0xFFFF,
	0x838E, 0x0008,
	0x8390, 0x2400,
	0x8392, 0x030C,
	0x8394, 0x0000,
	0x8396, 0x0300,
	0x8398, 0xBF00,
	0x839A, 0x0000,
	0x839C, 0xFFFF,
	0x839E, 0x0010,
	0x83A0, 0x2400,
	0x83A2, 0x0344,
	0x83A4, 0x0000,
	0x83A6, 0x0000,
	0x83A8, 0x1F20,
	0x83AA, 0x1F18,
	0x83AC, 0x0020,
	0x83AE, 0x0018,
	0x83B0, 0x1000,
	0x83B2, 0x1000,
	0x83B4, 0xFFFF,
	0x83B6, 0x0008,
	0x83B8, 0x2400,
	0x83BA, 0x0380,
	0x83BC, 0x0100,
	0x83BE, 0x0100,
	0x83C0, 0x0100,
	0x83C2, 0x0100,
	0x83C4, 0xFFFF,
	0x83C6, 0x0008,
	0x83C8, 0x2400,
	0x83CA, 0x0728,
	0x83CC, 0x0000,
	0x83CE, 0x0000,
	0x83D0, 0x0000,
	0x83D2, 0x0000,
	0x83D4, 0xFFFF,
	0x83D6, 0x000C,
	0x83D8, 0x2400,
	0x83DA, 0x0B02,
	0x83DC, 0x0101,
	0x83DE, 0x0001,
	0x83E0, 0x0101,
	0x83E2, 0x0101,
	0x83E4, 0x0101,
	0x83E6, 0x0100,
	0x83E8, 0xFFFF,
	0x83EA, 0x0008,
	0x83EC, 0x2400,
	0x83EE, 0x71D4,
	0x83F0, 0x3F00,
	0x83F2, 0x3D00,
	0x83F4, 0x84F3,
	0x83F6, 0x0040,
	0x83F8, 0xFFFF,
	0x83FA, 0x0010,
	0x83FC, 0x2400,
	0x83FE, 0x7274,
	0x8400, 0x0F00,
	0x8402, 0x0E00,
	0x8404, 0x36D2,
	0x8406, 0x0040,
	0x8408, 0x0000,
	0x840A, 0x0000,
	0x840C, 0x0000,
	0x840E, 0x0000,
	0x8410, 0xFFFF,
	0x8412, 0x0008,
	0x8414, 0x2400,
	0x8416, 0x7314,
	0x8418, 0x0000,
	0x841A, 0x0000,
	0x841C, 0x0000,
	0x841E, 0x0000,
	0x8420, 0xFFFF,
	0x8422, 0x0008,
	0x8424, 0x2400,
	0x8426, 0x7A0E,
	0x8428, 0x1E00,
	0x842A, 0x0F00,
	0x842C, 0x0F00,
	0x842E, 0x0F00,
	0x8430, 0xFFFF,
	0x8432, 0x0008,
	0x8434, 0x2400,
	0x8436, 0x7A6E,
	0x8438, 0x2800,
	0x843A, 0x1900,
	0x843C, 0x1900,
	0x843E, 0x1900,
	0x8440, 0xFFFF,
	0x8442, 0x0008,
	0x8444, 0x2400,
	0x8446, 0x7A86,
	0x8448, 0x2800,
	0x844A, 0x1900,
	0x844C, 0x1900,
	0x844E, 0x1900,
	0x8450, 0xFFFF,
	0x8452, 0x0008,
	0x8454, 0x2400,
	0x8456, 0x8C9E,
	0x8458, 0x5000,
	0x845A, 0x3500,
	0x845C, 0x3500,
	0x845E, 0x3500,
	0x8460, 0xFFFF,
	0x8462, 0x000A,
	0x8464, 0x2400,
	0x8466, 0xB21E,
	0x8468, 0x0000,
	0x846A, 0x0000,
	0x846C, 0xC000,
	0x846E, 0x0103,
	0x8470, 0x0000,
	0x8472, 0xFFFF,
	0x8474, 0x000C,
	0x8476, 0x2400,
	0x8478, 0xBEDC,
	0x847A, 0xC526,
	0x847C, 0x903E,
	0x847E, 0xC00F,
	0x8480, 0x0008,
	0x8482, 0x0C00,
	0x8484, 0x8000,
	0x8486, 0xFFFF,
	0x8488, 0x0022,
	0x848A, 0x2400,
	0x848C, 0xDADA,
	0x848E, 0x0001,
	0x8490, 0x0000,
	0x8492, 0x4000,
	0x8494, 0x0000,
	0x8496, 0x0000,
	0x8498, 0x0000,
	0x849A, 0x3000,
	0x849C, 0x8001,
	0x849E, 0x0000,
	0x84A0, 0x0000,
	0x84A2, 0x0000,
	0x84A4, 0x0000,
	0x84A6, 0x0000,
	0x84A8, 0x0000,
	0x84AA, 0x0000,
	0x84AC, 0x0000,
	0x84AE, 0x0000,
	0x84B0, 0xFFFF,
	0x84B2, 0x0020,
	0x84B4, 0x2400,
	0x84B6, 0xDB0C,
	0x84B8, 0x3F3F,
	0x84BA, 0x1F1F,
	0x84BC, 0x0000,
	0x84BE, 0x0000,
	0x84C0, 0x0000,
	0x84C2, 0x0080,
	0x84C4, 0x0000,
	0x84C6, 0x0000,
	0x84C8, 0x0000,
	0x84CA, 0x0000,
	0x84CC, 0x0000,
	0x84CE, 0x0000,
	0x84D0, 0x0000,
	0x84D2, 0x0000,
	0x84D4, 0x0000,
	0x84D6, 0x0000,
	0x84D8, 0xFFFF,
	0x84DA, 0x0020,
	0x84DC, 0x2400,
	0x84DE, 0xDB3C,
	0x84E0, 0xD2FD,
	0x84E2, 0xD2FD,
	0x84E4, 0x0000,
	0x84E6, 0x0000,
	0x84E8, 0x12D2,
	0x84EA, 0x12D2,
	0x84EC, 0x12D2,
	0x84EE, 0x0000,
	0x84F0, 0x0000,
	0x84F2, 0x0000,
	0x84F4, 0x0000,
	0x84F6, 0x0000,
	0x84F8, 0x0000,
	0x84FA, 0x0000,
	0x84FC, 0x0000,
	0x84FE, 0x0000,
	0x8500, 0xFFFF,
	0x8502, 0x000C,
	0x8504, 0x2400,
	0x8506, 0xDB6C,
	0x8508, 0x0000,
	0x850A, 0x0000,
	0x850C, 0x0000,
	0x850E, 0x0000,
	0x8510, 0x0000,
	0x8512, 0x0000,
	0x8514, 0xFFFF,
	0x8516, 0x000C,
	0x8518, 0x2400,
	0x851A, 0xDB9C,
	0x851C, 0x0000,
	0x851E, 0x0000,
	0x8520, 0x0000,
	0x8522, 0x0000,
	0x8524, 0x0000,
	0x8526, 0x0000,
	0x8528, 0xFFFF,
	0x852A, 0x000C,
	0x852C, 0x2400,
	0x852E, 0xDBCC,
	0x8530, 0x0000,
	0x8532, 0x0000,
	0x8534, 0x0000,
	0x8536, 0x0000,
	0x8538, 0x0000,
	0x853A, 0x0000,
	0x853C, 0xFFFF,
	0x853E, 0x0012,
	0x8540, 0x2401,
	0x8542, 0x1C24,
	0x8544, 0x0002,
	0x8546, 0x0001,
	0x8548, 0xFF03,
	0x854A, 0x0010,
	0x854C, 0xD70F,
	0x854E, 0x0004,
	0x8550, 0x0010,
	0x8552, 0xD70F,
	0x8554, 0xC20F,
	0x8556, 0xFFFF,
	0x8558, 0x0020,
	0x855A, 0x2401,
	0x855C, 0x1C4E,
	0x855E, 0x0001,
	0x8560, 0xFF03,
	0x8562, 0x0010,
	0x8564, 0xD70F,
	0x8566, 0x0004,
	0x8568, 0x0010,
	0x856A, 0xD70F,
	0x856C, 0xC20F,
	0x856E, 0x0000,
	0x8570, 0x0000,
	0x8572, 0x0000,
	0x8574, 0x0000,
	0x8576, 0x0000,
	0x8578, 0x0000,
	0x857A, 0x0000,
	0x857C, 0x0000,
	0x857E, 0xFFFF,
	0x8580, 0x0020,
	0x8582, 0x2401,
	0x8584, 0x1C76,
	0x8586, 0x0001,
	0x8588, 0xFF03,
	0x858A, 0x0010,
	0x858C, 0xD70F,
	0x858E, 0x0004,
	0x8590, 0x0010,
	0x8592, 0xD70F,
	0x8594, 0xC20F,
	0x8596, 0x0000,
	0x8598, 0x0000,
	0x859A, 0x0000,
	0x859C, 0x0000,
	0x859E, 0x0000,
	0x85A0, 0x0000,
	0x85A2, 0x0000,
	0x85A4, 0x0000,
	0x85A6, 0xFFFF,
	0x85A8, 0x0010,
	0x85AA, 0x2401,
	0x85AC, 0x1C9E,
	0x85AE, 0x0001,
	0x85B0, 0xFF03,
	0x85B2, 0x0010,
	0x85B4, 0xD70F,
	0x85B6, 0x0004,
	0x85B8, 0x0010,
	0x85BA, 0xD70F,
	0x85BC, 0xC20F,
	0x85BE, 0xFFFF,
	0x85C0, 0x0010,
	0x85C2, 0x2401,
	0x85C4, 0x1CC6,
	0x85C6, 0x0000,
	0x85C8, 0x0000,
	0x85CA, 0x0000,
	0x85CC, 0x0000,
	0x85CE, 0x0000,
	0x85D0, 0x0000,
	0x85D2, 0x0000,
	0x85D4, 0x0000,
	0x85D6, 0xFFFF,
	0x85D8, 0x0020,
	0x85DA, 0x2401,
	0x85DC, 0x1CEE,
	0x85DE, 0x0000,
	0x85E0, 0x0000,
	0x85E2, 0x0000,
	0x85E4, 0x0000,
	0x85E6, 0x0000,
	0x85E8, 0x0000,
	0x85EA, 0x0000,
	0x85EC, 0x0000,
	0x85EE, 0x0000,
	0x85F0, 0x0000,
	0x85F2, 0x0000,
	0x85F4, 0x0000,
	0x85F6, 0x0000,
	0x85F8, 0x0000,
	0x85FA, 0x0000,
	0x85FC, 0x0000,
	0x85FE, 0xFFFF,
	0x8600, 0x0020,
	0x8602, 0x2401,
	0x8604, 0x1D16,
	0x8606, 0x0000,
	0x8608, 0x0000,
	0x860A, 0x0000,
	0x860C, 0x0000,
	0x860E, 0x0000,
	0x8610, 0x0000,
	0x8612, 0x0000,
	0x8614, 0x0000,
	0x8616, 0x0000,
	0x8618, 0x0000,
	0x861A, 0x0000,
	0x861C, 0x0000,
	0x861E, 0x0000,
	0x8620, 0x0000,
	0x8622, 0x0000,
	0x8624, 0x0000,
	0x8626, 0xFFFF,
	0x8628, 0x0010,
	0x862A, 0x2401,
	0x862C, 0x1D3E,
	0x862E, 0x0000,
	0x8630, 0x0000,
	0x8632, 0x0000,
	0x8634, 0x0000,
	0x8636, 0x0000,
	0x8638, 0x0000,
	0x863A, 0x0000,
	0x863C, 0x0000,
	0x863E, 0xFFFF,
	0x8640, 0x0008,
	0x8642, 0x2401,
	0x8644, 0x1D72,
	0x8646, 0x0000,
	0x8648, 0x0000,
	0x864A, 0x0000,
	0x864C, 0x0000,
	0x864E, 0xFFFF,
	0x8650, 0x0008,
	0x8652, 0x2401,
	0x8654, 0x1D82,
	0x8656, 0x0000,
	0x8658, 0x0000,
	0x865A, 0x0000,
	0x865C, 0x0000,
	0x865E, 0xFFFF,
	0x8660, 0x0008,
	0x8662, 0x2401,
	0x8664, 0x1D92,
	0x8666, 0x0000,
	0x8668, 0x0000,
	0x866A, 0x0000,
	0x866C, 0x0000,
	0x866E, 0xFFFF,
	0x8670, 0x0008,
	0x8672, 0x2401,
	0x8674, 0x1DA2,
	0x8676, 0x0000,
	0x8678, 0x0000,
	0x867A, 0x0000,
	0x867C, 0x0000,
	0x867E, 0xFFFF,
	0x8680, 0x0008,
	0x8682, 0x2401,
	0x8684, 0x1DF2,
	0x8686, 0x1500,
	0x8688, 0x1500,
	0x868A, 0x1500,
	0x868C, 0x1500,
	0x868E, 0xFFFF,
	0x8690, 0x0008,
	0x8692, 0x2401,
	0x8694, 0x1E02,
	0x8696, 0x1500,
	0x8698, 0x1500,
	0x869A, 0x1500,
	0x869C, 0x1500,
	0x869E, 0xFFFF,
	0x86A0, 0x0008,
	0x86A2, 0x2401,
	0x86A4, 0x1E12,
	0x86A6, 0x1500,
	0x86A8, 0x1500,
	0x86AA, 0x1500,
	0x86AC, 0x1500,
	0x86AE, 0xFFFF,
	0x86B0, 0x0008,
	0x86B2, 0x2401,
	0x86B4, 0x1E22,
	0x86B6, 0x1500,
	0x86B8, 0x1500,
	0x86BA, 0x1500,
	0x86BC, 0x1500,
	0x86BE, 0xFFFF,
	0x86C0, 0x0010,
	0x86C2, 0x2402,
	0x86C4, 0xA548,
	0x86C6, 0x0000,
	0x86C8, 0x0000,
	0x86CA, 0x0000,
	0x86CC, 0x0000,
	0x86CE, 0x0000,
	0x86D0, 0x0000,
	0x86D2, 0x0000,
	0x86D4, 0x0000,
	0x86D6, 0xFFFF,
	0x86D8, 0x0010,
	0x86DA, 0x2402,
	0x86DC, 0xA55C,
	0x86DE, 0x0000,
	0x86E0, 0x0000,
	0x86E2, 0x0000,
	0x86E4, 0x0000,
	0x86E6, 0x0000,
	0x86E8, 0x0000,
	0x86EA, 0x0000,
	0x86EC, 0x0000,
	0x86EE, 0xFFFF,
	0x86F0, 0x002C,
	0x86F2, 0x2402,
	0x86F4, 0xA574,
	0x86F6, 0x0100,
	0x86F8, 0x4000,
	0x86FA, 0x8000,
	0x86FC, 0x0001,
	0x86FE, 0x0002,
	0x8700, 0x0002,
	0x8702, 0x0002,
	0x8704, 0x0002,
	0x8706, 0x0002,
	0x8708, 0x0002,
	0x870A, 0x0800,
	0x870C, 0x2100,
	0x870E, 0x2900,
	0x8710, 0x2E00,
	0x8712, 0x2E00,
	0x8714, 0x2E00,
	0x8716, 0x2E00,
	0x8718, 0x2E00,
	0x871A, 0x2E00,
	0x871C, 0x3000,
	0x871E, 0xA2FD,
	0x8720, 0xFEFE,
	0x8722, 0x0000,
	0x8724, 0x0000,
	0x8726, 0x0000,
	0x8738, 0xFFFE,
	0x873A, 0x2400,
	0x873C, 0xFFFD,
	0x873E, 0x0342,
	0x8740, 0x23F0,
	0x8742, 0xD4AC,
	0x8744, 0x037E,
	0x8746, 0xF3F4,
	0x8748, 0x08C8,
	0x874A, 0xFFFE,
	0x874C, 0x2401,
	0x874E, 0xFFFD,
	0x8750, 0x1D72,
	0x8752, 0x0003,
	0x8754, 0x1D74,
	0x8756, 0x0003,
	0x8758, 0x1D82,
	0x875A, 0x0003,
	0x875C, 0x1D84,
	0x875E, 0x0003,
	0x8760, 0x0000,
	0x8762, 0xFFFF,
	0x8764, 0x000C,
	0x8766, 0x2400,
	0x8768, 0x0344,
	0x876A, 0x0008,
	0x876C, 0x0006,
	0x876E, 0x1F18,
	0x8770, 0x1F12,
	0x8772, 0x0010,
	0x8774, 0x000C,
	0x8776, 0xFFFF,
	0x8778, 0x0008,
	0x877A, 0x2401,
	0x877C, 0x1DF2,
	0x877E, 0x0300,
	0x8780, 0x0300,
	0x8782, 0x0600,
	0x8784, 0x0600,
	0x8786, 0xFFFF,
	0x8788, 0x0008,
	0x878A, 0x2401,
	0x878C, 0x1E02,
	0x878E, 0x0300,
	0x8790, 0x0300,
	0x8792, 0x0600,
	0x8794, 0x0600,
	0x8796, 0xFFFF,
	0x8798, 0x0008,
	0x879A, 0x2401,
	0x879C, 0x1E12,
	0x879E, 0x0600,
	0x87A0, 0x0600,
	0x87A2, 0x0600,
	0x87A4, 0x0600,
	0x87A6, 0xFFFF,
	0x87A8, 0x0008,
	0x87AA, 0x2401,
	0x87AC, 0x1E22,
	0x87AE, 0x0600,
	0x87B0, 0x0600,
	0x87B2, 0x0600,
	0x87B4, 0x0600,
	0x87B6, 0x0000,
	0x87B8, 0x0000,
	0x87BA, 0x0000,
	0x87CC, 0xFFFE,
	0x87CE, 0x2400,
	0x87D0, 0xFFFD,
	0x87D2, 0x0086,
	0x87D4, 0x1400,
	0x87D6, 0x0342,
	0x87D8, 0x12B0,
	0x87DA, 0x0900,
	0x87DC, 0x2222,
	0x87DE, 0x0B02,
	0x87E0, 0x0201,
	0x87E2, 0x0B08,
	0x87E4, 0x0001,
	0x87E6, 0x703C,
	0x87E8, 0x0101,
	0x87EA, 0x703E,
	0x87EC, 0x0001,
	0x87EE, 0x7048,
	0x87F0, 0x009F,
	0x87F2, 0x704A,
	0x87F4, 0x0A00,
	0x87F6, 0x705A,
	0x87F8, 0x00A0,
	0x87FA, 0x705C,
	0x87FC, 0x0A01,
	0x87FE, 0x7274,
	0x8800, 0x000B,
	0x8802, 0x7276,
	0x8804, 0x000A,
	0x8806, 0x795A,
	0x8808, 0x0020,
	0x880A, 0x7970,
	0x880C, 0x0020,
	0x880E, 0x7996,
	0x8810, 0x0101,
	0x8812, 0x7A0E,
	0x8814, 0x000F,
	0x8816, 0x7A6E,
	0x8818, 0x0019,
	0x881A, 0x7A86,
	0x881C, 0x0019,
	0x881E, 0x7BDA,
	0x8820, 0x004C,
	0x8822, 0x82A2,
	0x8824, 0x0014,
	0x8826, 0x82BA,
	0x8828, 0x0033,
	0x882A, 0x8C9E,
	0x882C, 0x0035,
	0x882E, 0x8CA2,
	0x8830, 0x0070,
	0x8832, 0x8CCE,
	0x8834, 0x0096,
	0x8836, 0x8CD2,
	0x8838, 0x00BE,
	0x883A, 0xB176,
	0x883C, 0x0206,
	0x883E, 0xB220,
	0x8840, 0x0301,
	0x8842, 0xB268,
	0x8844, 0xF380,
	0x8846, 0xC4E2,
	0x8848, 0x0000,
	0x884A, 0xC53C,
	0x884C, 0x0005,
	0x884E, 0xC554,
	0x8850, 0x1000,
	0x8852, 0xD326,
	0x8854, 0x1001,
	0x8856, 0xD3EC,
	0x8858, 0x1CB0,
	0x885A, 0xD49C,
	0x885C, 0x0022,
	0x885E, 0xD4A8,
	0x8860, 0x0000,
	0x8862, 0xD4AC,
	0x8864, 0x0001,
	0x8866, 0xD4B0,
	0x8868, 0x02B0,
	0x886A, 0xD4B8,
	0x886C, 0x0014,
	0x886E, 0xD4BC,
	0x8870, 0x003A,
	0x8872, 0xD4C4,
	0x8874, 0x0000,
	0x8876, 0xD4C8,
	0x8878, 0x0001,
	0x887A, 0xD4D0,
	0x887C, 0x000A,
	0x887E, 0xD4D2,
	0x8880, 0x0000,
	0x8882, 0xD4D6,
	0x8884, 0x001A,
	0x8886, 0xD4DE,
	0x8888, 0x0001,
	0x888A, 0xD4E2,
	0x888C, 0x0032,
	0x888E, 0xD4EC,
	0x8890, 0x0000,
	0x8892, 0xD4EE,
	0x8894, 0x0000,
	0x8896, 0xD4F8,
	0x8898, 0x0000,
	0x889A, 0xD4FA,
	0x889C, 0x0000,
	0x889E, 0xD554,
	0x88A0, 0x00C4,
	0x88A2, 0xD556,
	0x88A4, 0x00F6,
	0x88A6, 0xD560,
	0x88A8, 0x0352,
	0x88AA, 0xD562,
	0x88AC, 0x0384,
	0x88AE, 0xD684,
	0x88B0, 0xF380,
	0x88B2, 0xDADE,
	0x88B4, 0x00A0,
	0x88B6, 0xDAE0,
	0x88B8, 0x0100,
	0x88BA, 0xDAE2,
	0x88BC, 0x01A0,
	0x88BE, 0xDB40,
	0x88C0, 0xFDD2,
	0x88C2, 0xDB42,
	0x88C4, 0xFDD2,
	0x88C6, 0xDC94,
	0x88C8, 0x0301,
	0x88CA, 0xE980,
	0x88CC, 0x049E,
	0x88CE, 0xF3F6,
	0x88D0, 0x10D6,
	0x88D2, 0xFFFE,
	0x88D4, 0x2401,
	0x88D6, 0xFFFD,
	0x88D8, 0x1C28,
	0x88DA, 0x04F0,
	0x88DC, 0x1C50,
	0x88DE, 0x02FD,
	0x88E0, 0x1C78,
	0x88E2, 0x02FD,
	0x88E4, 0x1CA0,
	0x88E6, 0x04F0,
	0x88E8, 0x2540,
	0x88EA, 0x0000,
	0x88EC, 0x29A8,
	0x88EE, 0x0001,
	0x88F0, 0x29BA,
	0x88F2, 0x0020,
	0x88F4, 0x2A44,
	0x88F6, 0x0739,
	0x88F8, 0x2A56,
	0x88FA, 0x0004,
	0x88FC, 0x3132,
	0x88FE, 0x0002,
	0x8900, 0x31D0,
	0x8902, 0x0000,
	0x8904, 0x31F8,
	0x8906, 0x0000,
	0x8908, 0x31FA,
	0x890A, 0x0000,
	0x890C, 0x4396,
	0x890E, 0x000B,
	0x8910, 0x4398,
	0x8912, 0x000A,
	0x8914, 0x43C6,
	0x8916, 0x1401,
	0x8918, 0xFFFE,
	0x891A, 0x2402,
	0x891C, 0xFFFD,
	0x891E, 0x84C4,
	0x8920, 0x0001,
	0x8922, 0xA598,
	0x8924, 0x0032,
	0x8926, 0xA59A,
	0x8928, 0x0035,
	0x892A, 0x0000,
	0x892C, 0xFFFF,
	0x892E, 0x0008,
	0x8930, 0x2400,
	0x8932, 0x034C,
	0x8934, 0x0010,
	0x8936, 0x000C,
	0x8938, 0x0800,
	0x893A, 0x0800,
	0x893C, 0xFFFF,
	0x893E, 0x0008,
	0x8940, 0x2400,
	0x8942, 0x0380,
	0x8944, 0x0200,
	0x8946, 0x0200,
	0x8948, 0x0200,
	0x894A, 0x0200,
	0x894C, 0xFFFF,
	0x894E, 0x0008,
	0x8950, 0x2400,
	0x8952, 0x7314,
	0x8954, 0x2E00,
	0x8956, 0x3000,
	0x8958, 0x9EFD,
	0x895A, 0x0040,
	0x895C, 0xFFFF,
	0x895E, 0x0012,
	0x8960, 0x2400,
	0x8962, 0xDAE6,
	0x8964, 0x6000,
	0x8966, 0xA000,
	0x8968, 0xC000,
	0x896A, 0x0001,
	0x896C, 0x4001,
	0x896E, 0x6001,
	0x8970, 0x0002,
	0x8972, 0x8002,
	0x8974, 0x2003,
	0x8976, 0xFFFF,
	0x8978, 0x001C,
	0x897A, 0x2400,
	0x897C, 0xDB0C,
	0x897E, 0x2222,
	0x8980, 0x3030,
	0x8982, 0x2828,
	0x8984, 0x2828,
	0x8986, 0x0090,
	0x8988, 0x0090,
	0x898A, 0x00FF,
	0x898C, 0x00F0,
	0x898E, 0x00F0,
	0x8990, 0x00D0,
	0x8992, 0x00E0,
	0x8994, 0x00F0,
	0x8996, 0x00E0,
	0x8998, 0x00D0,
	0x899A, 0xFFFF,
	0x899C, 0x000E,
	0x899E, 0x2400,
	0x89A0, 0xDB4A,
	0x89A2, 0x12D2,
	0x89A4, 0x12D2,
	0x89A6, 0x12D2,
	0x89A8, 0x12D2,
	0x89AA, 0x12D2,
	0x89AC, 0x12D2,
	0x89AE, 0x12D2,
	0x89B0, 0xFFFF,
	0x89B2, 0x000A,
	0x89B4, 0x2401,
	0x89B6, 0x1C2C,
	0x89B8, 0x2010,
	0x89BA, 0x0005,
	0x89BC, 0x00A0,
	0x89BE, 0x5110,
	0x89C0, 0x3510,
	0x89C2, 0xFFFF,
	0x89C4, 0x0012,
	0x89C6, 0x2401,
	0x89C8, 0x1C54,
	0x89CA, 0x2810,
	0x89CC, 0x0003,
	0x89CE, 0xF004,
	0x89D0, 0x0010,
	0x89D2, 0x3110,
	0x89D4, 0x0005,
	0x89D6, 0x00A0,
	0x89D8, 0x6E10,
	0x89DA, 0x6E10,
	0x89DC, 0xFFFF,
	0x89DE, 0x0012,
	0x89E0, 0x2401,
	0x89E2, 0x1C7C,
	0x89E4, 0x2810,
	0x89E6, 0x0003,
	0x89E8, 0xF004,
	0x89EA, 0x0010,
	0x89EC, 0x3110,
	0x89EE, 0x0005,
	0x89F0, 0x00A0,
	0x89F2, 0x6610,
	0x89F4, 0x6610,
	0x89F6, 0xFFFF,
	0x89F8, 0x000A,
	0x89FA, 0x2401,
	0x89FC, 0x1CA4,
	0x89FE, 0x2010,
	0x8A00, 0x0005,
	0x8A02, 0x00A0,
	0x8A04, 0x5110,
	0x8A06, 0x3510,
	0x8A08, 0xFFFF,
	0x8A0A, 0x0010,
	0x8A0C, 0x2401,
	0x8A0E, 0x1CC6,
	0x8A10, 0x0001,
	0x8A12, 0xF004,
	0x8A14, 0x0010,
	0x8A16, 0x2010,
	0x8A18, 0x0005,
	0x8A1A, 0x00A0,
	0x8A1C, 0x5110,
	0x8A1E, 0x3510,
	0x8A20, 0xFFFF,
	0x8A22, 0x0018,
	0x8A24, 0x2401,
	0x8A26, 0x1CEE,
	0x8A28, 0x0001,
	0x8A2A, 0xFD02,
	0x8A2C, 0x0010,
	0x8A2E, 0x2810,
	0x8A30, 0x0003,
	0x8A32, 0xF004,
	0x8A34, 0x0010,
	0x8A36, 0x3110,
	0x8A38, 0x0005,
	0x8A3A, 0x00A0,
	0x8A3C, 0x6E10,
	0x8A3E, 0x6E10,
	0x8A40, 0xFFFF,
	0x8A42, 0x0018,
	0x8A44, 0x2401,
	0x8A46, 0x1D16,
	0x8A48, 0x0001,
	0x8A4A, 0xFD02,
	0x8A4C, 0x0010,
	0x8A4E, 0x2810,
	0x8A50, 0x0003,
	0x8A52, 0xF004,
	0x8A54, 0x0010,
	0x8A56, 0x3110,
	0x8A58, 0x0005,
	0x8A5A, 0x00A0,
	0x8A5C, 0x6610,
	0x8A5E, 0x6610,
	0x8A60, 0xFFFF,
	0x8A62, 0x0010,
	0x8A64, 0x2401,
	0x8A66, 0x1D3E,
	0x8A68, 0x0001,
	0x8A6A, 0xF004,
	0x8A6C, 0x0010,
	0x8A6E, 0x2010,
	0x8A70, 0x0005,
	0x8A72, 0x00A0,
	0x8A74, 0x5110,
	0x8A76, 0x3510,
	0x8A78, 0xFFFF,
	0x8A7A, 0x0008,
	0x8A7C, 0x2401,
	0x8A7E, 0x1DF2,
	0x8A80, 0x0E00,
	0x8A82, 0x0E00,
	0x8A84, 0x0E00,
	0x8A86, 0x0E00,
	0x8A88, 0xFFFF,
	0x8A8A, 0x0008,
	0x8A8C, 0x2401,
	0x8A8E, 0x1E02,
	0x8A90, 0x0E00,
	0x8A92, 0x0E00,
	0x8A94, 0x0E00,
	0x8A96, 0x0E00,
	0x8A98, 0xFFFF,
	0x8A9A, 0x0008,
	0x8A9C, 0x2401,
	0x8A9E, 0x1E12,
	0x8AA0, 0x0E00,
	0x8AA2, 0x0E00,
	0x8AA4, 0x0E00,
	0x8AA6, 0x0E00,
	0x8AA8, 0xFFFF,
	0x8AAA, 0x0008,
	0x8AAC, 0x2401,
	0x8AAE, 0x1E22,
	0x8AB0, 0x0E00,
	0x8AB2, 0x0E00,
	0x8AB4, 0x0E00,
	0x8AB6, 0x0E00,
	0x8AB8, 0xFFFF,
	0x8ABA, 0x001C,
	0x8ABC, 0x2402,
	0x8ABE, 0xA57A,
	0x8AC0, 0xA000,
	0x8AC2, 0x4001,
	0x8AC4, 0x8002,
	0x8AC6, 0x0005,
	0x8AC8, 0x000A,
	0x8ACA, 0xA00F,
	0x8ACC, 0x4011,
	0x8ACE, 0x0E00,
	0x8AD0, 0x2000,
	0x8AD2, 0x2800,
	0x8AD4, 0x1400,
	0x8AD6, 0x2200,
	0x8AD8, 0x2800,
	0x8ADA, 0x2C00,
	0x8ADC, 0x0000,
	0x8ADE, 0x0000,
	0xFCFC, 0x4000,
};

static u16 goyas5kjn5dtele_fcm2_setting[] = {
	0xFCFC, 0x4000,
	0x0B30, 0x01FF,
	0xFCFC, 0x2000,
	0x3D44, 0x0000,
	0x3D88, 0xFCFC,
	0x3D8A, 0xFEFF,
	0x3D8C, 0xFCFC,
	0x3D8E, 0xFEFF,
	0x3D90, 0xFCFC,
	0x3D92, 0xFEFF,
	0x3D94, 0xFCFC,
	0x3D96, 0xFEFF,
	0x3FE0, 0x0324,
	0x3FE2, 0xF886,
	0x3FE4, 0x0324,
	0x3FE6, 0x0080,
	0x4238, 0x0324,
	0x423A, 0xF886,
	0x423C, 0x0324,
	0x423E, 0x0080,
	0x4240, 0x0324,
	0x4242, 0x2483,
	0x4490, 0x0324,
	0x4492, 0xF886,
	0x4494, 0x0324,
	0x4496, 0x0080,
	0x4498, 0x0324,
	0x449A, 0xB083,
	0x46E8, 0x0324,
	0x46EA, 0xF886,
	0x46EC, 0x0324,
	0x46EE, 0x0080,
	0x46F0, 0x0324,
	0x46F2, 0x4484,
	0x4940, 0x0324,
	0x4942, 0xF886,
	0x4944, 0x0324,
	0x4946, 0xCA87,
	0x4B98, 0x0324,
	0x4B9A, 0xF886,
	0x4B9C, 0x0000,
	0x4B9E, 0x0000,
	0x4DF0, 0x0324,
	0x4DF2, 0xF886,
	0x4DF4, 0x0324,
	0x4DF6, 0x308E,
	0xFCFC, 0x2003,
	0x8000, 0xFFFE,
	0x8002, 0x2400,
	0x8004, 0xFFFD,
	0x8006, 0x0086,
	0x8008, 0x0200,
	0x800A, 0x0342,
	0x800C, 0x2580,
	0x800E, 0x0900,
	0x8010, 0x1100,
	0x8012, 0x0B02,
	0x8014, 0x0101,
	0x8016, 0x0B08,
	0x8018, 0x0101,
	0x801A, 0x703C,
	0x801C, 0x0100,
	0x801E, 0x703E,
	0x8020, 0x0000,
	0x8022, 0x7048,
	0x8024, 0x002F,
	0x8026, 0x704A,
	0x8028, 0x0400,
	0x802A, 0x705A,
	0x802C, 0x0030,
	0x802E, 0x705C,
	0x8030, 0x0400,
	0x8032, 0x7274,
	0x8034, 0x000F,
	0x8036, 0x7276,
	0x8038, 0x000E,
	0x803A, 0x795A,
	0x803C, 0x0010,
	0x803E, 0x7970,
	0x8040, 0x0010,
	0x8042, 0x7996,
	0x8044, 0x0001,
	0x8046, 0x7A0E,
	0x8048, 0x001E,
	0x804A, 0x7A6E,
	0x804C, 0x0028,
	0x804E, 0x7A86,
	0x8050, 0x0028,
	0x8052, 0x7BDA,
	0x8054, 0x003C,
	0x8056, 0x82A2,
	0x8058, 0x0012,
	0x805A, 0x82BA,
	0x805C, 0x0036,
	0x805E, 0x8C9E,
	0x8060, 0x0050,
	0x8062, 0x8CA2,
	0x8064, 0x0035,
	0x8066, 0x8CCE,
	0x8068, 0x012C,
	0x806A, 0x8CD2,
	0x806C, 0x0096,
	0x806E, 0xB176,
	0x8070, 0x0006,
	0x8072, 0xB220,
	0x8074, 0x0000,
	0x8076, 0xB268,
	0x8078, 0x0440,
	0x807A, 0xC4E2,
	0x807C, 0x0002,
	0x807E, 0xC53C,
	0x8080, 0x0001,
	0x8082, 0xC554,
	0x8084, 0x0D53,
	0x8086, 0xD326,
	0x8088, 0x2001,
	0x808A, 0xD3EC,
	0x808C, 0x1CB1,
	0x808E, 0xD49C,
	0x8090, 0x0003,
	0x8092, 0xD4A8,
	0x8094, 0x0001,
	0x8096, 0xD4AC,
	0x8098, 0x0130,
	0x809A, 0xD4B0,
	0x809C, 0x0001,
	0x809E, 0xD4B8,
	0x80A0, 0x0035,
	0x80A2, 0xD4BC,
	0x80A4, 0x0014,
	0x80A6, 0xD4C4,
	0x80A8, 0x0001,
	0x80AA, 0xD4C8,
	0x80AC, 0x0000,
	0x80AE, 0xD4D0,
	0x80B0, 0x0011,
	0x80B2, 0xD4D2,
	0x80B4, 0x0020,
	0x80B6, 0xD4D6,
	0x80B8, 0x0000,
	0x80BA, 0xD4DE,
	0x80BC, 0x0028,
	0x80BE, 0xD4E2,
	0x80C0, 0x0001,
	0x80C2, 0xD4EC,
	0x80C4, 0x00BE,
	0x80C6, 0xD4EE,
	0x80C8, 0x00E6,
	0x80CA, 0xD4F8,
	0x80CC, 0x01F0,
	0x80CE, 0xD4FA,
	0x80D0, 0x0218,
	0x80D2, 0xD554,
	0x80D4, 0x0000,
	0x80D6, 0xD556,
	0x80D8, 0x0000,
	0x80DA, 0xD560,
	0x80DC, 0x0000,
	0x80DE, 0xD562,
	0x80E0, 0x0000,
	0x80E2, 0xD684,
	0x80E4, 0x0440,
	0x80E6, 0xDADE,
	0x80E8, 0x0040,
	0x80EA, 0xDAE0,
	0x80EC, 0x0000,
	0x80EE, 0xDAE2,
	0x80F0, 0x0000,
	0x80F2, 0xDB40,
	0x80F4, 0x0000,
	0x80F6, 0xDB42,
	0x80F8, 0x0000,
	0x80FA, 0xDC94,
	0x80FC, 0x0001,
	0x80FE, 0xE980,
	0x8100, 0x0500,
	0x8102, 0xF3F6,
	0x8104, 0x10D7,
	0x8106, 0xFFFE,
	0x8108, 0x2401,
	0x810A, 0xFFFD,
	0x810C, 0x1C28,
	0x810E, 0x03FF,
	0x8110, 0x1C50,
	0x8112, 0x03FF,
	0x8114, 0x1C78,
	0x8116, 0x03FF,
	0x8118, 0x1CA0,
	0x811A, 0x03FF,
	0x811C, 0x2540,
	0x811E, 0x0002,
	0x8120, 0x29A8,
	0x8122, 0x0002,
	0x8124, 0x29BA,
	0x8126, 0x00FF,
	0x8128, 0x2A44,
	0x812A, 0x04B0,
	0x812C, 0x2A56,
	0x812E, 0x0008,
	0x8130, 0x3132,
	0x8132, 0x0001,
	0x8134, 0x31D0,
	0x8136, 0x0002,
	0x8138, 0x31F8,
	0x813A, 0x0001,
	0x813C, 0x31FA,
	0x813E, 0x04CD,
	0x8140, 0x4396,
	0x8142, 0x000F,
	0x8144, 0x4398,
	0x8146, 0x000E,
	0x8148, 0x43C6,
	0x814A, 0x0200,
	0x814C, 0xFFFE,
	0x814E, 0x2402,
	0x8150, 0xFFFD,
	0x8152, 0x84C4,
	0x8154, 0x0000,
	0x8156, 0xA598,
	0x8158, 0x002E,
	0x815A, 0xA59A,
	0x815C, 0x0030,
	0x815E, 0x0000,
	0x8160, 0xFFFF,
	0x8162, 0x0008,
	0x8164, 0x2400,
	0x8166, 0x034C,
	0x8168, 0x0020,
	0x816A, 0x0018,
	0x816C, 0x1000,
	0x816E, 0x1000,
	0x8170, 0xFFFF,
	0x8172, 0x0008,
	0x8174, 0x2400,
	0x8176, 0x0380,
	0x8178, 0x0100,
	0x817A, 0x0100,
	0x817C, 0x0100,
	0x817E, 0x0100,
	0x8180, 0xFFFF,
	0x8182, 0x0008,
	0x8184, 0x2400,
	0x8186, 0x7314,
	0x8188, 0x0000,
	0x818A, 0x0000,
	0x818C, 0x0000,
	0x818E, 0x0000,
	0x8190, 0xFFFF,
	0x8192, 0x0012,
	0x8194, 0x2400,
	0x8196, 0xDAE6,
	0x8198, 0x3000,
	0x819A, 0x8001,
	0x819C, 0x0000,
	0x819E, 0x0000,
	0x81A0, 0x0000,
	0x81A2, 0x0000,
	0x81A4, 0x0000,
	0x81A6, 0x0000,
	0x81A8, 0x0000,
	0x81AA, 0xFFFF,
	0x81AC, 0x001C,
	0x81AE, 0x2400,
	0x81B0, 0xDB0C,
	0x81B2, 0x3F3F,
	0x81B4, 0x1F1F,
	0x81B6, 0x0000,
	0x81B8, 0x0000,
	0x81BA, 0x0000,
	0x81BC, 0x0080,
	0x81BE, 0x0000,
	0x81C0, 0x0000,
	0x81C2, 0x0000,
	0x81C4, 0x0000,
	0x81C6, 0x0000,
	0x81C8, 0x0000,
	0x81CA, 0x0000,
	0x81CC, 0x0000,
	0x81CE, 0xFFFF,
	0x81D0, 0x000E,
	0x81D2, 0x2400,
	0x81D4, 0xDB4A,
	0x81D6, 0x0000,
	0x81D8, 0x0000,
	0x81DA, 0x0000,
	0x81DC, 0x0000,
	0x81DE, 0x0000,
	0x81E0, 0x0000,
	0x81E2, 0x0000,
	0x81E4, 0xFFFF,
	0x81E6, 0x000A,
	0x81E8, 0x2401,
	0x81EA, 0x1C2C,
	0x81EC, 0xD70F,
	0x81EE, 0x0004,
	0x81F0, 0x0010,
	0x81F2, 0xD70F,
	0x81F4, 0xC20F,
	0x81F6, 0xFFFF,
	0x81F8, 0x0012,
	0x81FA, 0x2401,
	0x81FC, 0x1C54,
	0x81FE, 0xD70F,
	0x8200, 0x0004,
	0x8202, 0x0010,
	0x8204, 0xD70F,
	0x8206, 0xC20F,
	0x8208, 0x0000,
	0x820A, 0x0000,
	0x820C, 0x0000,
	0x820E, 0x0000,
	0x8210, 0xFFFF,
	0x8212, 0x0012,
	0x8214, 0x2401,
	0x8216, 0x1C7C,
	0x8218, 0xD70F,
	0x821A, 0x0004,
	0x821C, 0x0010,
	0x821E, 0xD70F,
	0x8220, 0xC20F,
	0x8222, 0x0000,
	0x8224, 0x0000,
	0x8226, 0x0000,
	0x8228, 0x0000,
	0x822A, 0xFFFF,
	0x822C, 0x000A,
	0x822E, 0x2401,
	0x8230, 0x1CA4,
	0x8232, 0xD70F,
	0x8234, 0x0004,
	0x8236, 0x0010,
	0x8238, 0xD70F,
	0x823A, 0xC20F,
	0x823C, 0xFFFF,
	0x823E, 0x0010,
	0x8240, 0x2401,
	0x8242, 0x1CC6,
	0x8244, 0x0000,
	0x8246, 0x0000,
	0x8248, 0x0000,
	0x824A, 0x0000,
	0x824C, 0x0000,
	0x824E, 0x0000,
	0x8250, 0x0000,
	0x8252, 0x0000,
	0x8254, 0xFFFF,
	0x8256, 0x0018,
	0x8258, 0x2401,
	0x825A, 0x1CEE,
	0x825C, 0x0000,
	0x825E, 0x0000,
	0x8260, 0x0000,
	0x8262, 0x0000,
	0x8264, 0x0000,
	0x8266, 0x0000,
	0x8268, 0x0000,
	0x826A, 0x0000,
	0x826C, 0x0000,
	0x826E, 0x0000,
	0x8270, 0x0000,
	0x8272, 0x0000,
	0x8274, 0xFFFF,
	0x8276, 0x0018,
	0x8278, 0x2401,
	0x827A, 0x1D16,
	0x827C, 0x0000,
	0x827E, 0x0000,
	0x8280, 0x0000,
	0x8282, 0x0000,
	0x8284, 0x0000,
	0x8286, 0x0000,
	0x8288, 0x0000,
	0x828A, 0x0000,
	0x828C, 0x0000,
	0x828E, 0x0000,
	0x8290, 0x0000,
	0x8292, 0x0000,
	0x8294, 0xFFFF,
	0x8296, 0x0010,
	0x8298, 0x2401,
	0x829A, 0x1D3E,
	0x829C, 0x0000,
	0x829E, 0x0000,
	0x82A0, 0x0000,
	0x82A2, 0x0000,
	0x82A4, 0x0000,
	0x82A6, 0x0000,
	0x82A8, 0x0000,
	0x82AA, 0x0000,
	0x82AC, 0xFFFF,
	0x82AE, 0x0008,
	0x82B0, 0x2401,
	0x82B2, 0x1DF2,
	0x82B4, 0x1500,
	0x82B6, 0x1500,
	0x82B8, 0x1500,
	0x82BA, 0x1500,
	0x82BC, 0xFFFF,
	0x82BE, 0x0008,
	0x82C0, 0x2401,
	0x82C2, 0x1E02,
	0x82C4, 0x1500,
	0x82C6, 0x1500,
	0x82C8, 0x1500,
	0x82CA, 0x1500,
	0x82CC, 0xFFFF,
	0x82CE, 0x0008,
	0x82D0, 0x2401,
	0x82D2, 0x1E12,
	0x82D4, 0x1500,
	0x82D6, 0x1500,
	0x82D8, 0x1500,
	0x82DA, 0x1500,
	0x82DC, 0xFFFF,
	0x82DE, 0x0008,
	0x82E0, 0x2401,
	0x82E2, 0x1E22,
	0x82E4, 0x1500,
	0x82E6, 0x1500,
	0x82E8, 0x1500,
	0x82EA, 0x1500,
	0x82EC, 0xFFFF,
	0x82EE, 0x001C,
	0x82F0, 0x2402,
	0x82F2, 0xA57A,
	0x82F4, 0x0001,
	0x82F6, 0x0002,
	0x82F8, 0x0002,
	0x82FA, 0x0002,
	0x82FC, 0x0002,
	0x82FE, 0x0002,
	0x8300, 0x0002,
	0x8302, 0x0800,
	0x8304, 0x2100,
	0x8306, 0x2900,
	0x8308, 0x2E00,
	0x830A, 0x2E00,
	0x830C, 0x2E00,
	0x830E, 0x2E00,
	0x8310, 0x0000,
	0x8312, 0x0000,
	0x8324, 0xFFFE,
	0x8326, 0x2400,
	0x8328, 0xFFFD,
	0x832A, 0x0B08,
	0x832C, 0x0001,
	0x832E, 0xD4AC,
	0x8330, 0x037E,
	0x8332, 0xFFFE,
	0x8334, 0x2401,
	0x8336, 0xFFFD,
	0x8338, 0x1D72,
	0x833A, 0x0003,
	0x833C, 0x1D74,
	0x833E, 0x0003,
	0x8340, 0x1D82,
	0x8342, 0x0003,
	0x8344, 0x1D84,
	0x8346, 0x0003,
	0x8348, 0x25E0,
	0x834A, 0x0001,
	0x834C, 0x25E2,
	0x834E, 0x00CD,
	0x8350, 0x31D0,
	0x8352, 0x0000,
	0x8354, 0x31FA,
	0x8356, 0x0400,
	0x8358, 0x0000,
	0x835A, 0xFFFF,
	0x835C, 0x0008,
	0x835E, 0x2401,
	0x8360, 0x1DF2,
	0x8362, 0x0300,
	0x8364, 0x0300,
	0x8366, 0x0600,
	0x8368, 0x0600,
	0x836A, 0xFFFF,
	0x836C, 0x0008,
	0x836E, 0x2401,
	0x8370, 0x1E02,
	0x8372, 0x0300,
	0x8374, 0x0300,
	0x8376, 0x0600,
	0x8378, 0x0600,
	0x837A, 0xFFFF,
	0x837C, 0x0008,
	0x837E, 0x2401,
	0x8380, 0x1E12,
	0x8382, 0x0600,
	0x8384, 0x0600,
	0x8386, 0x0600,
	0x8388, 0x0600,
	0x838A, 0xFFFF,
	0x838C, 0x0008,
	0x838E, 0x2401,
	0x8390, 0x1E22,
	0x8392, 0x0600,
	0x8394, 0x0600,
	0x8396, 0x0600,
	0x8398, 0x0600,
	0x839A, 0x0000,
	0x839C, 0x0000,
	0x839E, 0x0000,
	0x83B0, 0xFFFE,
	0x83B2, 0x2400,
	0x83B4, 0xFFFD,
	0x83B6, 0x0342,
	0x83B8, 0x23F0,
	0x83BA, 0xD4AC,
	0x83BC, 0x037E,
	0x83BE, 0xF3F4,
	0x83C0, 0x08C8,
	0x83C2, 0xFFFE,
	0x83C4, 0x2401,
	0x83C6, 0xFFFD,
	0x83C8, 0x1D72,
	0x83CA, 0x0003,
	0x83CC, 0x1D74,
	0x83CE, 0x0003,
	0x83D0, 0x1D82,
	0x83D2, 0x0003,
	0x83D4, 0x1D84,
	0x83D6, 0x0003,
	0x83D8, 0x0000,
	0x83DA, 0xFFFF,
	0x83DC, 0x000C,
	0x83DE, 0x2400,
	0x83E0, 0x0344,
	0x83E2, 0x0008,
	0x83E4, 0x0006,
	0x83E6, 0x1F18,
	0x83E8, 0x1F12,
	0x83EA, 0x0010,
	0x83EC, 0x000C,
	0x83EE, 0xFFFF,
	0x83F0, 0x0008,
	0x83F2, 0x2401,
	0x83F4, 0x1DF2,
	0x83F6, 0x0300,
	0x83F8, 0x0300,
	0x83FA, 0x0600,
	0x83FC, 0x0600,
	0x83FE, 0xFFFF,
	0x8400, 0x0008,
	0x8402, 0x2401,
	0x8404, 0x1E02,
	0x8406, 0x0300,
	0x8408, 0x0300,
	0x840A, 0x0600,
	0x840C, 0x0600,
	0x840E, 0xFFFF,
	0x8410, 0x0008,
	0x8412, 0x2401,
	0x8414, 0x1E12,
	0x8416, 0x0600,
	0x8418, 0x0600,
	0x841A, 0x0600,
	0x841C, 0x0600,
	0x841E, 0xFFFF,
	0x8420, 0x0008,
	0x8422, 0x2401,
	0x8424, 0x1E22,
	0x8426, 0x0600,
	0x8428, 0x0600,
	0x842A, 0x0600,
	0x842C, 0x0600,
	0x842E, 0x0000,
	0x8430, 0x0000,
	0x8432, 0x0000,
	0x8444, 0xFFFE,
	0x8446, 0x2400,
	0x8448, 0xFFFD,
	0x844A, 0x0342,
	0x844C, 0x23F0,
	0x844E, 0x0B08,
	0x8450, 0x0001,
	0x8452, 0xD4AC,
	0x8454, 0x037E,
	0x8456, 0xF3F4,
	0x8458, 0x08C8,
	0x845A, 0xFFFE,
	0x845C, 0x2401,
	0x845E, 0xFFFD,
	0x8460, 0x1D72,
	0x8462, 0x0003,
	0x8464, 0x1D74,
	0x8466, 0x0003,
	0x8468, 0x1D82,
	0x846A, 0x0003,
	0x846C, 0x1D84,
	0x846E, 0x0003,
	0x8470, 0x25E0,
	0x8472, 0x0001,
	0x8474, 0x25E2,
	0x8476, 0x00CD,
	0x8478, 0x31D0,
	0x847A, 0x0000,
	0x847C, 0x31FA,
	0x847E, 0x0400,
	0x8480, 0x0000,
	0x8482, 0xFFFF,
	0x8484, 0x000C,
	0x8486, 0x2400,
	0x8488, 0x0344,
	0x848A, 0x0008,
	0x848C, 0x0006,
	0x848E, 0x1F18,
	0x8490, 0x1F12,
	0x8492, 0x0010,
	0x8494, 0x000C,
	0x8496, 0xFFFF,
	0x8498, 0x0008,
	0x849A, 0x2401,
	0x849C, 0x1DF2,
	0x849E, 0x0300,
	0x84A0, 0x0300,
	0x84A2, 0x0600,
	0x84A4, 0x0600,
	0x84A6, 0xFFFF,
	0x84A8, 0x0008,
	0x84AA, 0x2401,
	0x84AC, 0x1E02,
	0x84AE, 0x0300,
	0x84B0, 0x0300,
	0x84B2, 0x0600,
	0x84B4, 0x0600,
	0x84B6, 0xFFFF,
	0x84B8, 0x0008,
	0x84BA, 0x2401,
	0x84BC, 0x1E12,
	0x84BE, 0x0600,
	0x84C0, 0x0600,
	0x84C2, 0x0600,
	0x84C4, 0x0600,
	0x84C6, 0xFFFF,
	0x84C8, 0x0008,
	0x84CA, 0x2401,
	0x84CC, 0x1E22,
	0x84CE, 0x0600,
	0x84D0, 0x0600,
	0x84D2, 0x0600,
	0x84D4, 0x0600,
	0x84D6, 0x0000,
	0x84D8, 0x0000,
	0x84DA, 0x0000,
	0x84EC, 0xFFFE,
	0x84EE, 0x2400,
	0x84F0, 0xFFFD,
	0x84F2, 0x0086,
	0x84F4, 0x0280,
	0x84F6, 0x021E,
	0x84F8, 0x0006,
	0x84FA, 0x0270,
	0x84FC, 0x2B2B,
	0x84FE, 0x0272,
	0x8500, 0x102C,
	0x8502, 0x0722,
	0x8504, 0x0020,
	0x8506, 0x703E,
	0x8508, 0x0000,
	0x850A, 0x704A,
	0x850C, 0x0400,
	0x850E, 0x705C,
	0x8510, 0x0400,
	0x8512, 0x7808,
	0x8514, 0x0836,
	0x8516, 0x7996,
	0x8518, 0x0001,
	0x851A, 0x7BDA,
	0x851C, 0x003C,
	0x851E, 0x8CA2,
	0x8520, 0x0050,
	0x8522, 0xB268,
	0x8524, 0xE380,
	0x8526, 0xC4D8,
	0x8528, 0x0010,
	0x852A, 0xD49C,
	0x852C, 0x0021,
	0x852E, 0xD4A8,
	0x8530, 0x0001,
	0x8532, 0xD4B0,
	0x8534, 0x037E,
	0x8536, 0xD4BC,
	0x8538, 0x040B,
	0x853A, 0xD4E2,
	0x853C, 0x0036,
	0x853E, 0xD556,
	0x8540, 0x00FA,
	0x8542, 0xD562,
	0x8544, 0x0388,
	0x8546, 0xD684,
	0x8548, 0xE380,
	0x854A, 0xD704,
	0x854C, 0x7800,
	0x854E, 0xDAF6,
	0x8550, 0x0000,
	0x8552, 0xDB26,
	0x8554, 0x0000,
	0x8556, 0xDB56,
	0x8558, 0x0000,
	0x855A, 0xFFFE,
	0x855C, 0x2401,
	0x855E, 0xFFFD,
	0x8560, 0x195E,
	0x8562, 0x0101,
	0x8564, 0x1966,
	0x8566, 0x0002,
	0x8568, 0x1C26,
	0x856A, 0x0180,
	0x856C, 0x1C2A,
	0x856E, 0x1020,
	0x8570, 0x1C2C,
	0x8572, 0x1056,
	0x8574, 0x1C32,
	0x8576, 0x10B6,
	0x8578, 0x1C34,
	0x857A, 0x1170,
	0x857C, 0x1C62,
	0x857E, 0x10DA,
	0x8580, 0x1C64,
	0x8582, 0x1170,
	0x8584, 0x1C8A,
	0x8586, 0x10DD,
	0x8588, 0x1C8C,
	0x858A, 0x1170,
	0x858C, 0x1C9E,
	0x858E, 0x0180,
	0x8590, 0x1CA2,
	0x8592, 0x1020,
	0x8594, 0x1CA4,
	0x8596, 0x1056,
	0x8598, 0x1CAA,
	0x859A, 0x10C4,
	0x859C, 0x1CAC,
	0x859E, 0x1170,
	0x85A0, 0x1CC6,
	0x85A2, 0x0180,
	0x85A4, 0x1CCA,
	0x85A6, 0x1020,
	0x85A8, 0x1CCC,
	0x85AA, 0x1056,
	0x85AC, 0x1CD2,
	0x85AE, 0x10B6,
	0x85B0, 0x1CD4,
	0x85B2, 0x1170,
	0x85B4, 0x1D02,
	0x85B6, 0x10DA,
	0x85B8, 0x1D04,
	0x85BA, 0x1170,
	0x85BC, 0x1D2A,
	0x85BE, 0x10DD,
	0x85C0, 0x1D2C,
	0x85C2, 0x1170,
	0x85C4, 0x1D3E,
	0x85C6, 0x0180,
	0x85C8, 0x1D42,
	0x85CA, 0x1020,
	0x85CC, 0x1D44,
	0x85CE, 0x1056,
	0x85D0, 0x1D4A,
	0x85D2, 0x10C4,
	0x85D4, 0x1D4C,
	0x85D6, 0x1170,
	0x85D8, 0x2A30,
	0x85DA, 0xFF00,
	0x85DC, 0x43C6,
	0x85DE, 0x0280,
	0x85E0, 0xFFFE,
	0x85E2, 0x2402,
	0x85E4, 0xFFFD,
	0x85E6, 0x84C4,
	0x85E8, 0x0000,
	0x85EA, 0x0000,
	0x85EC, 0xFFFF,
	0x85EE, 0x0008,
	0x85F0, 0x2400,
	0x85F2, 0x7314,
	0x85F4, 0x0000,
	0x85F6, 0x0000,
	0x85F8, 0x0000,
	0x85FA, 0x0000,
	0x85FC, 0xFFFF,
	0x85FE, 0x0012,
	0x8600, 0x2401,
	0x8602, 0x1C4E,
	0x8604, 0x8001,
	0x8606, 0xF004,
	0x8608, 0x2810,
	0x860A, 0x5110,
	0x860C, 0x0005,
	0x860E, 0xF009,
	0x8610, 0x9710,
	0x8612, 0xDA10,
	0x8614, 0x000A,
	0x8616, 0xFFFF,
	0x8618, 0x0012,
	0x861A, 0x2401,
	0x861C, 0x1C76,
	0x861E, 0x8001,
	0x8620, 0xF004,
	0x8622, 0x2810,
	0x8624, 0x6610,
	0x8626, 0x0005,
	0x8628, 0xF009,
	0x862A, 0x7210,
	0x862C, 0xDD10,
	0x862E, 0x000A,
	0x8630, 0xFFFF,
	0x8632, 0x0012,
	0x8634, 0x2401,
	0x8636, 0x1CEE,
	0x8638, 0x8001,
	0x863A, 0xF004,
	0x863C, 0x2810,
	0x863E, 0x5110,
	0x8640, 0x0005,
	0x8642, 0xF009,
	0x8644, 0x9710,
	0x8646, 0xDA10,
	0x8648, 0x000A,
	0x864A, 0xFFFF,
	0x864C, 0x0012,
	0x864E, 0x2401,
	0x8650, 0x1D16,
	0x8652, 0x8001,
	0x8654, 0xF004,
	0x8656, 0x2810,
	0x8658, 0x6610,
	0x865A, 0x0005,
	0x865C, 0xF009,
	0x865E, 0x7210,
	0x8660, 0xDD10,
	0x8662, 0x000A,
	0x8664, 0xFFFF,
	0x8666, 0x0008,
	0x8668, 0x2401,
	0x866A, 0x1D72,
	0x866C, 0x0600,
	0x866E, 0x0600,
	0x8670, 0x0600,
	0x8672, 0x0600,
	0x8674, 0xFFFF,
	0x8676, 0x0008,
	0x8678, 0x2401,
	0x867A, 0x1D82,
	0x867C, 0x0600,
	0x867E, 0x0600,
	0x8680, 0x0600,
	0x8682, 0x0600,
	0x8684, 0xFFFF,
	0x8686, 0x0008,
	0x8688, 0x2401,
	0x868A, 0x1D92,
	0x868C, 0x0600,
	0x868E, 0x0600,
	0x8690, 0x0600,
	0x8692, 0x0600,
	0x8694, 0xFFFF,
	0x8696, 0x0008,
	0x8698, 0x2401,
	0x869A, 0x1DA2,
	0x869C, 0x0600,
	0x869E, 0x0600,
	0x86A0, 0x0600,
	0x86A2, 0x0600,
	0x86A4, 0xFFFF,
	0x86A6, 0x0008,
	0x86A8, 0x2401,
	0x86AA, 0x1DF2,
	0x86AC, 0xFAFF,
	0x86AE, 0xFAFF,
	0x86B0, 0x0600,
	0x86B2, 0x0600,
	0x86B4, 0xFFFF,
	0x86B6, 0x0008,
	0x86B8, 0x2401,
	0x86BA, 0x1E02,
	0x86BC, 0xFAFF,
	0x86BE, 0xFAFF,
	0x86C0, 0x0600,
	0x86C2, 0x0600,
	0x86C4, 0xFFFF,
	0x86C6, 0x0008,
	0x86C8, 0x2401,
	0x86CA, 0x1E12,
	0x86CC, 0x0600,
	0x86CE, 0x0600,
	0x86D0, 0xFAFF,
	0x86D2, 0xFAFF,
	0x86D4, 0xFFFF,
	0x86D6, 0x0008,
	0x86D8, 0x2401,
	0x86DA, 0x1E22,
	0x86DC, 0x0600,
	0x86DE, 0x0600,
	0x86E0, 0xFAFF,
	0x86E2, 0xFAFF,
	0x86E4, 0x0000,
	0x86E6, 0x0000,
	0x86F8, 0xFFFE,
	0x86FA, 0x2400,
	0x86FC, 0xFFFD,
	0x86FE, 0x0086,
	0x8700, 0x1400,
	0x8702, 0x0112,
	0x8704, 0x0A0C,
	0x8706, 0x0114,
	0x8708, 0x0103,
	0x870A, 0x0118,
	0x870C, 0x0400,
	0x870E, 0x011A,
	0x8710, 0x0100,
	0x8712, 0x011C,
	0x8714, 0x0001,
	0x8716, 0x0136,
	0x8718, 0x1800,
	0x871A, 0x013E,
	0x871C, 0x0000,
	0x871E, 0x020A,
	0x8720, 0x0000,
	0x8722, 0x021E,
	0x8724, 0x0000,
	0x8726, 0x0228,
	0x8728, 0x0001,
	0x872A, 0x0270,
	0x872C, 0x2B2C,
	0x872E, 0x0272,
	0x8730, 0x102B,
	0x8732, 0x0274,
	0x8734, 0x2B30,
	0x8736, 0x0304,
	0x8738, 0x0003,
	0x873A, 0x0306,
	0x873C, 0x00E6,
	0x873E, 0x031A,
	0x8740, 0x0003,
	0x8742, 0x031C,
	0x8744, 0x0028,
	0x8746, 0x031E,
	0x8748, 0x0002,
	0x874A, 0x0342,
	0x874C, 0x2560,
	0x874E, 0x0400,
	0x8750, 0x1010,
	0x8752, 0x0408,
	0x8754, 0x0100,
	0x8756, 0x040A,
	0x8758, 0x0100,
	0x875A, 0x040C,
	0x875C, 0x0000,
	0x875E, 0x0720,
	0x8760, 0x0001,
	0x8762, 0x0722,
	0x8764, 0x0008,
	0x8766, 0x0724,
	0x8768, 0x0000,
	0x876A, 0x0808,
	0x876C, 0x0000,
	0x876E, 0x0900,
	0x8770, 0x2222,
	0x8772, 0x0936,
	0x8774, 0x0000,
	0x8776, 0x0C40,
	0x8778, 0x0000,
	0x877A, 0x0E00,
	0x877C, 0x0300,
	0x877E, 0x22C2,
	0x8780, 0x0006,
	0x8782, 0x22C4,
	0x8784, 0x1FFF,
	0x8786, 0x22EC,
	0x8788, 0x001F,
	0x878A, 0x2306,
	0x878C, 0x3FFF,
	0x878E, 0x2314,
	0x8790, 0x00FF,
	0x8792, 0x2354,
	0x8794, 0x0003,
	0x8796, 0x23F0,
	0x8798, 0x0100,
	0x879A, 0x68DE,
	0x879C, 0x0000,
	0x879E, 0x703C,
	0x87A0, 0x0101,
	0x87A2, 0x703E,
	0x87A4, 0x0001,
	0x87A6, 0x7046,
	0x87A8, 0x027F,
	0x87AA, 0x7048,
	0x87AC, 0x009F,
	0x87AE, 0x704A,
	0x87B0, 0x0A00,
	0x87B2, 0x7058,
	0x87B4, 0x0280,
	0x87B6, 0x705A,
	0x87B8, 0x00A0,
	0x87BA, 0x705C,
	0x87BC, 0x0A01,
	0x87BE, 0x7806,
	0x87C0, 0x0100,
	0x87C2, 0x7808,
	0x87C4, 0x0824,
	0x87C6, 0x78C0,
	0x87C8, 0x0101,
	0x87CA, 0x795A,
	0x87CC, 0x0020,
	0x87CE, 0x7970,
	0x87D0, 0x0020,
	0x87D2, 0x7994,
	0x87D4, 0x2020,
	0x87D6, 0x7996,
	0x87D8, 0x0101,
	0x87DA, 0x799A,
	0x87DC, 0x0000,
	0x87DE, 0x7BDA,
	0x87E0, 0x004C,
	0x87E2, 0x7EE6,
	0x87E4, 0x002C,
	0x87E6, 0x7EF2,
	0x87E8, 0x002C,
	0x87EA, 0x7EFE,
	0x87EC, 0x0064,
	0x87EE, 0x7F0A,
	0x87F0, 0x0058,
	0x87F2, 0x7F0E,
	0x87F4, 0x0058,
	0x87F6, 0x82A2,
	0x87F8, 0x0014,
	0x87FA, 0x82BA,
	0x87FC, 0x0033,
	0x87FE, 0x8CCE,
	0x8800, 0x0096,
	0x8802, 0x8CD0,
	0x8804, 0x0096,
	0x8806, 0x8CD2,
	0x8808, 0x00BE,
	0x880A, 0x8CD6,
	0x880C, 0x0096,
	0x880E, 0x8D0E,
	0x8810, 0x0000,
	0x8812, 0x9032,
	0x8814, 0x0000,
	0x8816, 0x903E,
	0x8818, 0x0000,
	0x881A, 0xB176,
	0x881C, 0x0206,
	0x881E, 0xB178,
	0x8820, 0x0000,
	0x8822, 0xB20C,
	0x8824, 0x002E,
	0x8826, 0xB21A,
	0x8828, 0x0204,
	0x882A, 0xB23C,
	0x882C, 0x6060,
	0x882E, 0xB242,
	0x8830, 0x6060,
	0x8832, 0xB266,
	0x8834, 0x04C0,
	0x8836, 0xB268,
	0x8838, 0xF380,
	0x883A, 0xB270,
	0x883C, 0x0887,
	0x883E, 0xB322,
	0x8840, 0x0101,
	0x8842, 0xB324,
	0x8844, 0x0001,
	0x8846, 0xB330,
	0x8848, 0x2828,
	0x884A, 0xB34A,
	0x884C, 0x2828,
	0x884E, 0xB360,
	0x8850, 0x2828,
	0x8852, 0xB378,
	0x8854, 0x0001,
	0x8856, 0xBF16,
	0x8858, 0xAA0B,
	0x885A, 0xBF30,
	0x885C, 0x0000,
	0x885E, 0xBF78,
	0x8860, 0x3353,
	0x8862, 0xC4D8,
	0x8864, 0x0020,
	0x8866, 0xC4E0,
	0x8868, 0x0001,
	0x886A, 0xC4E2,
	0x886C, 0x0000,
	0x886E, 0xC4F6,
	0x8870, 0x0000,
	0x8872, 0xC53C,
	0x8874, 0x0005,
	0x8876, 0xC53E,
	0x8878, 0x0000,
	0x887A, 0xC544,
	0x887C, 0x0500,
	0x887E, 0xC554,
	0x8880, 0x1000,
	0x8882, 0xC556,
	0x8884, 0x0000,
	0x8886, 0xD1F6,
	0x8888, 0x003A,
	0x888A, 0xD20C,
	0x888C, 0x0809,
	0x888E, 0xD27A,
	0x8890, 0x0005,
	0x8892, 0xD314,
	0x8894, 0x0220,
	0x8896, 0xD326,
	0x8898, 0x1001,
	0x889A, 0xD3EC,
	0x889C, 0x1CB0,
	0x889E, 0xD3F0,
	0x88A0, 0x1CB0,
	0x88A2, 0xD410,
	0x88A4, 0x0248,
	0x88A6, 0xD412,
	0x88A8, 0x04D2,
	0x88AA, 0xD426,
	0x88AC, 0x04D2,
	0x88AE, 0xD428,
	0x88B0, 0x0AEA,
	0x88B2, 0xD43C,
	0x88B4, 0x4001,
	0x88B6, 0xD43E,
	0x88B8, 0x4001,
	0x88BA, 0xD49C,
	0x88BC, 0x0022,
	0x88BE, 0xD4A8,
	0x88C0, 0x0000,
	0x88C2, 0xD4AC,
	0x88C4, 0x0001,
	0x88C6, 0xD4B0,
	0x88C8, 0x03C0,
	0x88CA, 0xD4B4,
	0x88CC, 0x0001,
	0x88CE, 0xD4B8,
	0x88D0, 0x0014,
	0x88D2, 0xD4BC,
	0x88D4, 0x003A,
	0x88D6, 0xD4C0,
	0x88D8, 0x0014,
	0x88DA, 0xD4C4,
	0x88DC, 0x0000,
	0x88DE, 0xD4C8,
	0x88E0, 0x0001,
	0x88E2, 0xD4CC,
	0x88E4, 0x0000,
	0x88E6, 0xD4D0,
	0x88E8, 0x000A,
	0x88EA, 0xD4D2,
	0x88EC, 0x0000,
	0x88EE, 0xD4D6,
	0x88F0, 0x001A,
	0x88F2, 0xD4DA,
	0x88F4, 0x0000,
	0x88F6, 0xD4DE,
	0x88F8, 0x0001,
	0x88FA, 0xD4E2,
	0x88FC, 0x0032,
	0x88FE, 0xD4E6,
	0x8900, 0x0001,
	0x8902, 0xD4EA,
	0x8904, 0x0001,
	0x8906, 0xD4EC,
	0x8908, 0x0000,
	0x890A, 0xD4EE,
	0x890C, 0x0000,
	0x890E, 0xD4F8,
	0x8910, 0x0000,
	0x8912, 0xD4FA,
	0x8914, 0x0000,
	0x8916, 0xD554,
	0x8918, 0x00C4,
	0x891A, 0xD556,
	0x891C, 0x00F6,
	0x891E, 0xD560,
	0x8920, 0x0352,
	0x8922, 0xD562,
	0x8924, 0x0384,
	0x8926, 0xD5BC,
	0x8928, 0x0000,
	0x892A, 0xD5BE,
	0x892C, 0x0000,
	0x892E, 0xD5C8,
	0x8930, 0x0000,
	0x8932, 0xD5CA,
	0x8934, 0x0000,
	0x8936, 0xD624,
	0x8938, 0x0000,
	0x893A, 0xD62E,
	0x893C, 0x0000,
	0x893E, 0xD638,
	0x8940, 0x0000,
	0x8942, 0xD682,
	0x8944, 0x04C0,
	0x8946, 0xD684,
	0x8948, 0xF380,
	0x894A, 0xD6D4,
	0x894C, 0x0000,
	0x894E, 0xD704,
	0x8950, 0x7802,
	0x8952, 0xD718,
	0x8954, 0x0200,
	0x8956, 0xD856,
	0x8958, 0x0705,
	0x895A, 0xD896,
	0x895C, 0x0000,
	0x895E, 0xD8A2,
	0x8960, 0x0001,
	0x8962, 0xDC8C,
	0x8964, 0x2B3F,
	0x8966, 0xDC94,
	0x8968, 0x0301,
	0x896A, 0xDD70,
	0x896C, 0x0000,
	0x896E, 0xDE38,
	0x8970, 0x0000,
	0x8972, 0xE980,
	0x8974, 0x049E,
	0x8976, 0xEF80,
	0x8978, 0x0000,
	0x897A, 0xF054,
	0x897C, 0x0006,
	0x897E, 0xF09A,
	0x8980, 0xFF00,
	0x8982, 0xF0AA,
	0x8984, 0xFFFF,
	0x8986, 0xF0AC,
	0x8988, 0xFFFF,
	0x898A, 0xF288,
	0x898C, 0x0000,
	0x898E, 0xF2E0,
	0x8990, 0x0000,
	0x8992, 0xF2EA,
	0x8994, 0x0040,
	0x8996, 0xF370,
	0x8998, 0x0302,
	0x899A, 0xF372,
	0x899C, 0x0000,
	0x899E, 0xF3E4,
	0x89A0, 0x0103,
	0x89A2, 0xF3F4,
	0x89A4, 0x00C8,
	0x89A6, 0xF3F6,
	0x89A8, 0x10D6,
	0x89AA, 0xFFFE,
	0x89AC, 0x2401,
	0x89AE, 0xFFFD,
	0x89B0, 0x195E,
	0x89B2, 0x0001,
	0x89B4, 0x1966,
	0x89B6, 0x0000,
	0x89B8, 0x2540,
	0x89BA, 0x0000,
	0x89BC, 0x25E0,
	0x89BE, 0x0000,
	0x89C0, 0x25E2,
	0x89C2, 0x0000,
	0x89C4, 0x2920,
	0x89C6, 0x0001,
	0x89C8, 0x29A8,
	0x89CA, 0x0001,
	0x89CC, 0x29BA,
	0x89CE, 0x0020,
	0x89D0, 0x2A30,
	0x89D2, 0xFF01,
	0x89D4, 0x2A42,
	0x89D6, 0x0001,
	0x89D8, 0x2A44,
	0x89DA, 0x0739,
	0x89DC, 0x2A46,
	0x89DE, 0x0000,
	0x89E0, 0x2A54,
	0x89E2, 0x0000,
	0x89E4, 0x2A56,
	0x89E6, 0x0004,
	0x89E8, 0x2BB2,
	0x89EA, 0x0010,
	0x89EC, 0x2D32,
	0x89EE, 0x1000,
	0x89F0, 0x3132,
	0x89F2, 0x0002,
	0x89F4, 0x31D0,
	0x89F6, 0x0000,
	0x89F8, 0x31F8,
	0x89FA, 0x0000,
	0x89FC, 0x31FA,
	0x89FE, 0x0000,
	0x8A00, 0x3C42,
	0x8A02, 0x0000,
	0x8A04, 0x3C46,
	0x8A06, 0x05EB,
	0x8A08, 0x3C52,
	0x8A0A, 0x0640,
	0x8A0C, 0x4270,
	0x8A0E, 0x0000,
	0x8A10, 0x427C,
	0x8A12, 0x0020,
	0x8A14, 0x4280,
	0x8A16, 0x0010,
	0x8A18, 0x4290,
	0x8A1A, 0x0001,
	0x8A1C, 0x4292,
	0x8A1E, 0x0000,
	0x8A20, 0x4362,
	0x8A22, 0x0001,
	0x8A24, 0x4364,
	0x8A26, 0x0000,
	0x8A28, 0x4366,
	0x8A2A, 0x0000,
	0x8A2C, 0x4370,
	0x8A2E, 0x0000,
	0x8A30, 0x437E,
	0x8A32, 0x00E4,
	0x8A34, 0x4396,
	0x8A36, 0x000B,
	0x8A38, 0x4398,
	0x8A3A, 0x000A,
	0x8A3C, 0x43AA,
	0x8A3E, 0x0000,
	0x8A40, 0x43AC,
	0x8A42, 0x0000,
	0x8A44, 0x43B4,
	0x8A46, 0x0000,
	0x8A48, 0x43B6,
	0x8A4A, 0x0000,
	0x8A4C, 0x43C6,
	0x8A4E, 0x1401,
	0x8A50, 0x44C6,
	0x8A52, 0x0000,
	0x8A54, 0x5A70,
	0x8A56, 0x0000,
	0x8A58, 0xFFFE,
	0x8A5A, 0x2402,
	0x8A5C, 0xFFFD,
	0x8A5E, 0x849E,
	0x8A60, 0x0000,
	0x8A62, 0x84A0,
	0x8A64, 0x0000,
	0x8A66, 0x84A2,
	0x8A68, 0x0500,
	0x8A6A, 0x84C4,
	0x8A6C, 0x0001,
	0x8A6E, 0xA570,
	0x8A70, 0x0000,
	0x8A72, 0x0000,
	0x8A74, 0xFFFF,
	0x8A76, 0x0008,
	0x8A78, 0x2400,
	0x8A7A, 0x0260,
	0x8A7C, 0x0001,
	0x8A7E, 0x0000,
	0x8A80, 0x0006,
	0x8A82, 0x0700,
	0x8A84, 0xFFFF,
	0x8A86, 0x0008,
	0x8A88, 0x2400,
	0x8A8A, 0x030C,
	0x8A8C, 0x0000,
	0x8A8E, 0x0300,
	0x8A90, 0xBF00,
	0x8A92, 0x0000,
	0x8A94, 0xFFFF,
	0x8A96, 0x0010,
	0x8A98, 0x2400,
	0x8A9A, 0x0344,
	0x8A9C, 0x0000,
	0x8A9E, 0x0000,
	0x8AA0, 0x1F20,
	0x8AA2, 0x1F18,
	0x8AA4, 0x0010,
	0x8AA6, 0x000C,
	0x8AA8, 0x0800,
	0x8AAA, 0x0800,
	0x8AAC, 0xFFFF,
	0x8AAE, 0x0008,
	0x8AB0, 0x2400,
	0x8AB2, 0x0380,
	0x8AB4, 0x0200,
	0x8AB6, 0x0200,
	0x8AB8, 0x0200,
	0x8ABA, 0x0200,
	0x8ABC, 0xFFFF,
	0x8ABE, 0x0008,
	0x8AC0, 0x2400,
	0x8AC2, 0x0728,
	0x8AC4, 0x0000,
	0x8AC6, 0x0000,
	0x8AC8, 0x0000,
	0x8ACA, 0x0000,
	0x8ACC, 0xFFFF,
	0x8ACE, 0x000C,
	0x8AD0, 0x2400,
	0x8AD2, 0x0B02,
	0x8AD4, 0x0102,
	0x8AD6, 0x0001,
	0x8AD8, 0x0101,
	0x8ADA, 0x0100,
	0x8ADC, 0x0101,
	0x8ADE, 0x0100,
	0x8AE0, 0xFFFF,
	0x8AE2, 0x0008,
	0x8AE4, 0x2400,
	0x8AE6, 0x71D4,
	0x8AE8, 0x3F00,
	0x8AEA, 0x3D00,
	0x8AEC, 0x84F3,
	0x8AEE, 0x0040,
	0x8AF0, 0xFFFF,
	0x8AF2, 0x0010,
	0x8AF4, 0x2400,
	0x8AF6, 0x7274,
	0x8AF8, 0x0B00,
	0x8AFA, 0x0A00,
	0x8AFC, 0x36D2,
	0x8AFE, 0x0040,
	0x8B00, 0x0000,
	0x8B02, 0x0000,
	0x8B04, 0x0000,
	0x8B06, 0x0000,
	0x8B08, 0xFFFF,
	0x8B0A, 0x0008,
	0x8B0C, 0x2400,
	0x8B0E, 0x7314,
	0x8B10, 0x2E00,
	0x8B12, 0x3000,
	0x8B14, 0x9EFD,
	0x8B16, 0x0040,
	0x8B18, 0xFFFF,
	0x8B1A, 0x0008,
	0x8B1C, 0x2400,
	0x8B1E, 0x7A0E,
	0x8B20, 0x0F00,
	0x8B22, 0x0F00,
	0x8B24, 0x0F00,
	0x8B26, 0x0F00,
	0x8B28, 0xFFFF,
	0x8B2A, 0x0008,
	0x8B2C, 0x2400,
	0x8B2E, 0x7A6E,
	0x8B30, 0x1900,
	0x8B32, 0x1900,
	0x8B34, 0x1900,
	0x8B36, 0x1900,
	0x8B38, 0xFFFF,
	0x8B3A, 0x0008,
	0x8B3C, 0x2400,
	0x8B3E, 0x7A86,
	0x8B40, 0x1900,
	0x8B42, 0x1900,
	0x8B44, 0x1900,
	0x8B46, 0x1900,
	0x8B48, 0xFFFF,
	0x8B4A, 0x0008,
	0x8B4C, 0x2400,
	0x8B4E, 0x8C9E,
	0x8B50, 0x3500,
	0x8B52, 0x3500,
	0x8B54, 0x7000,
	0x8B56, 0x3500,
	0x8B58, 0xFFFF,
	0x8B5A, 0x000A,
	0x8B5C, 0x2400,
	0x8B5E, 0xB21E,
	0x8B60, 0x0000,
	0x8B62, 0x0103,
	0x8B64, 0xC000,
	0x8B66, 0x0103,
	0x8B68, 0x0000,
	0x8B6A, 0xFFFF,
	0x8B6C, 0x000C,
	0x8B6E, 0x2400,
	0x8B70, 0xBEDC,
	0x8B72, 0xC526,
	0x8B74, 0x903E,
	0x8B76, 0xC00F,
	0x8B78, 0x0008,
	0x8B7A, 0x0C00,
	0x8B7C, 0x8000,
	0x8B7E, 0xFFFF,
	0x8B80, 0x0022,
	0x8B82, 0x2400,
	0x8B84, 0xDADA,
	0x8B86, 0x0001,
	0x8B88, 0x0000,
	0x8B8A, 0xA000,
	0x8B8C, 0x0001,
	0x8B8E, 0xA001,
	0x8B90, 0x0000,
	0x8B92, 0x6000,
	0x8B94, 0xA000,
	0x8B96, 0xC000,
	0x8B98, 0x0001,
	0x8B9A, 0x4001,
	0x8B9C, 0x6001,
	0x8B9E, 0x0002,
	0x8BA0, 0x8002,
	0x8BA2, 0x2003,
	0x8BA4, 0x0000,
	0x8BA6, 0x0000,
	0x8BA8, 0xFFFF,
	0x8BAA, 0x0020,
	0x8BAC, 0x2400,
	0x8BAE, 0xDB0C,
	0x8BB0, 0x2222,
	0x8BB2, 0x3030,
	0x8BB4, 0x2828,
	0x8BB6, 0x2828,
	0x8BB8, 0x0090,
	0x8BBA, 0x0090,
	0x8BBC, 0x00FF,
	0x8BBE, 0x00F0,
	0x8BC0, 0x00F0,
	0x8BC2, 0x00D0,
	0x8BC4, 0x00E0,
	0x8BC6, 0x00F0,
	0x8BC8, 0x00E0,
	0x8BCA, 0x00D0,
	0x8BCC, 0x0000,
	0x8BCE, 0x0000,
	0x8BD0, 0xFFFF,
	0x8BD2, 0x0020,
	0x8BD4, 0x2400,
	0x8BD6, 0xDB3C,
	0x8BD8, 0xD2FD,
	0x8BDA, 0xD2FD,
	0x8BDC, 0xD2FD,
	0x8BDE, 0xD2FD,
	0x8BE0, 0x12D2,
	0x8BE2, 0x12D2,
	0x8BE4, 0x12D2,
	0x8BE6, 0x12D2,
	0x8BE8, 0x12D2,
	0x8BEA, 0x12D2,
	0x8BEC, 0x12D2,
	0x8BEE, 0x12D2,
	0x8BF0, 0x12D2,
	0x8BF2, 0x12D2,
	0x8BF4, 0x0000,
	0x8BF6, 0x0000,
	0x8BF8, 0xFFFF,
	0x8BFA, 0x000C,
	0x8BFC, 0x2400,
	0x8BFE, 0xDB6C,
	0x8C00, 0x0000,
	0x8C02, 0x0000,
	0x8C04, 0x0000,
	0x8C06, 0x0000,
	0x8C08, 0x0000,
	0x8C0A, 0x0000,
	0x8C0C, 0xFFFF,
	0x8C0E, 0x000C,
	0x8C10, 0x2400,
	0x8C12, 0xDB9C,
	0x8C14, 0x0000,
	0x8C16, 0x0000,
	0x8C18, 0x0000,
	0x8C1A, 0x0000,
	0x8C1C, 0x0000,
	0x8C1E, 0x0000,
	0x8C20, 0xFFFF,
	0x8C22, 0x000C,
	0x8C24, 0x2400,
	0x8C26, 0xDBCC,
	0x8C28, 0x0000,
	0x8C2A, 0x0000,
	0x8C2C, 0x0000,
	0x8C2E, 0x0000,
	0x8C30, 0x0000,
	0x8C32, 0x0000,
	0x8C34, 0xFFFF,
	0x8C36, 0x0012,
	0x8C38, 0x2401,
	0x8C3A, 0x1C24,
	0x8C3C, 0x0002,
	0x8C3E, 0x0001,
	0x8C40, 0xF004,
	0x8C42, 0x0010,
	0x8C44, 0x2010,
	0x8C46, 0x0005,
	0x8C48, 0x00A0,
	0x8C4A, 0x5110,
	0x8C4C, 0x3510,
	0x8C4E, 0xFFFF,
	0x8C50, 0x0020,
	0x8C52, 0x2401,
	0x8C54, 0x1C4E,
	0x8C56, 0x0001,
	0x8C58, 0xFD02,
	0x8C5A, 0x0010,
	0x8C5C, 0x2810,
	0x8C5E, 0x0003,
	0x8C60, 0xF004,
	0x8C62, 0x0010,
	0x8C64, 0x3110,
	0x8C66, 0x0005,
	0x8C68, 0x00A0,
	0x8C6A, 0x6E10,
	0x8C6C, 0x6E10,
	0x8C6E, 0x0000,
	0x8C70, 0x0000,
	0x8C72, 0x0000,
	0x8C74, 0x0000,
	0x8C76, 0xFFFF,
	0x8C78, 0x0020,
	0x8C7A, 0x2401,
	0x8C7C, 0x1C76,
	0x8C7E, 0x0001,
	0x8C80, 0xFD02,
	0x8C82, 0x0010,
	0x8C84, 0x2810,
	0x8C86, 0x0003,
	0x8C88, 0xF004,
	0x8C8A, 0x0010,
	0x8C8C, 0x3110,
	0x8C8E, 0x0005,
	0x8C90, 0x00A0,
	0x8C92, 0x6610,
	0x8C94, 0x6610,
	0x8C96, 0x0000,
	0x8C98, 0x0000,
	0x8C9A, 0x0000,
	0x8C9C, 0x0000,
	0x8C9E, 0xFFFF,
	0x8CA0, 0x0010,
	0x8CA2, 0x2401,
	0x8CA4, 0x1C9E,
	0x8CA6, 0x0001,
	0x8CA8, 0xF004,
	0x8CAA, 0x0010,
	0x8CAC, 0x2010,
	0x8CAE, 0x0005,
	0x8CB0, 0x00A0,
	0x8CB2, 0x5110,
	0x8CB4, 0x3510,
	0x8CB6, 0xFFFF,
	0x8CB8, 0x0010,
	0x8CBA, 0x2401,
	0x8CBC, 0x1CC6,
	0x8CBE, 0x0001,
	0x8CC0, 0xF004,
	0x8CC2, 0x0010,
	0x8CC4, 0x2010,
	0x8CC6, 0x0005,
	0x8CC8, 0x00A0,
	0x8CCA, 0x5110,
	0x8CCC, 0x3510,
	0x8CCE, 0xFFFF,
	0x8CD0, 0x0020,
	0x8CD2, 0x2401,
	0x8CD4, 0x1CEE,
	0x8CD6, 0x0001,
	0x8CD8, 0xFD02,
	0x8CDA, 0x0010,
	0x8CDC, 0x2810,
	0x8CDE, 0x0003,
	0x8CE0, 0xF004,
	0x8CE2, 0x0010,
	0x8CE4, 0x3110,
	0x8CE6, 0x0005,
	0x8CE8, 0x00A0,
	0x8CEA, 0x6E10,
	0x8CEC, 0x6E10,
	0x8CEE, 0x0000,
	0x8CF0, 0x0000,
	0x8CF2, 0x0000,
	0x8CF4, 0x0000,
	0x8CF6, 0xFFFF,
	0x8CF8, 0x0020,
	0x8CFA, 0x2401,
	0x8CFC, 0x1D16,
	0x8CFE, 0x0001,
	0x8D00, 0xFD02,
	0x8D02, 0x0010,
	0x8D04, 0x2810,
	0x8D06, 0x0003,
	0x8D08, 0xF004,
	0x8D0A, 0x0010,
	0x8D0C, 0x3110,
	0x8D0E, 0x0005,
	0x8D10, 0x00A0,
	0x8D12, 0x6610,
	0x8D14, 0x6610,
	0x8D16, 0x0000,
	0x8D18, 0x0000,
	0x8D1A, 0x0000,
	0x8D1C, 0x0000,
	0x8D1E, 0xFFFF,
	0x8D20, 0x0010,
	0x8D22, 0x2401,
	0x8D24, 0x1D3E,
	0x8D26, 0x0001,
	0x8D28, 0xF004,
	0x8D2A, 0x0010,
	0x8D2C, 0x2010,
	0x8D2E, 0x0005,
	0x8D30, 0x00A0,
	0x8D32, 0x5110,
	0x8D34, 0x3510,
	0x8D36, 0xFFFF,
	0x8D38, 0x0008,
	0x8D3A, 0x2401,
	0x8D3C, 0x1D72,
	0x8D3E, 0x0000,
	0x8D40, 0x0000,
	0x8D42, 0x0000,
	0x8D44, 0x0000,
	0x8D46, 0xFFFF,
	0x8D48, 0x0008,
	0x8D4A, 0x2401,
	0x8D4C, 0x1D82,
	0x8D4E, 0x0000,
	0x8D50, 0x0000,
	0x8D52, 0x0000,
	0x8D54, 0x0000,
	0x8D56, 0xFFFF,
	0x8D58, 0x0008,
	0x8D5A, 0x2401,
	0x8D5C, 0x1D92,
	0x8D5E, 0x0000,
	0x8D60, 0x0000,
	0x8D62, 0x0000,
	0x8D64, 0x0000,
	0x8D66, 0xFFFF,
	0x8D68, 0x0008,
	0x8D6A, 0x2401,
	0x8D6C, 0x1DA2,
	0x8D6E, 0x0000,
	0x8D70, 0x0000,
	0x8D72, 0x0000,
	0x8D74, 0x0000,
	0x8D76, 0xFFFF,
	0x8D78, 0x0008,
	0x8D7A, 0x2401,
	0x8D7C, 0x1DF2,
	0x8D7E, 0x0A00,
	0x8D80, 0x0A00,
	0x8D82, 0x0900,
	0x8D84, 0x0900,
	0x8D86, 0xFFFF,
	0x8D88, 0x0008,
	0x8D8A, 0x2401,
	0x8D8C, 0x1E02,
	0x8D8E, 0x0A00,
	0x8D90, 0x0A00,
	0x8D92, 0x0900,
	0x8D94, 0x0900,
	0x8D96, 0xFFFF,
	0x8D98, 0x0008,
	0x8D9A, 0x2401,
	0x8D9C, 0x1E12,
	0x8D9E, 0x0A00,
	0x8DA0, 0x0A00,
	0x8DA2, 0x0900,
	0x8DA4, 0x0900,
	0x8DA6, 0xFFFF,
	0x8DA8, 0x0008,
	0x8DAA, 0x2401,
	0x8DAC, 0x1E22,
	0x8DAE, 0x0A00,
	0x8DB0, 0x0A00,
	0x8DB2, 0x0900,
	0x8DB4, 0x0900,
	0x8DB6, 0xFFFF,
	0x8DB8, 0x0010,
	0x8DBA, 0x2402,
	0x8DBC, 0xA548,
	0x8DBE, 0x0000,
	0x8DC0, 0x0000,
	0x8DC2, 0x0000,
	0x8DC4, 0x0000,
	0x8DC6, 0x0000,
	0x8DC8, 0x0000,
	0x8DCA, 0x0000,
	0x8DCC, 0x0000,
	0x8DCE, 0xFFFF,
	0x8DD0, 0x0010,
	0x8DD2, 0x2402,
	0x8DD4, 0xA55C,
	0x8DD6, 0x0000,
	0x8DD8, 0x0000,
	0x8DDA, 0x0000,
	0x8DDC, 0x0000,
	0x8DDE, 0x0000,
	0x8DE0, 0x0000,
	0x8DE2, 0x0000,
	0x8DE4, 0x0000,
	0x8DE6, 0xFFFF,
	0x8DE8, 0x002C,
	0x8DEA, 0x2402,
	0x8DEC, 0xA574,
	0x8DEE, 0x0100,
	0x8DF0, 0x4000,
	0x8DF2, 0x8000,
	0x8DF4, 0xA000,
	0x8DF6, 0x4001,
	0x8DF8, 0x8002,
	0x8DFA, 0x0005,
	0x8DFC, 0x000A,
	0x8DFE, 0xA00F,
	0x8E00, 0x4011,
	0x8E02, 0x0E00,
	0x8E04, 0x2000,
	0x8E06, 0x2800,
	0x8E08, 0x1400,
	0x8E0A, 0x2200,
	0x8E0C, 0x2800,
	0x8E0E, 0x2C00,
	0x8E10, 0x2E00,
	0x8E12, 0x3200,
	0x8E14, 0x3500,
	0x8E16, 0xA2FD,
	0x8E18, 0xFEFE,
	0x8E1A, 0x0000,
	0x8E1C, 0x0000,
	0x8E1E, 0x0000,
	0x8E30, 0xFFFE,
	0x8E32, 0x2400,
	0x8E34, 0xFFFD,
	0x8E36, 0x0086,
	0x8E38, 0x0A00,
	0x8E3A, 0x020A,
	0x8E3C, 0x0001,
	0x8E3E, 0x021E,
	0x8E40, 0x0003,
	0x8E42, 0x0228,
	0x8E44, 0x0002,
	0x8E46, 0x0260,
	0x8E48, 0x0300,
	0x8E4A, 0x0262,
	0x8E4C, 0x0001,
	0x8E4E, 0x0270,
	0x8E50, 0x2C2C,
	0x8E52, 0x0272,
	0x8E54, 0x102C,
	0x8E56, 0x0342,
	0x8E58, 0x1770,
	0x8E5A, 0x0720,
	0x8E5C, 0x0000,
	0x8E5E, 0x0722,
	0x8E60, 0x0001,
	0x8E62, 0x22C2,
	0x8E64, 0x0000,
	0x8E66, 0x22C4,
	0x8E68, 0x0000,
	0x8E6A, 0x2354,
	0x8E6C, 0x0001,
	0x8E6E, 0x703C,
	0x8E70, 0x0001,
	0x8E72, 0x703E,
	0x8E74, 0x0000,
	0x8E76, 0x7048,
	0x8E78, 0x0400,
	0x8E7A, 0x704A,
	0x8E7C, 0x0400,
	0x8E7E, 0x705A,
	0x8E80, 0x0400,
	0x8E82, 0x705C,
	0x8E84, 0x0400,
	0x8E86, 0x7806,
	0x8E88, 0x0101,
	0x8E8A, 0x7808,
	0x8E8C, 0x1C3F,
	0x8E8E, 0x7EE6,
	0x8E90, 0x0001,
	0x8E92, 0x7EF2,
	0x8E94, 0x0001,
	0x8E96, 0x7EFE,
	0x8E98, 0x01BA,
	0x8E9A, 0x7F0A,
	0x8E9C, 0x01AA,
	0x8E9E, 0x8CA2,
	0x8EA0, 0x0050,
	0x8EA2, 0xB20C,
	0x8EA4, 0x2E2E,
	0x8EA6, 0xB21A,
	0x8EA8, 0x0604,
	0x8EAA, 0xB21E,
	0x8EAC, 0x4000,
	0x8EAE, 0xB222,
	0x8EB0, 0x60C0,
	0x8EB2, 0xB266,
	0x8EB4, 0x05C0,
	0x8EB6, 0xB268,
	0x8EB8, 0xE380,
	0x8EBA, 0xB270,
	0x8EBC, 0x8887,
	0x8EBE, 0xBEDE,
	0x8EC0, 0x3E94,
	0x8EC2, 0xBEE6,
	0x8EC4, 0x000C,
	0x8EC6, 0xD49C,
	0x8EC8, 0x0003,
	0x8ECA, 0xD4A8,
	0x8ECC, 0x0002,
	0x8ECE, 0xD4B0,
	0x8ED0, 0x02D8,
	0x8ED2, 0xD4BC,
	0x8ED4, 0x015D,
	0x8ED6, 0xD4D0,
	0x8ED8, 0x003E,
	0x8EDA, 0xD4E2,
	0x8EDC, 0x0028,
	0x8EDE, 0xD556,
	0x8EE0, 0x00EC,
	0x8EE2, 0xD562,
	0x8EE4, 0x037A,
	0x8EE6, 0xD682,
	0x8EE8, 0x05C0,
	0x8EEA, 0xD684,
	0x8EEC, 0xE380,
	0x8EEE, 0xD896,
	0x8EF0, 0x0020,
	0x8EF2, 0xD8A2,
	0x8EF4, 0x0101,
	0x8EF6, 0xDADA,
	0x8EF8, 0x0200,
	0x8EFA, 0xDADE,
	0x8EFC, 0x01DF,
	0x8EFE, 0xDAE0,
	0x8F00, 0x0000,
	0x8F02, 0xDAE2,
	0x8F04, 0x0000,
	0x8F06, 0xDAE6,
	0x8F08, 0x0000,
	0x8F0A, 0xDBCC,
	0x8F0C, 0xD212,
	0x8F0E, 0xDBCE,
	0x8F10, 0xD212,
	0x8F12, 0xDD70,
	0x8F14, 0x7E03,
	0x8F16, 0xDE38,
	0x8F18, 0x2E2E,
	0x8F1A, 0xFFFE,
	0x8F1C, 0x2401,
	0x8F1E, 0xFFFD,
	0x8F20, 0x1C26,
	0x8F22, 0x0180,
	0x8F24, 0x1C28,
	0x8F26, 0x0480,
	0x8F28, 0x1C2A,
	0x8F2A, 0x1020,
	0x8F2C, 0x1C32,
	0x8F2E, 0x1028,
	0x8F30, 0x1C34,
	0x8F32, 0x1028,
	0x8F34, 0x1C4E,
	0x8F36, 0x0180,
	0x8F38, 0x1C50,
	0x8F3A, 0x0480,
	0x8F3C, 0x1C9E,
	0x8F3E, 0x0180,
	0x8F40, 0x1CA0,
	0x8F42, 0x0480,
	0x8F44, 0x1CA2,
	0x8F46, 0x1020,
	0x8F48, 0x1CAA,
	0x8F4A, 0x1028,
	0x8F4C, 0x1CAC,
	0x8F4E, 0x1028,
	0x8F50, 0x1CC6,
	0x8F52, 0x0180,
	0x8F54, 0x1CC8,
	0x8F56, 0x0480,
	0x8F58, 0x1CCA,
	0x8F5A, 0x1020,
	0x8F5C, 0x1CD2,
	0x8F5E, 0x1028,
	0x8F60, 0x1CD4,
	0x8F62, 0x1028,
	0x8F64, 0x1CEE,
	0x8F66, 0x0180,
	0x8F68, 0x1CF0,
	0x8F6A, 0x0480,
	0x8F6C, 0x1D3E,
	0x8F6E, 0x0180,
	0x8F70, 0x1D40,
	0x8F72, 0x0480,
	0x8F74, 0x1D42,
	0x8F76, 0x1020,
	0x8F78, 0x1D4A,
	0x8F7A, 0x1028,
	0x8F7C, 0x1D4C,
	0x8F7E, 0x1028,
	0x8F80, 0x2A44,
	0x8F82, 0x0952,
	0x8F84, 0x2A56,
	0x8F86, 0x0001,
	0x8F88, 0x4292,
	0x8F8A, 0x0001,
	0x8F8C, 0x437E,
	0x8F8E, 0x00A4,
	0x8F90, 0x4396,
	0x8F92, 0x000C,
	0x8F94, 0x4398,
	0x8F96, 0x000C,
	0x8F98, 0x43C6,
	0x8F9A, 0x0A01,
	0x8F9C, 0xFFFE,
	0x8F9E, 0x2402,
	0x8FA0, 0xFFFD,
	0x8FA2, 0x84C4,
	0x8FA4, 0x0000,
	0x8FA6, 0xA570,
	0x8FA8, 0xFDA2,
	0x8FAA, 0xA584,
	0x8FAC, 0x0A00,
	0x8FAE, 0xA586,
	0x8FB0, 0x0A00,
	0x8FB2, 0x0000,
	0x8FB4, 0xFFFF,
	0x8FB6, 0x0008,
	0x8FB8, 0x2400,
	0x8FBA, 0x7274,
	0x8FBC, 0x0000,
	0x8FBE, 0x0000,
	0x8FC0, 0x0000,
	0x8FC2, 0x0000,
	0x8FC4, 0xFFFF,
	0x8FC6, 0x0008,
	0x8FC8, 0x2400,
	0x8FCA, 0x7314,
	0x8FCC, 0x0000,
	0x8FCE, 0x0000,
	0x8FD0, 0x0000,
	0x8FD2, 0x0000,
	0x8FD4, 0xFFFF,
	0x8FD6, 0x000C,
	0x8FD8, 0x2400,
	0x8FDA, 0xDB0C,
	0x8FDC, 0x0080,
	0x8FDE, 0x0000,
	0x8FE0, 0x0000,
	0x8FE2, 0x0000,
	0x8FE4, 0x0000,
	0x8FE6, 0x0000,
	0x8FE8, 0xFFFF,
	0x8FEA, 0x000C,
	0x8FEC, 0x2400,
	0x8FEE, 0xDB3C,
	0x8FF0, 0x12D2,
	0x8FF2, 0x12D2,
	0x8FF4, 0x0000,
	0x8FF6, 0x0000,
	0x8FF8, 0x0000,
	0x8FFA, 0x0000,
	0x8FFC, 0xFFFF,
	0x8FFE, 0x0012,
	0x9000, 0x2401,
	0x9002, 0x1C54,
	0x9004, 0x0010,
	0x9006, 0x0005,
	0x9008, 0x00A0,
	0x900A, 0x2810,
	0x900C, 0x2810,
	0x900E, 0x0000,
	0x9010, 0x0000,
	0x9012, 0x0000,
	0x9014, 0x0000,
	0x9016, 0xFFFF,
	0x9018, 0x0018,
	0x901A, 0x2401,
	0x901C, 0x1C76,
	0x901E, 0x8001,
	0x9020, 0x8004,
	0x9022, 0x2010,
	0x9024, 0x2010,
	0x9026, 0x0005,
	0x9028, 0x00A0,
	0x902A, 0x2810,
	0x902C, 0x2810,
	0x902E, 0x0000,
	0x9030, 0x0000,
	0x9032, 0x0000,
	0x9034, 0x0000,
	0x9036, 0xFFFF,
	0x9038, 0x0012,
	0x903A, 0x2401,
	0x903C, 0x1CF4,
	0x903E, 0x0010,
	0x9040, 0x0005,
	0x9042, 0x00A0,
	0x9044, 0x2810,
	0x9046, 0x2810,
	0x9048, 0x0000,
	0x904A, 0x0000,
	0x904C, 0x0000,
	0x904E, 0x0000,
	0x9050, 0xFFFF,
	0x9052, 0x0018,
	0x9054, 0x2401,
	0x9056, 0x1D16,
	0x9058, 0x8001,
	0x905A, 0x8004,
	0x905C, 0x2010,
	0x905E, 0x2010,
	0x9060, 0x0005,
	0x9062, 0x00A0,
	0x9064, 0x2810,
	0x9066, 0x2810,
	0x9068, 0x0000,
	0x906A, 0x0000,
	0x906C, 0x0000,
	0x906E, 0x0000,
	0x9070, 0xFFFF,
	0x9072, 0x0008,
	0x9074, 0x2401,
	0x9076, 0x1DF2,
	0x9078, 0x0800,
	0x907A, 0x0800,
	0x907C, 0x0800,
	0x907E, 0x0800,
	0x9080, 0xFFFF,
	0x9082, 0x0008,
	0x9084, 0x2401,
	0x9086, 0x1E02,
	0x9088, 0x0800,
	0x908A, 0x0800,
	0x908C, 0x0800,
	0x908E, 0x0800,
	0x9090, 0xFFFF,
	0x9092, 0x0008,
	0x9094, 0x2401,
	0x9096, 0x1E12,
	0x9098, 0x0800,
	0x909A, 0x0800,
	0x909C, 0x0800,
	0x909E, 0x0800,
	0x90A0, 0xFFFF,
	0x90A2, 0x0008,
	0x90A4, 0x2401,
	0x90A6, 0x1E22,
	0x90A8, 0x0800,
	0x90AA, 0x0800,
	0x90AC, 0x0800,
	0x90AE, 0x0800,
	0x90B0, 0xFFFF,
	0x90B2, 0x0010,
	0x90B4, 0x2402,
	0x90B6, 0xA548,
	0x90B8, 0x0200,
	0x90BA, 0x4000,
	0x90BC, 0x8000,
	0x90BE, 0xA000,
	0x90C0, 0x4001,
	0x90C2, 0x8002,
	0x90C4, 0x0005,
	0x90C6, 0x000A,
	0x90C8, 0xFFFF,
	0x90CA, 0x0010,
	0x90CC, 0x2402,
	0x90CE, 0xA55C,
	0x90D0, 0x0E00,
	0x90D2, 0x2000,
	0x90D4, 0x2800,
	0x90D6, 0x1400,
	0x90D8, 0x2200,
	0x90DA, 0x2800,
	0x90DC, 0x2C00,
	0x90DE, 0x2E00,
	0x90E0, 0xFFFF,
	0x90E2, 0x000A,
	0x90E4, 0x2402,
	0x90E6, 0xA596,
	0x90E8, 0x2C00,
	0x90EA, 0x2C00,
	0x90EC, 0x2E00,
	0x90EE, 0x16FC,
	0x90F0, 0x0000,
	0x90F2, 0x0000,
	0x90F4, 0x0000,
	0x90F6, 0x0000,
	0xFCFC, 0x4000,
};

static u16 goyas5kjn5dtele_fcm3_setting[] = {
	0xFCFC, 0x4000,
	0x0B30, 0x01FF,
	0xFCFC, 0x2000,
	0x3D44, 0x0000,
	0x3D88, 0xFCFC,
	0x3D8A, 0xFEFF,
	0x3D8C, 0xFCFC,
	0x3D8E, 0xFEFF,
	0x3D90, 0xFCFC,
	0x3D92, 0xFEFF,
	0x3D94, 0xFCFC,
	0x3D96, 0xFEFF,
	0x3FE0, 0x0324,
	0x3FE2, 0x0080,
	0x3FE4, 0x0000,
	0x3FE6, 0x0000,
	0x4238, 0x0324,
	0x423A, 0x0080,
	0x423C, 0x0324,
	0x423E, 0x3887,
	0x4240, 0x0000,
	0x4242, 0x0000,
	0x4490, 0x0324,
	0x4492, 0x0080,
	0x4494, 0x0324,
	0x4496, 0x4889,
	0x4498, 0x0000,
	0x449A, 0x0000,
	0x46E8, 0x0000,
	0x46EA, 0x0000,
	0x46EC, 0x0000,
	0x46EE, 0x0000,
	0x46F0, 0x0000,
	0x46F2, 0x0000,
	0x4940, 0x0000,
	0x4942, 0x0000,
	0x4944, 0x0000,
	0x4946, 0x0000,
	0x4B98, 0x0000,
	0x4B9A, 0x0000,
	0x4B9C, 0x0000,
	0x4B9E, 0x0000,
	0x4DF0, 0x0000,
	0x4DF2, 0x0000,
	0x4DF4, 0x0000,
	0x4DF6, 0x0000,
	0xFCFC, 0x2003,
	0x8000, 0xFFFE,
	0x8002, 0x2400,
	0x8004, 0xFFFD,
	0x8006, 0x0086,
	0x8008, 0x1400,
	0x800A, 0x0112,
	0x800C, 0x0A0C,
	0x800E, 0x0114,
	0x8010, 0x0103,
	0x8012, 0x0118,
	0x8014, 0x0400,
	0x8016, 0x011A,
	0x8018, 0x0100,
	0x801A, 0x011C,
	0x801C, 0x0001,
	0x801E, 0x0136,
	0x8020, 0x1800,
	0x8022, 0x013E,
	0x8024, 0x0000,
	0x8026, 0x020A,
	0x8028, 0x0000,
	0x802A, 0x021E,
	0x802C, 0x0000,
	0x802E, 0x0228,
	0x8030, 0x0001,
	0x8032, 0x0270,
	0x8034, 0x2B2C,
	0x8036, 0x0272,
	0x8038, 0x102B,
	0x803A, 0x0274,
	0x803C, 0x2B30,
	0x803E, 0x0304,
	0x8040, 0x0003,
	0x8042, 0x0306,
	0x8044, 0x00E6,
	0x8046, 0x031A,
	0x8048, 0x0003,
	0x804A, 0x031C,
	0x804C, 0x0028,
	0x804E, 0x031E,
	0x8050, 0x0002,
	0x8052, 0x0342,
	0x8054, 0x1440,
	0x8056, 0x0400,
	0x8058, 0x1010,
	0x805A, 0x0408,
	0x805C, 0x0100,
	0x805E, 0x040A,
	0x8060, 0x0100,
	0x8062, 0x040C,
	0x8064, 0x0000,
	0x8066, 0x0720,
	0x8068, 0x0001,
	0x806A, 0x0722,
	0x806C, 0x0008,
	0x806E, 0x0724,
	0x8070, 0x0000,
	0x8072, 0x0808,
	0x8074, 0x0000,
	0x8076, 0x0900,
	0x8078, 0x2222,
	0x807A, 0x0936,
	0x807C, 0x0000,
	0x807E, 0x0C40,
	0x8080, 0x0000,
	0x8082, 0x0E00,
	0x8084, 0x0300,
	0x8086, 0x22C2,
	0x8088, 0x0006,
	0x808A, 0x22C4,
	0x808C, 0x1FFF,
	0x808E, 0x22EC,
	0x8090, 0x001F,
	0x8092, 0x2306,
	0x8094, 0x3FFF,
	0x8096, 0x2314,
	0x8098, 0x00FF,
	0x809A, 0x2354,
	0x809C, 0x0003,
	0x809E, 0x23F0,
	0x80A0, 0x0100,
	0x80A2, 0x68DE,
	0x80A4, 0x0000,
	0x80A6, 0x703C,
	0x80A8, 0x0101,
	0x80AA, 0x703E,
	0x80AC, 0x0001,
	0x80AE, 0x7046,
	0x80B0, 0x027F,
	0x80B2, 0x7048,
	0x80B4, 0x009F,
	0x80B6, 0x704A,
	0x80B8, 0x0A00,
	0x80BA, 0x7058,
	0x80BC, 0x0280,
	0x80BE, 0x705A,
	0x80C0, 0x00A0,
	0x80C2, 0x705C,
	0x80C4, 0x0A01,
	0x80C6, 0x7806,
	0x80C8, 0x0100,
	0x80CA, 0x7808,
	0x80CC, 0x0824,
	0x80CE, 0x78C0,
	0x80D0, 0x0101,
	0x80D2, 0x795A,
	0x80D4, 0x0020,
	0x80D6, 0x7970,
	0x80D8, 0x0020,
	0x80DA, 0x7994,
	0x80DC, 0x2020,
	0x80DE, 0x7996,
	0x80E0, 0x0101,
	0x80E2, 0x799A,
	0x80E4, 0x0000,
	0x80E6, 0x7BDA,
	0x80E8, 0x004C,
	0x80EA, 0x7EE6,
	0x80EC, 0x002C,
	0x80EE, 0x7EF2,
	0x80F0, 0x002C,
	0x80F2, 0x7EFE,
	0x80F4, 0x0064,
	0x80F6, 0x7F0A,
	0x80F8, 0x0058,
	0x80FA, 0x7F0E,
	0x80FC, 0x0058,
	0x80FE, 0x82A2,
	0x8100, 0x0014,
	0x8102, 0x82BA,
	0x8104, 0x0033,
	0x8106, 0x8CCE,
	0x8108, 0x0096,
	0x810A, 0x8CD0,
	0x810C, 0x0096,
	0x810E, 0x8CD2,
	0x8110, 0x00BE,
	0x8112, 0x8CD6,
	0x8114, 0x0096,
	0x8116, 0x8D0E,
	0x8118, 0x0000,
	0x811A, 0x9032,
	0x811C, 0x0000,
	0x811E, 0x903E,
	0x8120, 0x0000,
	0x8122, 0xB176,
	0x8124, 0x0206,
	0x8126, 0xB178,
	0x8128, 0x0000,
	0x812A, 0xB20C,
	0x812C, 0x002E,
	0x812E, 0xB21A,
	0x8130, 0x0204,
	0x8132, 0xB23C,
	0x8134, 0x6060,
	0x8136, 0xB242,
	0x8138, 0x6060,
	0x813A, 0xB266,
	0x813C, 0x04C0,
	0x813E, 0xB268,
	0x8140, 0xF380,
	0x8142, 0xB270,
	0x8144, 0x0887,
	0x8146, 0xB322,
	0x8148, 0x0101,
	0x814A, 0xB324,
	0x814C, 0x0001,
	0x814E, 0xB330,
	0x8150, 0x2828,
	0x8152, 0xB34A,
	0x8154, 0x2828,
	0x8156, 0xB360,
	0x8158, 0x2828,
	0x815A, 0xB378,
	0x815C, 0x0001,
	0x815E, 0xBF16,
	0x8160, 0xAA0B,
	0x8162, 0xBF30,
	0x8164, 0x0000,
	0x8166, 0xBF78,
	0x8168, 0x3353,
	0x816A, 0xC4D8,
	0x816C, 0x0020,
	0x816E, 0xC4E0,
	0x8170, 0x0001,
	0x8172, 0xC4E2,
	0x8174, 0x0000,
	0x8176, 0xC4F6,
	0x8178, 0x0000,
	0x817A, 0xC53C,
	0x817C, 0x0005,
	0x817E, 0xC53E,
	0x8180, 0x0000,
	0x8182, 0xC544,
	0x8184, 0x0500,
	0x8186, 0xC554,
	0x8188, 0x1000,
	0x818A, 0xC556,
	0x818C, 0x0000,
	0x818E, 0xD1F6,
	0x8190, 0x003A,
	0x8192, 0xD20C,
	0x8194, 0x0809,
	0x8196, 0xD27A,
	0x8198, 0x0005,
	0x819A, 0xD314,
	0x819C, 0x0220,
	0x819E, 0xD326,
	0x81A0, 0x1001,
	0x81A2, 0xD3EC,
	0x81A4, 0x1CB0,
	0x81A6, 0xD3F0,
	0x81A8, 0x1CB0,
	0x81AA, 0xD410,
	0x81AC, 0x0248,
	0x81AE, 0xD412,
	0x81B0, 0x04D2,
	0x81B2, 0xD426,
	0x81B4, 0x04D2,
	0x81B6, 0xD428,
	0x81B8, 0x0AEA,
	0x81BA, 0xD43C,
	0x81BC, 0x4001,
	0x81BE, 0xD43E,
	0x81C0, 0x4001,
	0x81C2, 0xD49C,
	0x81C4, 0x0022,
	0x81C6, 0xD4A8,
	0x81C8, 0x0000,
	0x81CA, 0xD4AC,
	0x81CC, 0x0001,
	0x81CE, 0xD4B0,
	0x81D0, 0x02A0,
	0x81D2, 0xD4B4,
	0x81D4, 0x0001,
	0x81D6, 0xD4B8,
	0x81D8, 0x0014,
	0x81DA, 0xD4BC,
	0x81DC, 0x003A,
	0x81DE, 0xD4C0,
	0x81E0, 0x0014,
	0x81E2, 0xD4C4,
	0x81E4, 0x0000,
	0x81E6, 0xD4C8,
	0x81E8, 0x0001,
	0x81EA, 0xD4CC,
	0x81EC, 0x0000,
	0x81EE, 0xD4D0,
	0x81F0, 0x000A,
	0x81F2, 0xD4D2,
	0x81F4, 0x0000,
	0x81F6, 0xD4D6,
	0x81F8, 0x001A,
	0x81FA, 0xD4DA,
	0x81FC, 0x0000,
	0x81FE, 0xD4DE,
	0x8200, 0x0001,
	0x8202, 0xD4E2,
	0x8204, 0x0032,
	0x8206, 0xD4E6,
	0x8208, 0x0001,
	0x820A, 0xD4EA,
	0x820C, 0x0001,
	0x820E, 0xD4EC,
	0x8210, 0x0000,
	0x8212, 0xD4EE,
	0x8214, 0x0000,
	0x8216, 0xD4F8,
	0x8218, 0x0000,
	0x821A, 0xD4FA,
	0x821C, 0x0000,
	0x821E, 0xD554,
	0x8220, 0x00C4,
	0x8222, 0xD556,
	0x8224, 0x00F6,
	0x8226, 0xD560,
	0x8228, 0x0352,
	0x822A, 0xD562,
	0x822C, 0x0384,
	0x822E, 0xD5BC,
	0x8230, 0x0000,
	0x8232, 0xD5BE,
	0x8234, 0x0000,
	0x8236, 0xD5C8,
	0x8238, 0x0000,
	0x823A, 0xD5CA,
	0x823C, 0x0000,
	0x823E, 0xD624,
	0x8240, 0x0000,
	0x8242, 0xD62E,
	0x8244, 0x0000,
	0x8246, 0xD638,
	0x8248, 0x0000,
	0x824A, 0xD682,
	0x824C, 0x04C0,
	0x824E, 0xD684,
	0x8250, 0xF380,
	0x8252, 0xD6D4,
	0x8254, 0x0000,
	0x8256, 0xD704,
	0x8258, 0x7802,
	0x825A, 0xD718,
	0x825C, 0x0200,
	0x825E, 0xD856,
	0x8260, 0x0705,
	0x8262, 0xD896,
	0x8264, 0x0000,
	0x8266, 0xD8A2,
	0x8268, 0x0001,
	0x826A, 0xDC8C,
	0x826C, 0x2B3F,
	0x826E, 0xDC94,
	0x8270, 0x0301,
	0x8272, 0xDD70,
	0x8274, 0x0000,
	0x8276, 0xDE38,
	0x8278, 0x0000,
	0x827A, 0xE980,
	0x827C, 0x049E,
	0x827E, 0xEF80,
	0x8280, 0x0000,
	0x8282, 0xF054,
	0x8284, 0x0006,
	0x8286, 0xF09A,
	0x8288, 0xFF00,
	0x828A, 0xF0AA,
	0x828C, 0xFFFF,
	0x828E, 0xF0AC,
	0x8290, 0xFFFF,
	0x8292, 0xF288,
	0x8294, 0x0000,
	0x8296, 0xF2E0,
	0x8298, 0x0000,
	0x829A, 0xF2EA,
	0x829C, 0x0040,
	0x829E, 0xF370,
	0x82A0, 0x0302,
	0x82A2, 0xF372,
	0x82A4, 0x0000,
	0x82A6, 0xF3E4,
	0x82A8, 0x0103,
	0x82AA, 0xF3F4,
	0x82AC, 0x00C8,
	0x82AE, 0xF3F6,
	0x82B0, 0x10D6,
	0x82B2, 0xFFFE,
	0x82B4, 0x2401,
	0x82B6, 0xFFFD,
	0x82B8, 0x195E,
	0x82BA, 0x0001,
	0x82BC, 0x1966,
	0x82BE, 0x0000,
	0x82C0, 0x2540,
	0x82C2, 0x0000,
	0x82C4, 0x25E0,
	0x82C6, 0x0000,
	0x82C8, 0x25E2,
	0x82CA, 0x0000,
	0x82CC, 0x2920,
	0x82CE, 0x0001,
	0x82D0, 0x29A8,
	0x82D2, 0x0001,
	0x82D4, 0x29BA,
	0x82D6, 0x0020,
	0x82D8, 0x2A30,
	0x82DA, 0xFF01,
	0x82DC, 0x2A42,
	0x82DE, 0x0001,
	0x82E0, 0x2A44,
	0x82E2, 0x0739,
	0x82E4, 0x2A46,
	0x82E6, 0x0000,
	0x82E8, 0x2A54,
	0x82EA, 0x0000,
	0x82EC, 0x2A56,
	0x82EE, 0x0004,
	0x82F0, 0x2BB2,
	0x82F2, 0x0010,
	0x82F4, 0x2D32,
	0x82F6, 0x1000,
	0x82F8, 0x3132,
	0x82FA, 0x0002,
	0x82FC, 0x31D0,
	0x82FE, 0x0000,
	0x8300, 0x31F8,
	0x8302, 0x0000,
	0x8304, 0x31FA,
	0x8306, 0x0000,
	0x8308, 0x3C42,
	0x830A, 0x0000,
	0x830C, 0x3C46,
	0x830E, 0x05EB,
	0x8310, 0x3C52,
	0x8312, 0x0640,
	0x8314, 0x4270,
	0x8316, 0x0000,
	0x8318, 0x427C,
	0x831A, 0x0020,
	0x831C, 0x4280,
	0x831E, 0x0010,
	0x8320, 0x4290,
	0x8322, 0x0001,
	0x8324, 0x4292,
	0x8326, 0x0000,
	0x8328, 0x4362,
	0x832A, 0x0001,
	0x832C, 0x4364,
	0x832E, 0x0000,
	0x8330, 0x4366,
	0x8332, 0x0000,
	0x8334, 0x4370,
	0x8336, 0x0000,
	0x8338, 0x437E,
	0x833A, 0x00E4,
	0x833C, 0x4396,
	0x833E, 0x000B,
	0x8340, 0x4398,
	0x8342, 0x000A,
	0x8344, 0x43AA,
	0x8346, 0x0000,
	0x8348, 0x43AC,
	0x834A, 0x0000,
	0x834C, 0x43B4,
	0x834E, 0x0000,
	0x8350, 0x43B6,
	0x8352, 0x0000,
	0x8354, 0x43C6,
	0x8356, 0x1401,
	0x8358, 0x44C6,
	0x835A, 0x0000,
	0x835C, 0x5A70,
	0x835E, 0x0000,
	0x8360, 0xFFFE,
	0x8362, 0x2402,
	0x8364, 0xFFFD,
	0x8366, 0x849E,
	0x8368, 0x0000,
	0x836A, 0x84A0,
	0x836C, 0x0000,
	0x836E, 0x84A2,
	0x8370, 0x0500,
	0x8372, 0x84C4,
	0x8374, 0x0001,
	0x8376, 0xA570,
	0x8378, 0x0000,
	0x837A, 0x0000,
	0x837C, 0xFFFF,
	0x837E, 0x0008,
	0x8380, 0x2400,
	0x8382, 0x0260,
	0x8384, 0x0001,
	0x8386, 0x0000,
	0x8388, 0x0006,
	0x838A, 0x0700,
	0x838C, 0xFFFF,
	0x838E, 0x0008,
	0x8390, 0x2400,
	0x8392, 0x030C,
	0x8394, 0x0000,
	0x8396, 0x0300,
	0x8398, 0xBF00,
	0x839A, 0x0000,
	0x839C, 0xFFFF,
	0x839E, 0x0010,
	0x83A0, 0x2400,
	0x83A2, 0x0344,
	0x83A4, 0x0000,
	0x83A6, 0x0002,
	0x83A8, 0x1F20,
	0x83AA, 0x1F16,
	0x83AC, 0x0010,
	0x83AE, 0x000A,
	0x83B0, 0x0800,
	0x83B2, 0x0800,
	0x83B4, 0xFFFF,
	0x83B6, 0x0008,
	0x83B8, 0x2400,
	0x83BA, 0x0380,
	0x83BC, 0x0200,
	0x83BE, 0x0200,
	0x83C0, 0x0200,
	0x83C2, 0x0200,
	0x83C4, 0xFFFF,
	0x83C6, 0x0008,
	0x83C8, 0x2400,
	0x83CA, 0x0728,
	0x83CC, 0x0000,
	0x83CE, 0x0000,
	0x83D0, 0x0000,
	0x83D2, 0x0000,
	0x83D4, 0xFFFF,
	0x83D6, 0x000C,
	0x83D8, 0x2400,
	0x83DA, 0x0B02,
	0x83DC, 0x0102,
	0x83DE, 0x0001,
	0x83E0, 0x0101,
	0x83E2, 0x0100,
	0x83E4, 0x0101,
	0x83E6, 0x0100,
	0x83E8, 0xFFFF,
	0x83EA, 0x0008,
	0x83EC, 0x2400,
	0x83EE, 0x71D4,
	0x83F0, 0x3F00,
	0x83F2, 0x3D00,
	0x83F4, 0x84F3,
	0x83F6, 0x0040,
	0x83F8, 0xFFFF,
	0x83FA, 0x0010,
	0x83FC, 0x2400,
	0x83FE, 0x7274,
	0x8400, 0x0B00,
	0x8402, 0x0A00,
	0x8404, 0x36D2,
	0x8406, 0x0040,
	0x8408, 0x0000,
	0x840A, 0x0000,
	0x840C, 0x0000,
	0x840E, 0x0000,
	0x8410, 0xFFFF,
	0x8412, 0x0008,
	0x8414, 0x2400,
	0x8416, 0x7314,
	0x8418, 0x2E00,
	0x841A, 0x3000,
	0x841C, 0x9EFD,
	0x841E, 0x0040,
	0x8420, 0xFFFF,
	0x8422, 0x0008,
	0x8424, 0x2400,
	0x8426, 0x7A0E,
	0x8428, 0x0F00,
	0x842A, 0x0F00,
	0x842C, 0x0F00,
	0x842E, 0x0F00,
	0x8430, 0xFFFF,
	0x8432, 0x0008,
	0x8434, 0x2400,
	0x8436, 0x7A6E,
	0x8438, 0x1900,
	0x843A, 0x1900,
	0x843C, 0x1900,
	0x843E, 0x1900,
	0x8440, 0xFFFF,
	0x8442, 0x0008,
	0x8444, 0x2400,
	0x8446, 0x7A86,
	0x8448, 0x1900,
	0x844A, 0x1900,
	0x844C, 0x1900,
	0x844E, 0x1900,
	0x8450, 0xFFFF,
	0x8452, 0x0008,
	0x8454, 0x2400,
	0x8456, 0x8C9E,
	0x8458, 0x3500,
	0x845A, 0x3500,
	0x845C, 0x7000,
	0x845E, 0x3500,
	0x8460, 0xFFFF,
	0x8462, 0x000A,
	0x8464, 0x2400,
	0x8466, 0xB21E,
	0x8468, 0x0000,
	0x846A, 0x0103,
	0x846C, 0xC000,
	0x846E, 0x0103,
	0x8470, 0x0000,
	0x8472, 0xFFFF,
	0x8474, 0x000C,
	0x8476, 0x2400,
	0x8478, 0xBEDC,
	0x847A, 0xC526,
	0x847C, 0x903E,
	0x847E, 0xC00F,
	0x8480, 0x0008,
	0x8482, 0x0C00,
	0x8484, 0x8000,
	0x8486, 0xFFFF,
	0x8488, 0x0022,
	0x848A, 0x2400,
	0x848C, 0xDADA,
	0x848E, 0x0001,
	0x8490, 0x0000,
	0x8492, 0xA000,
	0x8494, 0x0001,
	0x8496, 0xA001,
	0x8498, 0x0000,
	0x849A, 0x6000,
	0x849C, 0xA000,
	0x849E, 0xC000,
	0x84A0, 0x0001,
	0x84A2, 0x4001,
	0x84A4, 0x6001,
	0x84A6, 0x0002,
	0x84A8, 0x8002,
	0x84AA, 0x2003,
	0x84AC, 0x0000,
	0x84AE, 0x0000,
	0x84B0, 0xFFFF,
	0x84B2, 0x0020,
	0x84B4, 0x2400,
	0x84B6, 0xDB0C,
	0x84B8, 0x2222,
	0x84BA, 0x3030,
	0x84BC, 0x2828,
	0x84BE, 0x2828,
	0x84C0, 0x0090,
	0x84C2, 0x0090,
	0x84C4, 0x00FF,
	0x84C6, 0x00F0,
	0x84C8, 0x00F0,
	0x84CA, 0x00D0,
	0x84CC, 0x00E0,
	0x84CE, 0x00F0,
	0x84D0, 0x00E0,
	0x84D2, 0x00D0,
	0x84D4, 0x0000,
	0x84D6, 0x0000,
	0x84D8, 0xFFFF,
	0x84DA, 0x0020,
	0x84DC, 0x2400,
	0x84DE, 0xDB3C,
	0x84E0, 0xD2FD,
	0x84E2, 0xD2FD,
	0x84E4, 0xD2FD,
	0x84E6, 0xD2FD,
	0x84E8, 0x12D2,
	0x84EA, 0x12D2,
	0x84EC, 0x12D2,
	0x84EE, 0x12D2,
	0x84F0, 0x12D2,
	0x84F2, 0x12D2,
	0x84F4, 0x12D2,
	0x84F6, 0x12D2,
	0x84F8, 0x12D2,
	0x84FA, 0x12D2,
	0x84FC, 0x0000,
	0x84FE, 0x0000,
	0x8500, 0xFFFF,
	0x8502, 0x000C,
	0x8504, 0x2400,
	0x8506, 0xDB6C,
	0x8508, 0x0000,
	0x850A, 0x0000,
	0x850C, 0x0000,
	0x850E, 0x0000,
	0x8510, 0x0000,
	0x8512, 0x0000,
	0x8514, 0xFFFF,
	0x8516, 0x000C,
	0x8518, 0x2400,
	0x851A, 0xDB9C,
	0x851C, 0x0000,
	0x851E, 0x0000,
	0x8520, 0x0000,
	0x8522, 0x0000,
	0x8524, 0x0000,
	0x8526, 0x0000,
	0x8528, 0xFFFF,
	0x852A, 0x000C,
	0x852C, 0x2400,
	0x852E, 0xDBCC,
	0x8530, 0x0000,
	0x8532, 0x0000,
	0x8534, 0x0000,
	0x8536, 0x0000,
	0x8538, 0x0000,
	0x853A, 0x0000,
	0x853C, 0xFFFF,
	0x853E, 0x0012,
	0x8540, 0x2401,
	0x8542, 0x1C24,
	0x8544, 0x0002,
	0x8546, 0x0001,
	0x8548, 0xF004,
	0x854A, 0x0010,
	0x854C, 0x2010,
	0x854E, 0x0005,
	0x8550, 0x00A0,
	0x8552, 0x5110,
	0x8554, 0x3510,
	0x8556, 0xFFFF,
	0x8558, 0x0020,
	0x855A, 0x2401,
	0x855C, 0x1C4E,
	0x855E, 0x0001,
	0x8560, 0xFD02,
	0x8562, 0x0010,
	0x8564, 0x2810,
	0x8566, 0x0003,
	0x8568, 0xF004,
	0x856A, 0x0010,
	0x856C, 0x3110,
	0x856E, 0x0005,
	0x8570, 0x00A0,
	0x8572, 0x6E10,
	0x8574, 0x6E10,
	0x8576, 0x0000,
	0x8578, 0x0000,
	0x857A, 0x0000,
	0x857C, 0x0000,
	0x857E, 0xFFFF,
	0x8580, 0x0020,
	0x8582, 0x2401,
	0x8584, 0x1C76,
	0x8586, 0x0001,
	0x8588, 0xFD02,
	0x858A, 0x0010,
	0x858C, 0x2810,
	0x858E, 0x0003,
	0x8590, 0xF004,
	0x8592, 0x0010,
	0x8594, 0x3110,
	0x8596, 0x0005,
	0x8598, 0x00A0,
	0x859A, 0x6610,
	0x859C, 0x6610,
	0x859E, 0x0000,
	0x85A0, 0x0000,
	0x85A2, 0x0000,
	0x85A4, 0x0000,
	0x85A6, 0xFFFF,
	0x85A8, 0x0010,
	0x85AA, 0x2401,
	0x85AC, 0x1C9E,
	0x85AE, 0x0001,
	0x85B0, 0xF004,
	0x85B2, 0x0010,
	0x85B4, 0x2010,
	0x85B6, 0x0005,
	0x85B8, 0x00A0,
	0x85BA, 0x5110,
	0x85BC, 0x3510,
	0x85BE, 0xFFFF,
	0x85C0, 0x0010,
	0x85C2, 0x2401,
	0x85C4, 0x1CC6,
	0x85C6, 0x0001,
	0x85C8, 0xF004,
	0x85CA, 0x0010,
	0x85CC, 0x2010,
	0x85CE, 0x0005,
	0x85D0, 0x00A0,
	0x85D2, 0x5110,
	0x85D4, 0x3510,
	0x85D6, 0xFFFF,
	0x85D8, 0x0020,
	0x85DA, 0x2401,
	0x85DC, 0x1CEE,
	0x85DE, 0x0001,
	0x85E0, 0xFD02,
	0x85E2, 0x0010,
	0x85E4, 0x2810,
	0x85E6, 0x0003,
	0x85E8, 0xF004,
	0x85EA, 0x0010,
	0x85EC, 0x3110,
	0x85EE, 0x0005,
	0x85F0, 0x00A0,
	0x85F2, 0x6E10,
	0x85F4, 0x6E10,
	0x85F6, 0x0000,
	0x85F8, 0x0000,
	0x85FA, 0x0000,
	0x85FC, 0x0000,
	0x85FE, 0xFFFF,
	0x8600, 0x0020,
	0x8602, 0x2401,
	0x8604, 0x1D16,
	0x8606, 0x0001,
	0x8608, 0xFD02,
	0x860A, 0x0010,
	0x860C, 0x2810,
	0x860E, 0x0003,
	0x8610, 0xF004,
	0x8612, 0x0010,
	0x8614, 0x3110,
	0x8616, 0x0005,
	0x8618, 0x00A0,
	0x861A, 0x6610,
	0x861C, 0x6610,
	0x861E, 0x0000,
	0x8620, 0x0000,
	0x8622, 0x0000,
	0x8624, 0x0000,
	0x8626, 0xFFFF,
	0x8628, 0x0010,
	0x862A, 0x2401,
	0x862C, 0x1D3E,
	0x862E, 0x0001,
	0x8630, 0xF004,
	0x8632, 0x0010,
	0x8634, 0x2010,
	0x8636, 0x0005,
	0x8638, 0x00A0,
	0x863A, 0x5110,
	0x863C, 0x3510,
	0x863E, 0xFFFF,
	0x8640, 0x0008,
	0x8642, 0x2401,
	0x8644, 0x1D72,
	0x8646, 0x0000,
	0x8648, 0x0000,
	0x864A, 0x0000,
	0x864C, 0x0000,
	0x864E, 0xFFFF,
	0x8650, 0x0008,
	0x8652, 0x2401,
	0x8654, 0x1D82,
	0x8656, 0x0000,
	0x8658, 0x0000,
	0x865A, 0x0000,
	0x865C, 0x0000,
	0x865E, 0xFFFF,
	0x8660, 0x0008,
	0x8662, 0x2401,
	0x8664, 0x1D92,
	0x8666, 0x0000,
	0x8668, 0x0000,
	0x866A, 0x0000,
	0x866C, 0x0000,
	0x866E, 0xFFFF,
	0x8670, 0x0008,
	0x8672, 0x2401,
	0x8674, 0x1DA2,
	0x8676, 0x0000,
	0x8678, 0x0000,
	0x867A, 0x0000,
	0x867C, 0x0000,
	0x867E, 0xFFFF,
	0x8680, 0x0008,
	0x8682, 0x2401,
	0x8684, 0x1DF2,
	0x8686, 0x0F00,
	0x8688, 0x0F00,
	0x868A, 0x0F00,
	0x868C, 0x0F00,
	0x868E, 0xFFFF,
	0x8690, 0x0008,
	0x8692, 0x2401,
	0x8694, 0x1E02,
	0x8696, 0x0F00,
	0x8698, 0x0F00,
	0x869A, 0x0F00,
	0x869C, 0x0F00,
	0x869E, 0xFFFF,
	0x86A0, 0x0008,
	0x86A2, 0x2401,
	0x86A4, 0x1E12,
	0x86A6, 0x0F00,
	0x86A8, 0x0F00,
	0x86AA, 0x0F00,
	0x86AC, 0x0F00,
	0x86AE, 0xFFFF,
	0x86B0, 0x0008,
	0x86B2, 0x2401,
	0x86B4, 0x1E22,
	0x86B6, 0x0F00,
	0x86B8, 0x0F00,
	0x86BA, 0x0F00,
	0x86BC, 0x0F00,
	0x86BE, 0xFFFF,
	0x86C0, 0x0010,
	0x86C2, 0x2402,
	0x86C4, 0xA548,
	0x86C6, 0x0000,
	0x86C8, 0x0000,
	0x86CA, 0x0000,
	0x86CC, 0x0000,
	0x86CE, 0x0000,
	0x86D0, 0x0000,
	0x86D2, 0x0000,
	0x86D4, 0x0000,
	0x86D6, 0xFFFF,
	0x86D8, 0x0010,
	0x86DA, 0x2402,
	0x86DC, 0xA55C,
	0x86DE, 0x0000,
	0x86E0, 0x0000,
	0x86E2, 0x0000,
	0x86E4, 0x0000,
	0x86E6, 0x0000,
	0x86E8, 0x0000,
	0x86EA, 0x0000,
	0x86EC, 0x0000,
	0x86EE, 0xFFFF,
	0x86F0, 0x002C,
	0x86F2, 0x2402,
	0x86F4, 0xA574,
	0x86F6, 0x0100,
	0x86F8, 0x4000,
	0x86FA, 0x8000,
	0x86FC, 0xA000,
	0x86FE, 0x4001,
	0x8700, 0x8002,
	0x8702, 0x0005,
	0x8704, 0x000A,
	0x8706, 0xA00F,
	0x8708, 0x4011,
	0x870A, 0x0E00,
	0x870C, 0x2000,
	0x870E, 0x2800,
	0x8710, 0x1400,
	0x8712, 0x2200,
	0x8714, 0x2800,
	0x8716, 0x2C00,
	0x8718, 0x2E00,
	0x871A, 0x3200,
	0x871C, 0x3500,
	0x871E, 0xA2FD,
	0x8720, 0xFEFE,
	0x8722, 0x0000,
	0x8724, 0x0000,
	0x8726, 0x0000,
	0x8738, 0xFFFE,
	0x873A, 0x2400,
	0x873C, 0xFFFD,
	0x873E, 0x0086,
	0x8740, 0x0280,
	0x8742, 0x021E,
	0x8744, 0x0006,
	0x8746, 0x0270,
	0x8748, 0x2B2B,
	0x874A, 0x0272,
	0x874C, 0x102C,
	0x874E, 0x0342,
	0x8750, 0x2560,
	0x8752, 0x0722,
	0x8754, 0x0020,
	0x8756, 0x703E,
	0x8758, 0x0000,
	0x875A, 0x704A,
	0x875C, 0x0400,
	0x875E, 0x705C,
	0x8760, 0x0400,
	0x8762, 0x7808,
	0x8764, 0x0836,
	0x8766, 0x7996,
	0x8768, 0x0001,
	0x876A, 0x7BDA,
	0x876C, 0x003C,
	0x876E, 0x8CA2,
	0x8770, 0x0050,
	0x8772, 0xB268,
	0x8774, 0xE380,
	0x8776, 0xC4D8,
	0x8778, 0x0010,
	0x877A, 0xD49C,
	0x877C, 0x0021,
	0x877E, 0xD4A8,
	0x8780, 0x0001,
	0x8782, 0xD4B0,
	0x8784, 0x037E,
	0x8786, 0xD4BC,
	0x8788, 0x040B,
	0x878A, 0xD4E2,
	0x878C, 0x0036,
	0x878E, 0xD556,
	0x8790, 0x00FA,
	0x8792, 0xD562,
	0x8794, 0x0388,
	0x8796, 0xD684,
	0x8798, 0xE380,
	0x879A, 0xD704,
	0x879C, 0x7800,
	0x879E, 0xDAF6,
	0x87A0, 0x0000,
	0x87A2, 0xDB26,
	0x87A4, 0x0000,
	0x87A6, 0xDB56,
	0x87A8, 0x0000,
	0x87AA, 0xFFFE,
	0x87AC, 0x2401,
	0x87AE, 0xFFFD,
	0x87B0, 0x195E,
	0x87B2, 0x0101,
	0x87B4, 0x1966,
	0x87B6, 0x0002,
	0x87B8, 0x1C26,
	0x87BA, 0x0180,
	0x87BC, 0x1C2A,
	0x87BE, 0x1020,
	0x87C0, 0x1C2C,
	0x87C2, 0x1056,
	0x87C4, 0x1C32,
	0x87C6, 0x10B6,
	0x87C8, 0x1C34,
	0x87CA, 0x1170,
	0x87CC, 0x1C62,
	0x87CE, 0x10DA,
	0x87D0, 0x1C64,
	0x87D2, 0x1170,
	0x87D4, 0x1C8A,
	0x87D6, 0x10DD,
	0x87D8, 0x1C8C,
	0x87DA, 0x1170,
	0x87DC, 0x1C9E,
	0x87DE, 0x0180,
	0x87E0, 0x1CA2,
	0x87E2, 0x1020,
	0x87E4, 0x1CA4,
	0x87E6, 0x1056,
	0x87E8, 0x1CAA,
	0x87EA, 0x10C4,
	0x87EC, 0x1CAC,
	0x87EE, 0x1170,
	0x87F0, 0x1CC6,
	0x87F2, 0x0180,
	0x87F4, 0x1CCA,
	0x87F6, 0x1020,
	0x87F8, 0x1CCC,
	0x87FA, 0x1056,
	0x87FC, 0x1CD2,
	0x87FE, 0x10B6,
	0x8800, 0x1CD4,
	0x8802, 0x1170,
	0x8804, 0x1D02,
	0x8806, 0x10DA,
	0x8808, 0x1D04,
	0x880A, 0x1170,
	0x880C, 0x1D2A,
	0x880E, 0x10DD,
	0x8810, 0x1D2C,
	0x8812, 0x1170,
	0x8814, 0x1D3E,
	0x8816, 0x0180,
	0x8818, 0x1D42,
	0x881A, 0x1020,
	0x881C, 0x1D44,
	0x881E, 0x1056,
	0x8820, 0x1D4A,
	0x8822, 0x10C4,
	0x8824, 0x1D4C,
	0x8826, 0x1170,
	0x8828, 0x2A30,
	0x882A, 0xFF00,
	0x882C, 0x43C6,
	0x882E, 0x0280,
	0x8830, 0xFFFE,
	0x8832, 0x2402,
	0x8834, 0xFFFD,
	0x8836, 0x84C4,
	0x8838, 0x0000,
	0x883A, 0x0000,
	0x883C, 0xFFFF,
	0x883E, 0x0008,
	0x8840, 0x2400,
	0x8842, 0x7314,
	0x8844, 0x0000,
	0x8846, 0x0000,
	0x8848, 0x0000,
	0x884A, 0x0000,
	0x884C, 0xFFFF,
	0x884E, 0x0012,
	0x8850, 0x2401,
	0x8852, 0x1C4E,
	0x8854, 0x8001,
	0x8856, 0xF004,
	0x8858, 0x2810,
	0x885A, 0x5110,
	0x885C, 0x0005,
	0x885E, 0xF009,
	0x8860, 0x9710,
	0x8862, 0xDA10,
	0x8864, 0x000A,
	0x8866, 0xFFFF,
	0x8868, 0x0012,
	0x886A, 0x2401,
	0x886C, 0x1C76,
	0x886E, 0x8001,
	0x8870, 0xF004,
	0x8872, 0x2810,
	0x8874, 0x6610,
	0x8876, 0x0005,
	0x8878, 0xF009,
	0x887A, 0x7210,
	0x887C, 0xDD10,
	0x887E, 0x000A,
	0x8880, 0xFFFF,
	0x8882, 0x0012,
	0x8884, 0x2401,
	0x8886, 0x1CEE,
	0x8888, 0x8001,
	0x888A, 0xF004,
	0x888C, 0x2810,
	0x888E, 0x5110,
	0x8890, 0x0005,
	0x8892, 0xF009,
	0x8894, 0x9710,
	0x8896, 0xDA10,
	0x8898, 0x000A,
	0x889A, 0xFFFF,
	0x889C, 0x0012,
	0x889E, 0x2401,
	0x88A0, 0x1D16,
	0x88A2, 0x8001,
	0x88A4, 0xF004,
	0x88A6, 0x2810,
	0x88A8, 0x6610,
	0x88AA, 0x0005,
	0x88AC, 0xF009,
	0x88AE, 0x7210,
	0x88B0, 0xDD10,
	0x88B2, 0x000A,
	0x88B4, 0xFFFF,
	0x88B6, 0x0008,
	0x88B8, 0x2401,
	0x88BA, 0x1D72,
	0x88BC, 0x0600,
	0x88BE, 0x0600,
	0x88C0, 0x0600,
	0x88C2, 0x0600,
	0x88C4, 0xFFFF,
	0x88C6, 0x0008,
	0x88C8, 0x2401,
	0x88CA, 0x1D82,
	0x88CC, 0x0600,
	0x88CE, 0x0600,
	0x88D0, 0x0600,
	0x88D2, 0x0600,
	0x88D4, 0xFFFF,
	0x88D6, 0x0008,
	0x88D8, 0x2401,
	0x88DA, 0x1D92,
	0x88DC, 0x0600,
	0x88DE, 0x0600,
	0x88E0, 0x0600,
	0x88E2, 0x0600,
	0x88E4, 0xFFFF,
	0x88E6, 0x0008,
	0x88E8, 0x2401,
	0x88EA, 0x1DA2,
	0x88EC, 0x0600,
	0x88EE, 0x0600,
	0x88F0, 0x0600,
	0x88F2, 0x0600,
	0x88F4, 0xFFFF,
	0x88F6, 0x0008,
	0x88F8, 0x2401,
	0x88FA, 0x1DF2,
	0x88FC, 0xFAFF,
	0x88FE, 0xFAFF,
	0x8900, 0x0600,
	0x8902, 0x0600,
	0x8904, 0xFFFF,
	0x8906, 0x0008,
	0x8908, 0x2401,
	0x890A, 0x1E02,
	0x890C, 0xFAFF,
	0x890E, 0xFAFF,
	0x8910, 0x0600,
	0x8912, 0x0600,
	0x8914, 0xFFFF,
	0x8916, 0x0008,
	0x8918, 0x2401,
	0x891A, 0x1E12,
	0x891C, 0x0600,
	0x891E, 0x0600,
	0x8920, 0xFAFF,
	0x8922, 0xFAFF,
	0x8924, 0xFFFF,
	0x8926, 0x0008,
	0x8928, 0x2401,
	0x892A, 0x1E22,
	0x892C, 0x0600,
	0x892E, 0x0600,
	0x8930, 0xFAFF,
	0x8932, 0xFAFF,
	0x8934, 0x0000,
	0x8936, 0x0000,
	0x8948, 0xFFFE,
	0x894A, 0x2400,
	0x894C, 0xFFFD,
	0x894E, 0x0086,
	0x8950, 0x0200,
	0x8952, 0x0342,
	0x8954, 0x23F0,
	0x8956, 0x0350,
	0x8958, 0x0010,
	0x895A, 0x0352,
	0x895C, 0x0010,
	0x895E, 0x0900,
	0x8960, 0x1100,
	0x8962, 0x0B02,
	0x8964, 0x0101,
	0x8966, 0x0B08,
	0x8968, 0x0101,
	0x896A, 0x703C,
	0x896C, 0x0100,
	0x896E, 0x703E,
	0x8970, 0x0000,
	0x8972, 0x7048,
	0x8974, 0x002F,
	0x8976, 0x704A,
	0x8978, 0x0400,
	0x897A, 0x705A,
	0x897C, 0x0030,
	0x897E, 0x705C,
	0x8980, 0x0400,
	0x8982, 0x7274,
	0x8984, 0x000F,
	0x8986, 0x7276,
	0x8988, 0x000E,
	0x898A, 0x795A,
	0x898C, 0x0010,
	0x898E, 0x7970,
	0x8990, 0x0010,
	0x8992, 0x7996,
	0x8994, 0x0001,
	0x8996, 0x7A0E,
	0x8998, 0x001E,
	0x899A, 0x7A6E,
	0x899C, 0x0028,
	0x899E, 0x7A86,
	0x89A0, 0x0028,
	0x89A2, 0x7BDA,
	0x89A4, 0x003C,
	0x89A6, 0x82A2,
	0x89A8, 0x0012,
	0x89AA, 0x82BA,
	0x89AC, 0x0036,
	0x89AE, 0x8C9E,
	0x89B0, 0x0050,
	0x89B2, 0x8CA2,
	0x89B4, 0x0035,
	0x89B6, 0x8CCE,
	0x89B8, 0x012C,
	0x89BA, 0x8CD2,
	0x89BC, 0x0096,
	0x89BE, 0xB176,
	0x89C0, 0x0006,
	0x89C2, 0xB220,
	0x89C4, 0x0000,
	0x89C6, 0xB268,
	0x89C8, 0x0440,
	0x89CA, 0xC4E2,
	0x89CC, 0x0002,
	0x89CE, 0xC53C,
	0x89D0, 0x0001,
	0x89D2, 0xC554,
	0x89D4, 0x0D53,
	0x89D6, 0xD326,
	0x89D8, 0x2001,
	0x89DA, 0xD3EC,
	0x89DC, 0x1CB1,
	0x89DE, 0xD49C,
	0x89E0, 0x0003,
	0x89E2, 0xD4A8,
	0x89E4, 0x0001,
	0x89E6, 0xD4AC,
	0x89E8, 0x037E,
	0x89EA, 0xD4B0,
	0x89EC, 0x0001,
	0x89EE, 0xD4B8,
	0x89F0, 0x0035,
	0x89F2, 0xD4BC,
	0x89F4, 0x0014,
	0x89F6, 0xD4C4,
	0x89F8, 0x0001,
	0x89FA, 0xD4C8,
	0x89FC, 0x0000,
	0x89FE, 0xD4D0,
	0x8A00, 0x0011,
	0x8A02, 0xD4D2,
	0x8A04, 0x0020,
	0x8A06, 0xD4D6,
	0x8A08, 0x0000,
	0x8A0A, 0xD4DE,
	0x8A0C, 0x0028,
	0x8A0E, 0xD4E2,
	0x8A10, 0x0001,
	0x8A12, 0xD4EC,
	0x8A14, 0x00BE,
	0x8A16, 0xD4EE,
	0x8A18, 0x00E6,
	0x8A1A, 0xD4F8,
	0x8A1C, 0x01F0,
	0x8A1E, 0xD4FA,
	0x8A20, 0x0218,
	0x8A22, 0xD554,
	0x8A24, 0x0000,
	0x8A26, 0xD556,
	0x8A28, 0x0000,
	0x8A2A, 0xD560,
	0x8A2C, 0x0000,
	0x8A2E, 0xD562,
	0x8A30, 0x0000,
	0x8A32, 0xD684,
	0x8A34, 0x0440,
	0x8A36, 0xDADE,
	0x8A38, 0x0040,
	0x8A3A, 0xDAE0,
	0x8A3C, 0x0000,
	0x8A3E, 0xDAE2,
	0x8A40, 0x0000,
	0x8A42, 0xDB40,
	0x8A44, 0x0000,
	0x8A46, 0xDB42,
	0x8A48, 0x0000,
	0x8A4A, 0xDC94,
	0x8A4C, 0x0001,
	0x8A4E, 0xE980,
	0x8A50, 0x0500,
	0x8A52, 0xF3F4,
	0x8A54, 0x08C8,
	0x8A56, 0xF3F6,
	0x8A58, 0x10D7,
	0x8A5A, 0xFFFE,
	0x8A5C, 0x2401,
	0x8A5E, 0xFFFD,
	0x8A60, 0x1C28,
	0x8A62, 0x03FF,
	0x8A64, 0x1C50,
	0x8A66, 0x03FF,
	0x8A68, 0x1C78,
	0x8A6A, 0x03FF,
	0x8A6C, 0x1CA0,
	0x8A6E, 0x03FF,
	0x8A70, 0x1D72,
	0x8A72, 0x0003,
	0x8A74, 0x1D74,
	0x8A76, 0x0003,
	0x8A78, 0x1D82,
	0x8A7A, 0x0003,
	0x8A7C, 0x1D84,
	0x8A7E, 0x0003,
	0x8A80, 0x2540,
	0x8A82, 0x0002,
	0x8A84, 0x29A8,
	0x8A86, 0x0002,
	0x8A88, 0x29BA,
	0x8A8A, 0x00FF,
	0x8A8C, 0x2A44,
	0x8A8E, 0x04B0,
	0x8A90, 0x2A56,
	0x8A92, 0x0008,
	0x8A94, 0x3132,
	0x8A96, 0x0001,
	0x8A98, 0x31D0,
	0x8A9A, 0x0002,
	0x8A9C, 0x31F8,
	0x8A9E, 0x0001,
	0x8AA0, 0x31FA,
	0x8AA2, 0x04CD,
	0x8AA4, 0x4396,
	0x8AA6, 0x000F,
	0x8AA8, 0x4398,
	0x8AAA, 0x000E,
	0x8AAC, 0x43C6,
	0x8AAE, 0x0200,
	0x8AB0, 0xFFFE,
	0x8AB2, 0x2402,
	0x8AB4, 0xFFFD,
	0x8AB6, 0x84C4,
	0x8AB8, 0x0000,
	0x8ABA, 0xA598,
	0x8ABC, 0x002E,
	0x8ABE, 0xA59A,
	0x8AC0, 0x0030,
	0x8AC2, 0x0000,
	0x8AC4, 0xFFFF,
	0x8AC6, 0x0008,
	0x8AC8, 0x2400,
	0x8ACA, 0x0344,
	0x8ACC, 0x0008,
	0x8ACE, 0x0007,
	0x8AD0, 0x1F18,
	0x8AD2, 0x1F11,
	0x8AD4, 0xFFFF,
	0x8AD6, 0x0008,
	0x8AD8, 0x2400,
	0x8ADA, 0x0380,
	0x8ADC, 0x0100,
	0x8ADE, 0x0100,
	0x8AE0, 0x0100,
	0x8AE2, 0x0100,
	0x8AE4, 0xFFFF,
	0x8AE6, 0x0008,
	0x8AE8, 0x2400,
	0x8AEA, 0x7314,
	0x8AEC, 0x0000,
	0x8AEE, 0x0000,
	0x8AF0, 0x0000,
	0x8AF2, 0x0000,
	0x8AF4, 0xFFFF,
	0x8AF6, 0x0012,
	0x8AF8, 0x2400,
	0x8AFA, 0xDAE6,
	0x8AFC, 0x3000,
	0x8AFE, 0x8001,
	0x8B00, 0x0000,
	0x8B02, 0x0000,
	0x8B04, 0x0000,
	0x8B06, 0x0000,
	0x8B08, 0x0000,
	0x8B0A, 0x0000,
	0x8B0C, 0x0000,
	0x8B0E, 0xFFFF,
	0x8B10, 0x001C,
	0x8B12, 0x2400,
	0x8B14, 0xDB0C,
	0x8B16, 0x3F3F,
	0x8B18, 0x1F1F,
	0x8B1A, 0x0000,
	0x8B1C, 0x0000,
	0x8B1E, 0x0000,
	0x8B20, 0x0080,
	0x8B22, 0x0000,
	0x8B24, 0x0000,
	0x8B26, 0x0000,
	0x8B28, 0x0000,
	0x8B2A, 0x0000,
	0x8B2C, 0x0000,
	0x8B2E, 0x0000,
	0x8B30, 0x0000,
	0x8B32, 0xFFFF,
	0x8B34, 0x000E,
	0x8B36, 0x2400,
	0x8B38, 0xDB4A,
	0x8B3A, 0x0000,
	0x8B3C, 0x0000,
	0x8B3E, 0x0000,
	0x8B40, 0x0000,
	0x8B42, 0x0000,
	0x8B44, 0x0000,
	0x8B46, 0x0000,
	0x8B48, 0xFFFF,
	0x8B4A, 0x000A,
	0x8B4C, 0x2401,
	0x8B4E, 0x1C2C,
	0x8B50, 0xD70F,
	0x8B52, 0x0004,
	0x8B54, 0x0010,
	0x8B56, 0xD70F,
	0x8B58, 0xC20F,
	0x8B5A, 0xFFFF,
	0x8B5C, 0x0012,
	0x8B5E, 0x2401,
	0x8B60, 0x1C54,
	0x8B62, 0xD70F,
	0x8B64, 0x0004,
	0x8B66, 0x0010,
	0x8B68, 0xD70F,
	0x8B6A, 0xC20F,
	0x8B6C, 0x0000,
	0x8B6E, 0x0000,
	0x8B70, 0x0000,
	0x8B72, 0x0000,
	0x8B74, 0xFFFF,
	0x8B76, 0x0012,
	0x8B78, 0x2401,
	0x8B7A, 0x1C7C,
	0x8B7C, 0xD70F,
	0x8B7E, 0x0004,
	0x8B80, 0x0010,
	0x8B82, 0xD70F,
	0x8B84, 0xC20F,
	0x8B86, 0x0000,
	0x8B88, 0x0000,
	0x8B8A, 0x0000,
	0x8B8C, 0x0000,
	0x8B8E, 0xFFFF,
	0x8B90, 0x000A,
	0x8B92, 0x2401,
	0x8B94, 0x1CA4,
	0x8B96, 0xD70F,
	0x8B98, 0x0004,
	0x8B9A, 0x0010,
	0x8B9C, 0xD70F,
	0x8B9E, 0xC20F,
	0x8BA0, 0xFFFF,
	0x8BA2, 0x0010,
	0x8BA4, 0x2401,
	0x8BA6, 0x1CC6,
	0x8BA8, 0x0000,
	0x8BAA, 0x0000,
	0x8BAC, 0x0000,
	0x8BAE, 0x0000,
	0x8BB0, 0x0000,
	0x8BB2, 0x0000,
	0x8BB4, 0x0000,
	0x8BB6, 0x0000,
	0x8BB8, 0xFFFF,
	0x8BBA, 0x0018,
	0x8BBC, 0x2401,
	0x8BBE, 0x1CEE,
	0x8BC0, 0x0000,
	0x8BC2, 0x0000,
	0x8BC4, 0x0000,
	0x8BC6, 0x0000,
	0x8BC8, 0x0000,
	0x8BCA, 0x0000,
	0x8BCC, 0x0000,
	0x8BCE, 0x0000,
	0x8BD0, 0x0000,
	0x8BD2, 0x0000,
	0x8BD4, 0x0000,
	0x8BD6, 0x0000,
	0x8BD8, 0xFFFF,
	0x8BDA, 0x0018,
	0x8BDC, 0x2401,
	0x8BDE, 0x1D16,
	0x8BE0, 0x0000,
	0x8BE2, 0x0000,
	0x8BE4, 0x0000,
	0x8BE6, 0x0000,
	0x8BE8, 0x0000,
	0x8BEA, 0x0000,
	0x8BEC, 0x0000,
	0x8BEE, 0x0000,
	0x8BF0, 0x0000,
	0x8BF2, 0x0000,
	0x8BF4, 0x0000,
	0x8BF6, 0x0000,
	0x8BF8, 0xFFFF,
	0x8BFA, 0x0010,
	0x8BFC, 0x2401,
	0x8BFE, 0x1D3E,
	0x8C00, 0x0000,
	0x8C02, 0x0000,
	0x8C04, 0x0000,
	0x8C06, 0x0000,
	0x8C08, 0x0000,
	0x8C0A, 0x0000,
	0x8C0C, 0x0000,
	0x8C0E, 0x0000,
	0x8C10, 0xFFFF,
	0x8C12, 0x0008,
	0x8C14, 0x2401,
	0x8C16, 0x1DF2,
	0x8C18, 0x0300,
	0x8C1A, 0x0300,
	0x8C1C, 0x0600,
	0x8C1E, 0x0600,
	0x8C20, 0xFFFF,
	0x8C22, 0x0008,
	0x8C24, 0x2401,
	0x8C26, 0x1E02,
	0x8C28, 0x0300,
	0x8C2A, 0x0300,
	0x8C2C, 0x0600,
	0x8C2E, 0x0600,
	0x8C30, 0xFFFF,
	0x8C32, 0x0008,
	0x8C34, 0x2401,
	0x8C36, 0x1E12,
	0x8C38, 0x0600,
	0x8C3A, 0x0600,
	0x8C3C, 0x0600,
	0x8C3E, 0x0600,
	0x8C40, 0xFFFF,
	0x8C42, 0x0008,
	0x8C44, 0x2401,
	0x8C46, 0x1E22,
	0x8C48, 0x0600,
	0x8C4A, 0x0600,
	0x8C4C, 0x0600,
	0x8C4E, 0x0600,
	0x8C50, 0xFFFF,
	0x8C52, 0x001C,
	0x8C54, 0x2402,
	0x8C56, 0xA57A,
	0x8C58, 0x0001,
	0x8C5A, 0x0002,
	0x8C5C, 0x0002,
	0x8C5E, 0x0002,
	0x8C60, 0x0002,
	0x8C62, 0x0002,
	0x8C64, 0x0002,
	0x8C66, 0x0800,
	0x8C68, 0x2100,
	0x8C6A, 0x2900,
	0x8C6C, 0x2E00,
	0x8C6E, 0x2E00,
	0x8C70, 0x2E00,
	0x8C72, 0x2E00,
	0x8C74, 0x0000,
	0x8C76, 0x0000,
	0xFCFC, 0x4000,
};

static u16 goyas5kjn5dtele_fcm4_setting[] = {
	0xFCFC, 0x4000,
	0x0B30, 0x01FF,
	0xFCFC, 0x2000,
	0x3D44, 0x0000,
	0x3D88, 0xFCFC,
	0x3D8A, 0xFEFF,
	0x3D8C, 0xFCFC,
	0x3D8E, 0xFEFF,
	0x3D90, 0xFCFC,
	0x3D92, 0xFEFF,
	0x3D94, 0xFCFC,
	0x3D96, 0xFEFF,
	0x3FE0, 0x0324,
	0x3FE2, 0x0080,
	0x3FE4, 0x0000,
	0x3FE6, 0x0000,
	0x4238, 0x0324,
	0x423A, 0x0080,
	0x423C, 0x0324,
	0x423E, 0x3887,
	0x4240, 0x0000,
	0x4242, 0x0000,
	0x4490, 0x0324,
	0x4492, 0x0080,
	0x4494, 0x0324,
	0x4496, 0x3489,
	0x4498, 0x0000,
	0x449A, 0x0000,
	0x46E8, 0x0000,
	0x46EA, 0x0000,
	0x46EC, 0x0000,
	0x46EE, 0x0000,
	0x46F0, 0x0000,
	0x46F2, 0x0000,
	0x4940, 0x0000,
	0x4942, 0x0000,
	0x4944, 0x0000,
	0x4946, 0x0000,
	0x4B98, 0x0000,
	0x4B9A, 0x0000,
	0x4B9C, 0x0000,
	0x4B9E, 0x0000,
	0x4DF0, 0x0000,
	0x4DF2, 0x0000,
	0x4DF4, 0x0000,
	0x4DF6, 0x0000,
	0xFCFC, 0x2003,
	0x8000, 0xFFFE,
	0x8002, 0x2400,
	0x8004, 0xFFFD,
	0x8006, 0x0086,
	0x8008, 0x1400,
	0x800A, 0x0112,
	0x800C, 0x0A0C,
	0x800E, 0x0114,
	0x8010, 0x0103,
	0x8012, 0x0118,
	0x8014, 0x0400,
	0x8016, 0x011A,
	0x8018, 0x0100,
	0x801A, 0x011C,
	0x801C, 0x0001,
	0x801E, 0x0136,
	0x8020, 0x1800,
	0x8022, 0x013E,
	0x8024, 0x0000,
	0x8026, 0x020A,
	0x8028, 0x0000,
	0x802A, 0x021E,
	0x802C, 0x0000,
	0x802E, 0x0228,
	0x8030, 0x0001,
	0x8032, 0x0270,
	0x8034, 0x2B2C,
	0x8036, 0x0272,
	0x8038, 0x102B,
	0x803A, 0x0274,
	0x803C, 0x2B30,
	0x803E, 0x0304,
	0x8040, 0x0003,
	0x8042, 0x0306,
	0x8044, 0x00E6,
	0x8046, 0x031A,
	0x8048, 0x0003,
	0x804A, 0x031C,
	0x804C, 0x0028,
	0x804E, 0x031E,
	0x8050, 0x0002,
	0x8052, 0x0342,
	0x8054, 0x1440,
	0x8056, 0x0400,
	0x8058, 0x1010,
	0x805A, 0x0408,
	0x805C, 0x0100,
	0x805E, 0x040A,
	0x8060, 0x0100,
	0x8062, 0x040C,
	0x8064, 0x0000,
	0x8066, 0x0720,
	0x8068, 0x0001,
	0x806A, 0x0722,
	0x806C, 0x0008,
	0x806E, 0x0724,
	0x8070, 0x0000,
	0x8072, 0x0808,
	0x8074, 0x0000,
	0x8076, 0x0900,
	0x8078, 0x2222,
	0x807A, 0x0936,
	0x807C, 0x0000,
	0x807E, 0x0C40,
	0x8080, 0x0000,
	0x8082, 0x0E00,
	0x8084, 0x0300,
	0x8086, 0x22C2,
	0x8088, 0x0006,
	0x808A, 0x22C4,
	0x808C, 0x1FFF,
	0x808E, 0x22EC,
	0x8090, 0x001F,
	0x8092, 0x2306,
	0x8094, 0x3FFF,
	0x8096, 0x2314,
	0x8098, 0x00FF,
	0x809A, 0x2354,
	0x809C, 0x0003,
	0x809E, 0x23F0,
	0x80A0, 0x0100,
	0x80A2, 0x68DE,
	0x80A4, 0x0000,
	0x80A6, 0x703C,
	0x80A8, 0x0101,
	0x80AA, 0x703E,
	0x80AC, 0x0001,
	0x80AE, 0x7046,
	0x80B0, 0x027F,
	0x80B2, 0x7048,
	0x80B4, 0x009F,
	0x80B6, 0x704A,
	0x80B8, 0x0A00,
	0x80BA, 0x7058,
	0x80BC, 0x0280,
	0x80BE, 0x705A,
	0x80C0, 0x00A0,
	0x80C2, 0x705C,
	0x80C4, 0x0A01,
	0x80C6, 0x7806,
	0x80C8, 0x0100,
	0x80CA, 0x7808,
	0x80CC, 0x0824,
	0x80CE, 0x78C0,
	0x80D0, 0x0101,
	0x80D2, 0x795A,
	0x80D4, 0x0020,
	0x80D6, 0x7970,
	0x80D8, 0x0020,
	0x80DA, 0x7994,
	0x80DC, 0x2020,
	0x80DE, 0x7996,
	0x80E0, 0x0101,
	0x80E2, 0x799A,
	0x80E4, 0x0000,
	0x80E6, 0x7BDA,
	0x80E8, 0x004C,
	0x80EA, 0x7EE6,
	0x80EC, 0x002C,
	0x80EE, 0x7EF2,
	0x80F0, 0x002C,
	0x80F2, 0x7EFE,
	0x80F4, 0x0064,
	0x80F6, 0x7F0A,
	0x80F8, 0x0058,
	0x80FA, 0x7F0E,
	0x80FC, 0x0058,
	0x80FE, 0x82A2,
	0x8100, 0x0014,
	0x8102, 0x82BA,
	0x8104, 0x0033,
	0x8106, 0x8CCE,
	0x8108, 0x0096,
	0x810A, 0x8CD0,
	0x810C, 0x0096,
	0x810E, 0x8CD2,
	0x8110, 0x00BE,
	0x8112, 0x8CD6,
	0x8114, 0x0096,
	0x8116, 0x8D0E,
	0x8118, 0x0000,
	0x811A, 0x9032,
	0x811C, 0x0000,
	0x811E, 0x903E,
	0x8120, 0x0000,
	0x8122, 0xB176,
	0x8124, 0x0206,
	0x8126, 0xB178,
	0x8128, 0x0000,
	0x812A, 0xB20C,
	0x812C, 0x002E,
	0x812E, 0xB21A,
	0x8130, 0x0204,
	0x8132, 0xB23C,
	0x8134, 0x6060,
	0x8136, 0xB242,
	0x8138, 0x6060,
	0x813A, 0xB266,
	0x813C, 0x04C0,
	0x813E, 0xB268,
	0x8140, 0xF380,
	0x8142, 0xB270,
	0x8144, 0x0887,
	0x8146, 0xB322,
	0x8148, 0x0101,
	0x814A, 0xB324,
	0x814C, 0x0001,
	0x814E, 0xB330,
	0x8150, 0x2828,
	0x8152, 0xB34A,
	0x8154, 0x2828,
	0x8156, 0xB360,
	0x8158, 0x2828,
	0x815A, 0xB378,
	0x815C, 0x0001,
	0x815E, 0xBF16,
	0x8160, 0xAA0B,
	0x8162, 0xBF30,
	0x8164, 0x0000,
	0x8166, 0xBF78,
	0x8168, 0x3353,
	0x816A, 0xC4D8,
	0x816C, 0x0020,
	0x816E, 0xC4E0,
	0x8170, 0x0001,
	0x8172, 0xC4E2,
	0x8174, 0x0000,
	0x8176, 0xC4F6,
	0x8178, 0x0000,
	0x817A, 0xC53C,
	0x817C, 0x0005,
	0x817E, 0xC53E,
	0x8180, 0x0000,
	0x8182, 0xC544,
	0x8184, 0x0500,
	0x8186, 0xC554,
	0x8188, 0x1000,
	0x818A, 0xC556,
	0x818C, 0x0000,
	0x818E, 0xD1F6,
	0x8190, 0x003A,
	0x8192, 0xD20C,
	0x8194, 0x0809,
	0x8196, 0xD27A,
	0x8198, 0x0005,
	0x819A, 0xD314,
	0x819C, 0x0220,
	0x819E, 0xD326,
	0x81A0, 0x1001,
	0x81A2, 0xD3EC,
	0x81A4, 0x1CB0,
	0x81A6, 0xD3F0,
	0x81A8, 0x1CB0,
	0x81AA, 0xD410,
	0x81AC, 0x0248,
	0x81AE, 0xD412,
	0x81B0, 0x04D2,
	0x81B2, 0xD426,
	0x81B4, 0x04D2,
	0x81B6, 0xD428,
	0x81B8, 0x0AEA,
	0x81BA, 0xD43C,
	0x81BC, 0x4001,
	0x81BE, 0xD43E,
	0x81C0, 0x4001,
	0x81C2, 0xD49C,
	0x81C4, 0x0022,
	0x81C6, 0xD4A8,
	0x81C8, 0x0000,
	0x81CA, 0xD4AC,
	0x81CC, 0x0001,
	0x81CE, 0xD4B0,
	0x81D0, 0x02A0,
	0x81D2, 0xD4B4,
	0x81D4, 0x0001,
	0x81D6, 0xD4B8,
	0x81D8, 0x0014,
	0x81DA, 0xD4BC,
	0x81DC, 0x004A,
	0x81DE, 0xD4C0,
	0x81E0, 0x0014,
	0x81E2, 0xD4C4,
	0x81E4, 0x0000,
	0x81E6, 0xD4C8,
	0x81E8, 0x0001,
	0x81EA, 0xD4CC,
	0x81EC, 0x0000,
	0x81EE, 0xD4D0,
	0x81F0, 0x000A,
	0x81F2, 0xD4D2,
	0x81F4, 0x0000,
	0x81F6, 0xD4D6,
	0x81F8, 0x001A,
	0x81FA, 0xD4DA,
	0x81FC, 0x0000,
	0x81FE, 0xD4DE,
	0x8200, 0x0001,
	0x8202, 0xD4E2,
	0x8204, 0x0032,
	0x8206, 0xD4E6,
	0x8208, 0x0001,
	0x820A, 0xD4EA,
	0x820C, 0x0001,
	0x820E, 0xD4EC,
	0x8210, 0x0000,
	0x8212, 0xD4EE,
	0x8214, 0x0000,
	0x8216, 0xD4F8,
	0x8218, 0x0000,
	0x821A, 0xD4FA,
	0x821C, 0x0000,
	0x821E, 0xD554,
	0x8220, 0x00C4,
	0x8222, 0xD556,
	0x8224, 0x00F6,
	0x8226, 0xD560,
	0x8228, 0x0352,
	0x822A, 0xD562,
	0x822C, 0x0384,
	0x822E, 0xD5BC,
	0x8230, 0x0000,
	0x8232, 0xD5BE,
	0x8234, 0x0000,
	0x8236, 0xD5C8,
	0x8238, 0x0000,
	0x823A, 0xD5CA,
	0x823C, 0x0000,
	0x823E, 0xD624,
	0x8240, 0x0000,
	0x8242, 0xD62E,
	0x8244, 0x0000,
	0x8246, 0xD638,
	0x8248, 0x0000,
	0x824A, 0xD682,
	0x824C, 0x04C0,
	0x824E, 0xD684,
	0x8250, 0xF380,
	0x8252, 0xD6D4,
	0x8254, 0x0000,
	0x8256, 0xD704,
	0x8258, 0x7802,
	0x825A, 0xD718,
	0x825C, 0x0200,
	0x825E, 0xD856,
	0x8260, 0x0705,
	0x8262, 0xD896,
	0x8264, 0x0000,
	0x8266, 0xD8A2,
	0x8268, 0x0001,
	0x826A, 0xDC8C,
	0x826C, 0x2B3F,
	0x826E, 0xDC94,
	0x8270, 0x0301,
	0x8272, 0xDD70,
	0x8274, 0x0000,
	0x8276, 0xDE38,
	0x8278, 0x0000,
	0x827A, 0xE980,
	0x827C, 0x049E,
	0x827E, 0xEF80,
	0x8280, 0x0000,
	0x8282, 0xF054,
	0x8284, 0x0006,
	0x8286, 0xF09A,
	0x8288, 0xFF00,
	0x828A, 0xF0AA,
	0x828C, 0xFFFF,
	0x828E, 0xF0AC,
	0x8290, 0xFFFF,
	0x8292, 0xF288,
	0x8294, 0x0000,
	0x8296, 0xF2E0,
	0x8298, 0x0000,
	0x829A, 0xF2EA,
	0x829C, 0x0040,
	0x829E, 0xF370,
	0x82A0, 0x0302,
	0x82A2, 0xF372,
	0x82A4, 0x0000,
	0x82A6, 0xF3E4,
	0x82A8, 0x0103,
	0x82AA, 0xF3F4,
	0x82AC, 0x00C8,
	0x82AE, 0xF3F6,
	0x82B0, 0x10D6,
	0x82B2, 0xFFFE,
	0x82B4, 0x2401,
	0x82B6, 0xFFFD,
	0x82B8, 0x195E,
	0x82BA, 0x0001,
	0x82BC, 0x1966,
	0x82BE, 0x0000,
	0x82C0, 0x2540,
	0x82C2, 0x0000,
	0x82C4, 0x25E0,
	0x82C6, 0x0000,
	0x82C8, 0x25E2,
	0x82CA, 0x0000,
	0x82CC, 0x2920,
	0x82CE, 0x0001,
	0x82D0, 0x29A8,
	0x82D2, 0x0001,
	0x82D4, 0x29BA,
	0x82D6, 0x0020,
	0x82D8, 0x2A30,
	0x82DA, 0xFF01,
	0x82DC, 0x2A42,
	0x82DE, 0x0001,
	0x82E0, 0x2A44,
	0x82E2, 0x0952,
	0x82E4, 0x2A46,
	0x82E6, 0x0000,
	0x82E8, 0x2A54,
	0x82EA, 0x0000,
	0x82EC, 0x2A56,
	0x82EE, 0x0004,
	0x82F0, 0x2BB2,
	0x82F2, 0x0010,
	0x82F4, 0x2D32,
	0x82F6, 0x1000,
	0x82F8, 0x3132,
	0x82FA, 0x0002,
	0x82FC, 0x31D0,
	0x82FE, 0x0000,
	0x8300, 0x31F8,
	0x8302, 0x0000,
	0x8304, 0x31FA,
	0x8306, 0x0000,
	0x8308, 0x3C42,
	0x830A, 0x0000,
	0x830C, 0x3C46,
	0x830E, 0x05EB,
	0x8310, 0x3C52,
	0x8312, 0x0640,
	0x8314, 0x4270,
	0x8316, 0x0000,
	0x8318, 0x427C,
	0x831A, 0x0020,
	0x831C, 0x4280,
	0x831E, 0x0010,
	0x8320, 0x4290,
	0x8322, 0x0001,
	0x8324, 0x4292,
	0x8326, 0x0000,
	0x8328, 0x4362,
	0x832A, 0x0001,
	0x832C, 0x4364,
	0x832E, 0x0000,
	0x8330, 0x4366,
	0x8332, 0x0000,
	0x8334, 0x4370,
	0x8336, 0x0000,
	0x8338, 0x437E,
	0x833A, 0x00E4,
	0x833C, 0x4396,
	0x833E, 0x000B,
	0x8340, 0x4398,
	0x8342, 0x000A,
	0x8344, 0x43AA,
	0x8346, 0x0000,
	0x8348, 0x43AC,
	0x834A, 0x0000,
	0x834C, 0x43B4,
	0x834E, 0x0000,
	0x8350, 0x43B6,
	0x8352, 0x0000,
	0x8354, 0x43C6,
	0x8356, 0x1401,
	0x8358, 0x44C6,
	0x835A, 0x0000,
	0x835C, 0x5A70,
	0x835E, 0x0000,
	0x8360, 0xFFFE,
	0x8362, 0x2402,
	0x8364, 0xFFFD,
	0x8366, 0x849E,
	0x8368, 0x0000,
	0x836A, 0x84A0,
	0x836C, 0x0000,
	0x836E, 0x84A2,
	0x8370, 0x0500,
	0x8372, 0x84C4,
	0x8374, 0x0001,
	0x8376, 0xA570,
	0x8378, 0x0000,
	0x837A, 0x0000,
	0x837C, 0xFFFF,
	0x837E, 0x0008,
	0x8380, 0x2400,
	0x8382, 0x0260,
	0x8384, 0x0001,
	0x8386, 0x0000,
	0x8388, 0x0006,
	0x838A, 0x0700,
	0x838C, 0xFFFF,
	0x838E, 0x0008,
	0x8390, 0x2400,
	0x8392, 0x030C,
	0x8394, 0x0000,
	0x8396, 0x0300,
	0x8398, 0xBF00,
	0x839A, 0x0000,
	0x839C, 0xFFFF,
	0x839E, 0x0010,
	0x83A0, 0x2400,
	0x83A2, 0x0344,
	0x83A4, 0x0000,
	0x83A6, 0x0003,
	0x83A8, 0x1F20,
	0x83AA, 0x1F15,
	0x83AC, 0x0010,
	0x83AE, 0x0009,
	0x83B0, 0x0800,
	0x83B2, 0x0800,
	0x83B4, 0xFFFF,
	0x83B6, 0x0008,
	0x83B8, 0x2400,
	0x83BA, 0x0380,
	0x83BC, 0x0200,
	0x83BE, 0x0200,
	0x83C0, 0x0200,
	0x83C2, 0x0200,
	0x83C4, 0xFFFF,
	0x83C6, 0x0008,
	0x83C8, 0x2400,
	0x83CA, 0x0728,
	0x83CC, 0x0000,
	0x83CE, 0x0000,
	0x83D0, 0x0000,
	0x83D2, 0x0000,
	0x83D4, 0xFFFF,
	0x83D6, 0x000C,
	0x83D8, 0x2400,
	0x83DA, 0x0B02,
	0x83DC, 0x0102,
	0x83DE, 0x0001,
	0x83E0, 0x0101,
	0x83E2, 0x0100,
	0x83E4, 0x0101,
	0x83E6, 0x0100,
	0x83E8, 0xFFFF,
	0x83EA, 0x0008,
	0x83EC, 0x2400,
	0x83EE, 0x71D4,
	0x83F0, 0x3F00,
	0x83F2, 0x3D00,
	0x83F4, 0x84F3,
	0x83F6, 0x0040,
	0x83F8, 0xFFFF,
	0x83FA, 0x0010,
	0x83FC, 0x2400,
	0x83FE, 0x7274,
	0x8400, 0x0B00,
	0x8402, 0x0A00,
	0x8404, 0x36D2,
	0x8406, 0x0040,
	0x8408, 0x0000,
	0x840A, 0x0000,
	0x840C, 0x0000,
	0x840E, 0x0000,
	0x8410, 0xFFFF,
	0x8412, 0x0008,
	0x8414, 0x2400,
	0x8416, 0x7314,
	0x8418, 0x2E00,
	0x841A, 0x3000,
	0x841C, 0x9EFD,
	0x841E, 0x0040,
	0x8420, 0xFFFF,
	0x8422, 0x0008,
	0x8424, 0x2400,
	0x8426, 0x7A0E,
	0x8428, 0x0F00,
	0x842A, 0x0F00,
	0x842C, 0x0F00,
	0x842E, 0x0F00,
	0x8430, 0xFFFF,
	0x8432, 0x0008,
	0x8434, 0x2400,
	0x8436, 0x7A6E,
	0x8438, 0x1900,
	0x843A, 0x1900,
	0x843C, 0x1900,
	0x843E, 0x1900,
	0x8440, 0xFFFF,
	0x8442, 0x0008,
	0x8444, 0x2400,
	0x8446, 0x7A86,
	0x8448, 0x1900,
	0x844A, 0x1900,
	0x844C, 0x1900,
	0x844E, 0x1900,
	0x8450, 0xFFFF,
	0x8452, 0x0008,
	0x8454, 0x2400,
	0x8456, 0x8C9E,
	0x8458, 0x3500,
	0x845A, 0x3500,
	0x845C, 0x7000,
	0x845E, 0x3500,
	0x8460, 0xFFFF,
	0x8462, 0x000A,
	0x8464, 0x2400,
	0x8466, 0xB21E,
	0x8468, 0x0000,
	0x846A, 0x0103,
	0x846C, 0xC000,
	0x846E, 0x0103,
	0x8470, 0x0000,
	0x8472, 0xFFFF,
	0x8474, 0x000C,
	0x8476, 0x2400,
	0x8478, 0xBEDC,
	0x847A, 0xC526,
	0x847C, 0x903E,
	0x847E, 0xC00F,
	0x8480, 0x0008,
	0x8482, 0x0C00,
	0x8484, 0x8000,
	0x8486, 0xFFFF,
	0x8488, 0x0022,
	0x848A, 0x2400,
	0x848C, 0xDADA,
	0x848E, 0x0001,
	0x8490, 0x0000,
	0x8492, 0xA000,
	0x8494, 0x0001,
	0x8496, 0xA001,
	0x8498, 0x0000,
	0x849A, 0x6000,
	0x849C, 0xA000,
	0x849E, 0xC000,
	0x84A0, 0x0001,
	0x84A2, 0x4001,
	0x84A4, 0x6001,
	0x84A6, 0x0002,
	0x84A8, 0x8002,
	0x84AA, 0x2003,
	0x84AC, 0x0000,
	0x84AE, 0x0000,
	0x84B0, 0xFFFF,
	0x84B2, 0x0020,
	0x84B4, 0x2400,
	0x84B6, 0xDB0C,
	0x84B8, 0x2222,
	0x84BA, 0x3030,
	0x84BC, 0x2828,
	0x84BE, 0x2828,
	0x84C0, 0x0090,
	0x84C2, 0x0090,
	0x84C4, 0x00FF,
	0x84C6, 0x00F0,
	0x84C8, 0x00F0,
	0x84CA, 0x00D0,
	0x84CC, 0x00E0,
	0x84CE, 0x00F0,
	0x84D0, 0x00E0,
	0x84D2, 0x00D0,
	0x84D4, 0x0000,
	0x84D6, 0x0000,
	0x84D8, 0xFFFF,
	0x84DA, 0x0020,
	0x84DC, 0x2400,
	0x84DE, 0xDB3C,
	0x84E0, 0xD2FD,
	0x84E2, 0xD2FD,
	0x84E4, 0xD2FD,
	0x84E6, 0xD2FD,
	0x84E8, 0x12D2,
	0x84EA, 0x12D2,
	0x84EC, 0x12D2,
	0x84EE, 0x12D2,
	0x84F0, 0x12D2,
	0x84F2, 0x12D2,
	0x84F4, 0x12D2,
	0x84F6, 0x12D2,
	0x84F8, 0x12D2,
	0x84FA, 0x12D2,
	0x84FC, 0x0000,
	0x84FE, 0x0000,
	0x8500, 0xFFFF,
	0x8502, 0x000C,
	0x8504, 0x2400,
	0x8506, 0xDB6C,
	0x8508, 0x0000,
	0x850A, 0x0000,
	0x850C, 0x0000,
	0x850E, 0x0000,
	0x8510, 0x0000,
	0x8512, 0x0000,
	0x8514, 0xFFFF,
	0x8516, 0x000C,
	0x8518, 0x2400,
	0x851A, 0xDB9C,
	0x851C, 0x0000,
	0x851E, 0x0000,
	0x8520, 0x0000,
	0x8522, 0x0000,
	0x8524, 0x0000,
	0x8526, 0x0000,
	0x8528, 0xFFFF,
	0x852A, 0x000C,
	0x852C, 0x2400,
	0x852E, 0xDBCC,
	0x8530, 0x0000,
	0x8532, 0x0000,
	0x8534, 0x0000,
	0x8536, 0x0000,
	0x8538, 0x0000,
	0x853A, 0x0000,
	0x853C, 0xFFFF,
	0x853E, 0x0012,
	0x8540, 0x2401,
	0x8542, 0x1C24,
	0x8544, 0x0002,
	0x8546, 0x8001,
	0x8548, 0x8004,
	0x854A, 0x2010,
	0x854C, 0x0010,
	0x854E, 0x0005,
	0x8550, 0x00A0,
	0x8552, 0x5110,
	0x8554, 0x3510,
	0x8556, 0xFFFF,
	0x8558, 0x0020,
	0x855A, 0x2401,
	0x855C, 0x1C4E,
	0x855E, 0x8001,
	0x8560, 0x8004,
	0x8562, 0x0010,
	0x8564, 0x1010,
	0x8566, 0x0005,
	0x8568, 0x00A0,
	0x856A, 0x7810,
	0x856C, 0x7810,
	0x856E, 0x0000,
	0x8570, 0x0000,
	0x8572, 0x0000,
	0x8574, 0x0000,
	0x8576, 0x0000,
	0x8578, 0x0000,
	0x857A, 0x0000,
	0x857C, 0x0000,
	0x857E, 0xFFFF,
	0x8580, 0x0020,
	0x8582, 0x2401,
	0x8584, 0x1C76,
	0x8586, 0x8001,
	0x8588, 0x8004,
	0x858A, 0x2810,
	0x858C, 0xFE0F,
	0x858E, 0x0005,
	0x8590, 0x00A0,
	0x8592, 0x6610,
	0x8594, 0x6610,
	0x8596, 0x0000,
	0x8598, 0x0000,
	0x859A, 0x0000,
	0x859C, 0x0000,
	0x859E, 0x0000,
	0x85A0, 0x0000,
	0x85A2, 0x0000,
	0x85A4, 0x0000,
	0x85A6, 0xFFFF,
	0x85A8, 0x0010,
	0x85AA, 0x2401,
	0x85AC, 0x1C9E,
	0x85AE, 0x8001,
	0x85B0, 0x8004,
	0x85B2, 0x2010,
	0x85B4, 0x1010,
	0x85B6, 0x0005,
	0x85B8, 0x00A0,
	0x85BA, 0x5110,
	0x85BC, 0x3510,
	0x85BE, 0xFFFF,
	0x85C0, 0x0010,
	0x85C2, 0x2401,
	0x85C4, 0x1CC6,
	0x85C6, 0x8001,
	0x85C8, 0x8004,
	0x85CA, 0x2010,
	0x85CC, 0x0010,
	0x85CE, 0x0005,
	0x85D0, 0x00A0,
	0x85D2, 0x5110,
	0x85D4, 0x3510,
	0x85D6, 0xFFFF,
	0x85D8, 0x0020,
	0x85DA, 0x2401,
	0x85DC, 0x1CEE,
	0x85DE, 0x8001,
	0x85E0, 0x8004,
	0x85E2, 0x0010,
	0x85E4, 0x1010,
	0x85E6, 0x0005,
	0x85E8, 0x00A0,
	0x85EA, 0x7810,
	0x85EC, 0x7810,
	0x85EE, 0x0000,
	0x85F0, 0x0000,
	0x85F2, 0x0000,
	0x85F4, 0x0000,
	0x85F6, 0x0000,
	0x85F8, 0x0000,
	0x85FA, 0x0000,
	0x85FC, 0x0000,
	0x85FE, 0xFFFF,
	0x8600, 0x0020,
	0x8602, 0x2401,
	0x8604, 0x1D16,
	0x8606, 0x8001,
	0x8608, 0x8004,
	0x860A, 0x2810,
	0x860C, 0xFE0F,
	0x860E, 0x0005,
	0x8610, 0x00A0,
	0x8612, 0x6610,
	0x8614, 0x6610,
	0x8616, 0x0000,
	0x8618, 0x0000,
	0x861A, 0x0000,
	0x861C, 0x0000,
	0x861E, 0x0000,
	0x8620, 0x0000,
	0x8622, 0x0000,
	0x8624, 0x0000,
	0x8626, 0xFFFF,
	0x8628, 0x0010,
	0x862A, 0x2401,
	0x862C, 0x1D3E,
	0x862E, 0x8001,
	0x8630, 0x8004,
	0x8632, 0x2010,
	0x8634, 0x1010,
	0x8636, 0x0005,
	0x8638, 0x00A0,
	0x863A, 0x5110,
	0x863C, 0x3510,
	0x863E, 0xFFFF,
	0x8640, 0x0008,
	0x8642, 0x2401,
	0x8644, 0x1D72,
	0x8646, 0x0000,
	0x8648, 0x0000,
	0x864A, 0x0000,
	0x864C, 0x0000,
	0x864E, 0xFFFF,
	0x8650, 0x0008,
	0x8652, 0x2401,
	0x8654, 0x1D82,
	0x8656, 0x0000,
	0x8658, 0x0000,
	0x865A, 0x0000,
	0x865C, 0x0000,
	0x865E, 0xFFFF,
	0x8660, 0x0008,
	0x8662, 0x2401,
	0x8664, 0x1D92,
	0x8666, 0x0000,
	0x8668, 0x0000,
	0x866A, 0x0000,
	0x866C, 0x0000,
	0x866E, 0xFFFF,
	0x8670, 0x0008,
	0x8672, 0x2401,
	0x8674, 0x1DA2,
	0x8676, 0x0000,
	0x8678, 0x0000,
	0x867A, 0x0000,
	0x867C, 0x0000,
	0x867E, 0xFFFF,
	0x8680, 0x0008,
	0x8682, 0x2401,
	0x8684, 0x1DF2,
	0x8686, 0x0F00,
	0x8688, 0x0F00,
	0x868A, 0x0F00,
	0x868C, 0x0F00,
	0x868E, 0xFFFF,
	0x8690, 0x0008,
	0x8692, 0x2401,
	0x8694, 0x1E02,
	0x8696, 0x0F00,
	0x8698, 0x0F00,
	0x869A, 0x0F00,
	0x869C, 0x0F00,
	0x869E, 0xFFFF,
	0x86A0, 0x0008,
	0x86A2, 0x2401,
	0x86A4, 0x1E12,
	0x86A6, 0x0F00,
	0x86A8, 0x0F00,
	0x86AA, 0x0F00,
	0x86AC, 0x0F00,
	0x86AE, 0xFFFF,
	0x86B0, 0x0008,
	0x86B2, 0x2401,
	0x86B4, 0x1E22,
	0x86B6, 0x0F00,
	0x86B8, 0x0F00,
	0x86BA, 0x0F00,
	0x86BC, 0x0F00,
	0x86BE, 0xFFFF,
	0x86C0, 0x0010,
	0x86C2, 0x2402,
	0x86C4, 0xA548,
	0x86C6, 0x0000,
	0x86C8, 0x0000,
	0x86CA, 0x0000,
	0x86CC, 0x0000,
	0x86CE, 0x0000,
	0x86D0, 0x0000,
	0x86D2, 0x0000,
	0x86D4, 0x0000,
	0x86D6, 0xFFFF,
	0x86D8, 0x0010,
	0x86DA, 0x2402,
	0x86DC, 0xA55C,
	0x86DE, 0x0000,
	0x86E0, 0x0000,
	0x86E2, 0x0000,
	0x86E4, 0x0000,
	0x86E6, 0x0000,
	0x86E8, 0x0000,
	0x86EA, 0x0000,
	0x86EC, 0x0000,
	0x86EE, 0xFFFF,
	0x86F0, 0x002C,
	0x86F2, 0x2402,
	0x86F4, 0xA574,
	0x86F6, 0x0100,
	0x86F8, 0x4000,
	0x86FA, 0x8000,
	0x86FC, 0xA000,
	0x86FE, 0x4001,
	0x8700, 0x8002,
	0x8702, 0x0005,
	0x8704, 0x000A,
	0x8706, 0xA00F,
	0x8708, 0x4011,
	0x870A, 0x0E00,
	0x870C, 0x2000,
	0x870E, 0x2800,
	0x8710, 0x1400,
	0x8712, 0x2200,
	0x8714, 0x2800,
	0x8716, 0x2C00,
	0x8718, 0x2E00,
	0x871A, 0x3200,
	0x871C, 0x3500,
	0x871E, 0xA2FD,
	0x8720, 0xFEFE,
	0x8722, 0x0000,
	0x8724, 0x0000,
	0x8726, 0x0000,
	0x8738, 0xFFFE,
	0x873A, 0x2400,
	0x873C, 0xFFFD,
	0x873E, 0x0086,
	0x8740, 0x0280,
	0x8742, 0x021E,
	0x8744, 0x0006,
	0x8746, 0x0270,
	0x8748, 0x2B2B,
	0x874A, 0x0272,
	0x874C, 0x102C,
	0x874E, 0x0342,
	0x8750, 0x2560,
	0x8752, 0x0722,
	0x8754, 0x0020,
	0x8756, 0x703E,
	0x8758, 0x0000,
	0x875A, 0x704A,
	0x875C, 0x0400,
	0x875E, 0x705C,
	0x8760, 0x0400,
	0x8762, 0x7808,
	0x8764, 0x0836,
	0x8766, 0x7996,
	0x8768, 0x0001,
	0x876A, 0x7BDA,
	0x876C, 0x003C,
	0x876E, 0x8CA2,
	0x8770, 0x0050,
	0x8772, 0xB268,
	0x8774, 0xE380,
	0x8776, 0xC4D8,
	0x8778, 0x0010,
	0x877A, 0xD49C,
	0x877C, 0x0021,
	0x877E, 0xD4A8,
	0x8780, 0x0001,
	0x8782, 0xD4B0,
	0x8784, 0x037E,
	0x8786, 0xD4BC,
	0x8788, 0x040B,
	0x878A, 0xD4E2,
	0x878C, 0x0036,
	0x878E, 0xD556,
	0x8790, 0x00FA,
	0x8792, 0xD562,
	0x8794, 0x0388,
	0x8796, 0xD684,
	0x8798, 0xE380,
	0x879A, 0xD704,
	0x879C, 0x7800,
	0x879E, 0xDAF6,
	0x87A0, 0x0000,
	0x87A2, 0xDB26,
	0x87A4, 0x0000,
	0x87A6, 0xDB56,
	0x87A8, 0x0000,
	0x87AA, 0xFFFE,
	0x87AC, 0x2401,
	0x87AE, 0xFFFD,
	0x87B0, 0x195E,
	0x87B2, 0x0101,
	0x87B4, 0x1966,
	0x87B6, 0x0002,
	0x87B8, 0x1C28,
	0x87BA, 0x04F0,
	0x87BC, 0x1C2C,
	0x87BE, 0x1056,
	0x87C0, 0x1C32,
	0x87C2, 0x10B6,
	0x87C4, 0x1C34,
	0x87C6, 0x1170,
	0x87C8, 0x1C50,
	0x87CA, 0x04F0,
	0x87CC, 0x1C52,
	0x87CE, 0x1028,
	0x87D0, 0x1C54,
	0x87D2, 0x1051,
	0x87D4, 0x1C78,
	0x87D6, 0x04F0,
	0x87D8, 0x1C7C,
	0x87DA, 0x1066,
	0x87DC, 0x1CA0,
	0x87DE, 0x04F0,
	0x87E0, 0x1CA4,
	0x87E2, 0x1056,
	0x87E4, 0x1CAA,
	0x87E6, 0x10C4,
	0x87E8, 0x1CAC,
	0x87EA, 0x1170,
	0x87EC, 0x1CC8,
	0x87EE, 0x04F0,
	0x87F0, 0x1CCC,
	0x87F2, 0x1056,
	0x87F4, 0x1CD2,
	0x87F6, 0x10B6,
	0x87F8, 0x1CD4,
	0x87FA, 0x1170,
	0x87FC, 0x1CF0,
	0x87FE, 0x04F0,
	0x8800, 0x1CF2,
	0x8802, 0x1028,
	0x8804, 0x1CF4,
	0x8806, 0x1051,
	0x8808, 0x1D18,
	0x880A, 0x04F0,
	0x880C, 0x1D1C,
	0x880E, 0x1066,
	0x8810, 0x1D40,
	0x8812, 0x04F0,
	0x8814, 0x1D44,
	0x8816, 0x1056,
	0x8818, 0x1D4A,
	0x881A, 0x10C4,
	0x881C, 0x1D4C,
	0x881E, 0x1170,
	0x8820, 0x2A30,
	0x8822, 0xFF00,
	0x8824, 0x2A44,
	0x8826, 0x0739,
	0x8828, 0x43C6,
	0x882A, 0x0280,
	0x882C, 0xFFFE,
	0x882E, 0x2402,
	0x8830, 0xFFFD,
	0x8832, 0x84C4,
	0x8834, 0x0000,
	0x8836, 0x0000,
	0x8838, 0xFFFF,
	0x883A, 0x0008,
	0x883C, 0x2400,
	0x883E, 0x7314,
	0x8840, 0x0000,
	0x8842, 0x0000,
	0x8844, 0x0000,
	0x8846, 0x0000,
	0x8848, 0xFFFF,
	0x884A, 0x000E,
	0x884C, 0x2401,
	0x884E, 0x1C58,
	0x8850, 0xF009,
	0x8852, 0x9710,
	0x8854, 0xDA10,
	0x8856, 0x000A,
	0x8858, 0x00A0,
	0x885A, 0xDA10,
	0x885C, 0x7011,
	0x885E, 0xFFFF,
	0x8860, 0x000E,
	0x8862, 0x2401,
	0x8864, 0x1C80,
	0x8866, 0xF009,
	0x8868, 0x7210,
	0x886A, 0xDD10,
	0x886C, 0x000A,
	0x886E, 0x00A0,
	0x8870, 0xDD10,
	0x8872, 0x7011,
	0x8874, 0xFFFF,
	0x8876, 0x000E,
	0x8878, 0x2401,
	0x887A, 0x1CF8,
	0x887C, 0xF009,
	0x887E, 0x9710,
	0x8880, 0xDA10,
	0x8882, 0x000A,
	0x8884, 0x00A0,
	0x8886, 0xDA10,
	0x8888, 0x7011,
	0x888A, 0xFFFF,
	0x888C, 0x000E,
	0x888E, 0x2401,
	0x8890, 0x1D20,
	0x8892, 0xF009,
	0x8894, 0x7210,
	0x8896, 0xDD10,
	0x8898, 0x000A,
	0x889A, 0x00A0,
	0x889C, 0xDD10,
	0x889E, 0x7011,
	0x88A0, 0xFFFF,
	0x88A2, 0x0008,
	0x88A4, 0x2401,
	0x88A6, 0x1D72,
	0x88A8, 0x0600,
	0x88AA, 0x0600,
	0x88AC, 0x0600,
	0x88AE, 0x0600,
	0x88B0, 0xFFFF,
	0x88B2, 0x0008,
	0x88B4, 0x2401,
	0x88B6, 0x1D82,
	0x88B8, 0x0600,
	0x88BA, 0x0600,
	0x88BC, 0x0600,
	0x88BE, 0x0600,
	0x88C0, 0xFFFF,
	0x88C2, 0x0008,
	0x88C4, 0x2401,
	0x88C6, 0x1D92,
	0x88C8, 0x0600,
	0x88CA, 0x0600,
	0x88CC, 0x0600,
	0x88CE, 0x0600,
	0x88D0, 0xFFFF,
	0x88D2, 0x0008,
	0x88D4, 0x2401,
	0x88D6, 0x1DA2,
	0x88D8, 0x0600,
	0x88DA, 0x0600,
	0x88DC, 0x0600,
	0x88DE, 0x0600,
	0x88E0, 0xFFFF,
	0x88E2, 0x0008,
	0x88E4, 0x2401,
	0x88E6, 0x1DF2,
	0x88E8, 0xFAFF,
	0x88EA, 0xFAFF,
	0x88EC, 0x0600,
	0x88EE, 0x0600,
	0x88F0, 0xFFFF,
	0x88F2, 0x0008,
	0x88F4, 0x2401,
	0x88F6, 0x1E02,
	0x88F8, 0xFAFF,
	0x88FA, 0xFAFF,
	0x88FC, 0x0600,
	0x88FE, 0x0600,
	0x8900, 0xFFFF,
	0x8902, 0x0008,
	0x8904, 0x2401,
	0x8906, 0x1E12,
	0x8908, 0x0600,
	0x890A, 0x0600,
	0x890C, 0xFAFF,
	0x890E, 0xFAFF,
	0x8910, 0xFFFF,
	0x8912, 0x0008,
	0x8914, 0x2401,
	0x8916, 0x1E22,
	0x8918, 0x0600,
	0x891A, 0x0600,
	0x891C, 0xFAFF,
	0x891E, 0xFAFF,
	0x8920, 0x0000,
	0x8922, 0x0000,
	0x8934, 0xFFFE,
	0x8936, 0x2400,
	0x8938, 0xFFFD,
	0x893A, 0x0086,
	0x893C, 0x0200,
	0x893E, 0x0342,
	0x8940, 0x23F0,
	0x8942, 0x0350,
	0x8944, 0x0010,
	0x8946, 0x0352,
	0x8948, 0x0010,
	0x894A, 0x0900,
	0x894C, 0x1100,
	0x894E, 0x0B02,
	0x8950, 0x0101,
	0x8952, 0x0B08,
	0x8954, 0x0101,
	0x8956, 0x703C,
	0x8958, 0x0100,
	0x895A, 0x703E,
	0x895C, 0x0000,
	0x895E, 0x7048,
	0x8960, 0x002F,
	0x8962, 0x704A,
	0x8964, 0x0400,
	0x8966, 0x705A,
	0x8968, 0x0030,
	0x896A, 0x705C,
	0x896C, 0x0400,
	0x896E, 0x7274,
	0x8970, 0x000F,
	0x8972, 0x7276,
	0x8974, 0x000E,
	0x8976, 0x795A,
	0x8978, 0x0010,
	0x897A, 0x7970,
	0x897C, 0x0010,
	0x897E, 0x7996,
	0x8980, 0x0001,
	0x8982, 0x7A0E,
	0x8984, 0x001E,
	0x8986, 0x7A6E,
	0x8988, 0x0028,
	0x898A, 0x7A86,
	0x898C, 0x0028,
	0x898E, 0x7BDA,
	0x8990, 0x003C,
	0x8992, 0x82A2,
	0x8994, 0x0012,
	0x8996, 0x82BA,
	0x8998, 0x0036,
	0x899A, 0x8C9E,
	0x899C, 0x0050,
	0x899E, 0x8CA2,
	0x89A0, 0x0035,
	0x89A2, 0x8CCE,
	0x89A4, 0x012C,
	0x89A6, 0x8CD2,
	0x89A8, 0x0096,
	0x89AA, 0xB176,
	0x89AC, 0x0006,
	0x89AE, 0xB220,
	0x89B0, 0x0000,
	0x89B2, 0xB268,
	0x89B4, 0x0440,
	0x89B6, 0xC4E2,
	0x89B8, 0x0002,
	0x89BA, 0xC53C,
	0x89BC, 0x0001,
	0x89BE, 0xC554,
	0x89C0, 0x0D53,
	0x89C2, 0xD326,
	0x89C4, 0x2001,
	0x89C6, 0xD3EC,
	0x89C8, 0x1CB1,
	0x89CA, 0xD49C,
	0x89CC, 0x0003,
	0x89CE, 0xD4A8,
	0x89D0, 0x0001,
	0x89D2, 0xD4AC,
	0x89D4, 0x037E,
	0x89D6, 0xD4B0,
	0x89D8, 0x0001,
	0x89DA, 0xD4B8,
	0x89DC, 0x0035,
	0x89DE, 0xD4BC,
	0x89E0, 0x0014,
	0x89E2, 0xD4C4,
	0x89E4, 0x0001,
	0x89E6, 0xD4C8,
	0x89E8, 0x0000,
	0x89EA, 0xD4D0,
	0x89EC, 0x0011,
	0x89EE, 0xD4D2,
	0x89F0, 0x0020,
	0x89F2, 0xD4D6,
	0x89F4, 0x0000,
	0x89F6, 0xD4DE,
	0x89F8, 0x0028,
	0x89FA, 0xD4E2,
	0x89FC, 0x0001,
	0x89FE, 0xD4EC,
	0x8A00, 0x00BE,
	0x8A02, 0xD4EE,
	0x8A04, 0x00E6,
	0x8A06, 0xD4F8,
	0x8A08, 0x01F0,
	0x8A0A, 0xD4FA,
	0x8A0C, 0x0218,
	0x8A0E, 0xD554,
	0x8A10, 0x0000,
	0x8A12, 0xD556,
	0x8A14, 0x0000,
	0x8A16, 0xD560,
	0x8A18, 0x0000,
	0x8A1A, 0xD562,
	0x8A1C, 0x0000,
	0x8A1E, 0xD684,
	0x8A20, 0x0440,
	0x8A22, 0xDADE,
	0x8A24, 0x0040,
	0x8A26, 0xDAE0,
	0x8A28, 0x0000,
	0x8A2A, 0xDAE2,
	0x8A2C, 0x0000,
	0x8A2E, 0xDB40,
	0x8A30, 0x0000,
	0x8A32, 0xDB42,
	0x8A34, 0x0000,
	0x8A36, 0xDC94,
	0x8A38, 0x0001,
	0x8A3A, 0xE980,
	0x8A3C, 0x0500,
	0x8A3E, 0xF3F4,
	0x8A40, 0x08C8,
	0x8A42, 0xF3F6,
	0x8A44, 0x10D7,
	0x8A46, 0xFFFE,
	0x8A48, 0x2401,
	0x8A4A, 0xFFFD,
	0x8A4C, 0x1C4E,
	0x8A4E, 0x0100,
	0x8A50, 0x1C50,
	0x8A52, 0x03FF,
	0x8A54, 0x1D72,
	0x8A56, 0x0003,
	0x8A58, 0x1D74,
	0x8A5A, 0x0003,
	0x8A5C, 0x1D82,
	0x8A5E, 0x0003,
	0x8A60, 0x1D84,
	0x8A62, 0x0003,
	0x8A64, 0x2540,
	0x8A66, 0x0002,
	0x8A68, 0x29A8,
	0x8A6A, 0x0002,
	0x8A6C, 0x29BA,
	0x8A6E, 0x00FF,
	0x8A70, 0x2A44,
	0x8A72, 0x04B0,
	0x8A74, 0x2A56,
	0x8A76, 0x0008,
	0x8A78, 0x3132,
	0x8A7A, 0x0001,
	0x8A7C, 0x31D0,
	0x8A7E, 0x0002,
	0x8A80, 0x31F8,
	0x8A82, 0x0001,
	0x8A84, 0x31FA,
	0x8A86, 0x04CD,
	0x8A88, 0x4396,
	0x8A8A, 0x000F,
	0x8A8C, 0x4398,
	0x8A8E, 0x000E,
	0x8A90, 0x43C6,
	0x8A92, 0x0200,
	0x8A94, 0xFFFE,
	0x8A96, 0x2402,
	0x8A98, 0xFFFD,
	0x8A9A, 0x84C4,
	0x8A9C, 0x0000,
	0x8A9E, 0xA598,
	0x8AA0, 0x002E,
	0x8AA2, 0xA59A,
	0x8AA4, 0x0030,
	0x8AA6, 0x0000,
	0x8AA8, 0xFFFF,
	0x8AAA, 0x0008,
	0x8AAC, 0x2400,
	0x8AAE, 0x0344,
	0x8AB0, 0x0008,
	0x8AB2, 0x8007,
	0x8AB4, 0x1F18,
	0x8AB6, 0x9F10,
	0x8AB8, 0xFFFF,
	0x8ABA, 0x0008,
	0x8ABC, 0x2400,
	0x8ABE, 0x0380,
	0x8AC0, 0x0100,
	0x8AC2, 0x0100,
	0x8AC4, 0x0100,
	0x8AC6, 0x0100,
	0x8AC8, 0xFFFF,
	0x8ACA, 0x0008,
	0x8ACC, 0x2400,
	0x8ACE, 0x7314,
	0x8AD0, 0x0000,
	0x8AD2, 0x0000,
	0x8AD4, 0x0000,
	0x8AD6, 0x0000,
	0x8AD8, 0xFFFF,
	0x8ADA, 0x0012,
	0x8ADC, 0x2400,
	0x8ADE, 0xDAE6,
	0x8AE0, 0x3000,
	0x8AE2, 0x8001,
	0x8AE4, 0x0000,
	0x8AE6, 0x0000,
	0x8AE8, 0x0000,
	0x8AEA, 0x0000,
	0x8AEC, 0x0000,
	0x8AEE, 0x0000,
	0x8AF0, 0x0000,
	0x8AF2, 0xFFFF,
	0x8AF4, 0x001C,
	0x8AF6, 0x2400,
	0x8AF8, 0xDB0C,
	0x8AFA, 0x3F3F,
	0x8AFC, 0x1F1F,
	0x8AFE, 0x0000,
	0x8B00, 0x0000,
	0x8B02, 0x0000,
	0x8B04, 0x0080,
	0x8B06, 0x0000,
	0x8B08, 0x0000,
	0x8B0A, 0x0000,
	0x8B0C, 0x0000,
	0x8B0E, 0x0000,
	0x8B10, 0x0000,
	0x8B12, 0x0000,
	0x8B14, 0x0000,
	0x8B16, 0xFFFF,
	0x8B18, 0x000E,
	0x8B1A, 0x2400,
	0x8B1C, 0xDB4A,
	0x8B1E, 0x0000,
	0x8B20, 0x0000,
	0x8B22, 0x0000,
	0x8B24, 0x0000,
	0x8B26, 0x0000,
	0x8B28, 0x0000,
	0x8B2A, 0x0000,
	0x8B2C, 0xFFFF,
	0x8B2E, 0x0010,
	0x8B30, 0x2401,
	0x8B32, 0x1C26,
	0x8B34, 0x0001,
	0x8B36, 0xFF03,
	0x8B38, 0x0010,
	0x8B3A, 0xD70F,
	0x8B3C, 0x0004,
	0x8B3E, 0x0010,
	0x8B40, 0xD70F,
	0x8B42, 0xC20F,
	0x8B44, 0xFFFF,
	0x8B46, 0x000A,
	0x8B48, 0x2401,
	0x8B4A, 0x1C54,
	0x8B4C, 0xD70F,
	0x8B4E, 0x0004,
	0x8B50, 0x0010,
	0x8B52, 0xD70F,
	0x8B54, 0xC20F,
	0x8B56, 0xFFFF,
	0x8B58, 0x0010,
	0x8B5A, 0x2401,
	0x8B5C, 0x1C76,
	0x8B5E, 0x0001,
	0x8B60, 0xFF03,
	0x8B62, 0x0010,
	0x8B64, 0xD70F,
	0x8B66, 0x0004,
	0x8B68, 0x0010,
	0x8B6A, 0xD70F,
	0x8B6C, 0xC20F,
	0x8B6E, 0xFFFF,
	0x8B70, 0x0010,
	0x8B72, 0x2401,
	0x8B74, 0x1C9E,
	0x8B76, 0x0001,
	0x8B78, 0xFF03,
	0x8B7A, 0x0010,
	0x8B7C, 0xD70F,
	0x8B7E, 0x0004,
	0x8B80, 0x0010,
	0x8B82, 0xD70F,
	0x8B84, 0xC20F,
	0x8B86, 0xFFFF,
	0x8B88, 0x0010,
	0x8B8A, 0x2401,
	0x8B8C, 0x1CC6,
	0x8B8E, 0x0000,
	0x8B90, 0x0000,
	0x8B92, 0x0000,
	0x8B94, 0x0000,
	0x8B96, 0x0000,
	0x8B98, 0x0000,
	0x8B9A, 0x0000,
	0x8B9C, 0x0000,
	0x8B9E, 0xFFFF,
	0x8BA0, 0x0010,
	0x8BA2, 0x2401,
	0x8BA4, 0x1CEE,
	0x8BA6, 0x0000,
	0x8BA8, 0x0000,
	0x8BAA, 0x0000,
	0x8BAC, 0x0000,
	0x8BAE, 0x0000,
	0x8BB0, 0x0000,
	0x8BB2, 0x0000,
	0x8BB4, 0x0000,
	0x8BB6, 0xFFFF,
	0x8BB8, 0x0010,
	0x8BBA, 0x2401,
	0x8BBC, 0x1D16,
	0x8BBE, 0x0000,
	0x8BC0, 0x0000,
	0x8BC2, 0x0000,
	0x8BC4, 0x0000,
	0x8BC6, 0x0000,
	0x8BC8, 0x0000,
	0x8BCA, 0x0000,
	0x8BCC, 0x0000,
	0x8BCE, 0xFFFF,
	0x8BD0, 0x0010,
	0x8BD2, 0x2401,
	0x8BD4, 0x1D3E,
	0x8BD6, 0x0000,
	0x8BD8, 0x0000,
	0x8BDA, 0x0000,
	0x8BDC, 0x0000,
	0x8BDE, 0x0000,
	0x8BE0, 0x0000,
	0x8BE2, 0x0000,
	0x8BE4, 0x0000,
	0x8BE6, 0xFFFF,
	0x8BE8, 0x0008,
	0x8BEA, 0x2401,
	0x8BEC, 0x1DF2,
	0x8BEE, 0x0300,
	0x8BF0, 0x0300,
	0x8BF2, 0x0600,
	0x8BF4, 0x0600,
	0x8BF6, 0xFFFF,
	0x8BF8, 0x0008,
	0x8BFA, 0x2401,
	0x8BFC, 0x1E02,
	0x8BFE, 0x0300,
	0x8C00, 0x0300,
	0x8C02, 0x0600,
	0x8C04, 0x0600,
	0x8C06, 0xFFFF,
	0x8C08, 0x0008,
	0x8C0A, 0x2401,
	0x8C0C, 0x1E12,
	0x8C0E, 0x0600,
	0x8C10, 0x0600,
	0x8C12, 0x0600,
	0x8C14, 0x0600,
	0x8C16, 0xFFFF,
	0x8C18, 0x0008,
	0x8C1A, 0x2401,
	0x8C1C, 0x1E22,
	0x8C1E, 0x0600,
	0x8C20, 0x0600,
	0x8C22, 0x0600,
	0x8C24, 0x0600,
	0x8C26, 0xFFFF,
	0x8C28, 0x001C,
	0x8C2A, 0x2402,
	0x8C2C, 0xA57A,
	0x8C2E, 0x0001,
	0x8C30, 0x0002,
	0x8C32, 0x0002,
	0x8C34, 0x0002,
	0x8C36, 0x0002,
	0x8C38, 0x0002,
	0x8C3A, 0x0002,
	0x8C3C, 0x0800,
	0x8C3E, 0x2100,
	0x8C40, 0x2900,
	0x8C42, 0x2E00,
	0x8C44, 0x2E00,
	0x8C46, 0x2E00,
	0x8C48, 0x2E00,
	0x8C4A, 0x0000,
	0x8C4C, 0x0000,
	0x8C4E, 0x0000,
	0xFCFC, 0x4000,
};

static u16 goyas5kjn5dtele_preview_setting[] = {
	0x0B30, 0x0102,
};

static u16 goyas5kjn5dtele_capture_setting[] = {

};

static u16 goyas5kjn5dtele_normal_video_setting[] = {
	0xFCFC, 0x4000,
	0x6170, 0xFFFF,
	0x6180, 0x0000,
	0x6190, 0x0000,
	0x6200, 0xFFFF,
	0x6202, 0xFFFF,
	0x6204, 0x0000,
	0x6206, 0x0000,
	0x6208, 0x0000,
	0xA100, 0xFFFF,
	0xA102, 0x0000,
	0xA104, 0x0000,
	0xFCFC, 0x4001,
	0x0100, 0xFFFF,
	0x0102, 0xFFFF,
	0x0104, 0x0000,
	0x0106, 0x0000,
	0x0108, 0x0000,
	0xFCFC, 0x4000,
	0x8100, 0xFFFF,
	0x8104, 0x0000,
	0x8108, 0x0000,
	0xFCFC, 0x2000,
	0x7806, 0x0001,
	0x7808, 0x2408,
	0xFCFC, 0x4000,
	0x0344, 0x0000,
	0x0348, 0x201F,
	0x0346, 0x0300,
	0x034A, 0x151F,
	0x034C, 0x1000,
	0x034E, 0x0900,
	0x0350, 0x0008,
	0x0352, 0x0008,
	0x0340, 0x0C84,
	0x0342, 0x12B0,
	0x0136, 0x1800,
	0x013E, 0x0000,
	0x0304, 0x0003,
	0x0306, 0x00E6,
	0x030C, 0x0000,
	0x030E, 0x0003,
	0x0310, 0x00BF,
	0x0312, 0x0000,
	0x031A, 0x0003,
	0x031C, 0x0028,
	0x031E, 0x0002,
	0x0202, 0x0014,
	0x0226, 0x0014,
	0x022C, 0x0014,
	0x0702, 0x0000,
	0x0704, 0x0000,
	0x0114, 0x0301,
	0x0118, 0x0004,
	0x011A, 0x0001,
	0x011C, 0x0100,
	0xFCFC, 0x2000,
	0xB176, 0x0602,
	0xB178, 0x0000,
	0x7996, 0x0101,
	0x7994, 0x2020,
	0xFCFC, 0x4000,
	0x0900, 0x2222,
	0x0380, 0x0002,
	0x0382, 0x0002,
	0x0384, 0x0002,
	0x0386, 0x0002,
	0x040C, 0x0000,
	0x0400, 0x1010,
	0x0408, 0x0100,
	0x040A, 0x0100,
	0xFCFC, 0x2000,
	0xD1F6, 0x3A00,
	0xD20C, 0x0908,
	0xD314, 0x2002,
	0xD27A, 0x0500,
	0xD3F0, 0xB01C,
	0xD410, 0x4802,
	0xD426, 0xD204,
	0xD43C, 0x0140,
	0xD412, 0xD204,
	0xD428, 0xEA0A,
	0xD43E, 0x0140,
	0xFCFC, 0x4000,
	0x0260, 0x0001,
	0x0262, 0x0000,
	0x0264, 0x0006,
	0x0266, 0x0700,
	0x0112, 0x0A0A,
	0x0270, 0x2B2B,
	0x0272, 0x2B10,
	0x0274, 0x302B,
	0xFCFC, 0x2001,
	0x44C6, 0x0000,
	0xFCFC, 0x4000,
	0x0B02, 0x0102,
	0x0720, 0x0001,
	0x0722, 0x0800,
	0x0724, 0x0000,
	0x0728, 0x0000,
	0x072A, 0x0000,
	0x072C, 0x0000,
	0x072E, 0x0000,
	0xFCFC, 0x2001,
	0x3132, 0x0200,
	0xFCFC, 0x4000,
	0x021E, 0x0000,
	0x0228, 0x0100,
	0xFCFC, 0x2001,
	0x31D0, 0x0000,
	0x5A70, 0x0000,
	0xFCFC, 0x2000,
	0xDC94, 0x0103,
	0xEF80, 0x0000,
	0x23F0, 0x0001,
	0xF3E4, 0x0300,
	0xF288, 0x0000,
	0xFCFC, 0x2001,
	0x2A30, 0x01FF,
	0x4270, 0x0000,
	0x29BA, 0x2000,
	0x29A8, 0x0100,
	0xFCFC, 0x4000,
	0x0B04, 0x0001,
	0x0B06, 0x0101,
	0x0B08, 0x0100,
	0x0B0A, 0x0101,
	0x0B0C, 0x0100,
	0xFCFC, 0x2000,
	0xC4E0, 0x0100,
	0xC4F6, 0x0000,
	0xC4E2, 0x0000,
	0xC53C, 0x0500,
	0xC544, 0x0005,
	0xC53E, 0x0000,
	0xB23C, 0x6060,
	0xB242, 0x6060,
	0xC554, 0x0010,
	0xC556, 0x0000,
	0xFCFC, 0x2001,
	0x2920, 0x0100,
	0x31F8, 0x0000,
	0x31FA, 0x0000,
	0xFCFC, 0x2000,
	0xD856, 0x0507,
	0xD6D4, 0x0000,
	0x799A, 0x0000,
	0xD8A2, 0x0100,
	0xFCFC, 0x4000,
	0x020A, 0x0000,
	0xFCFC, 0x2000,
	0x78C0, 0x0101,
	0x22C2, 0x0600,
	0x22C4, 0xFF1F,
	0x22EC, 0x1F00,
	0x2306, 0xFF3F,
	0x2314, 0xFF00,
	0x2354, 0x0300,
	0xFCFC, 0x4000,
	0x0936, 0x0000,
	0x0C40, 0x0000,
	0xFCFC, 0x2000,
	0x68DE, 0x0000,
	0xFCFC, 0x2001,
	0x2540, 0x0000,
	0x25E0, 0x0000,
	0x25E2, 0x0000,
	0xFCFC, 0x2000,
	0xD718, 0x0002,
	0xBF30, 0x0000,
	0xFCFC, 0x2001,
	0x3C42, 0x0000,
	0x3C46, 0xEB05,
	0x3C52, 0x4006,
	0xFCFC, 0x2000,
	0xD326, 0x0110,
	0xD3EC, 0xB01C,
	0xFCFC, 0x2001,
	0x195E, 0x0100,
	0x1966, 0x0000,
	0xFCFC, 0x4000,
	0x0086, 0x1400,
	0xFCFC, 0x2000,
	0xE980, 0x9E04,
	0xC4D8, 0x2000,
	0x795A, 0x2000,
	0x7970, 0x2000,
	0xFCFC, 0x2002,
	0x849E, 0x0000,
	0x84A0, 0x0000,
	0x84A2, 0x0005,
	0xFCFC, 0x2001,
	0x2BB2, 0x1000,
	0x2D32, 0x0010,
	0xFCFC, 0x2000,
	0x703C, 0x0101,
	0x7046, 0x7F02,
	0x7058, 0x8002,
	0x71D4, 0x3F00,
	0x71D6, 0x3D00,
	0x71D8, 0x84F3,
	0x71DA, 0x0040,
	0x7048, 0x9F00,
	0x705A, 0xA000,
	0x7274, 0x0B00,
	0x7276, 0x0A00,
	0x7278, 0x36D2,
	0x727A, 0x0040,
	0x727C, 0x0000,
	0x727E, 0x0000,
	0x7280, 0x0000,
	0x7282, 0x0000,
	0x703E, 0x0100,
	0x704A, 0x000A,
	0x705C, 0x010A,
	0x7314, 0x2E00,
	0x7316, 0x3000,
	0x7318, 0x9EFD,
	0x731A, 0x0040,
	0xBEDC, 0xC526,
	0xBEDE, 0x903E,
	0xBEE0, 0xC00F,
	0xBEE2, 0x0008,
	0xBEE4, 0x0C00,
	0xBEE6, 0x8000,
	0xFCFC, 0x2001,
	0x2A54, 0x0000,
	0x2A56, 0x0400,
	0x2A42, 0x0100,
	0x2A44, 0x5209,
	0x2A46, 0x0000,
	0xFCFC, 0x2000,
	0xD704, 0x0278,
	0x7A0E, 0x0F00,
	0x7A6E, 0x1900,
	0x7A86, 0x1900,
	0x8C9E, 0x3500,
	0x8CCE, 0x9600,
	0x7A10, 0x0F00,
	0x7A70, 0x1900,
	0x7A88, 0x1900,
	0x8CA0, 0x3500,
	0x8CD0, 0x9600,
	0xB224, 0x0103,
	0xB226, 0x0000,
	0xB220, 0x0103,
	0x7A12, 0x0F00,
	0x7A72, 0x1900,
	0x7A8A, 0x1900,
	0x8CA2, 0x7000,
	0x8CD2, 0xBE00,
	0x7EE6, 0x2C00,
	0x7EF2, 0x2C00,
	0x7EFE, 0x6400,
	0x7F0A, 0x5800,
	0x8D0E, 0x0000,
	0x9032, 0x0000,
	0x903E, 0x0000,
	0x7A14, 0x0F00,
	0x7A74, 0x1900,
	0x7A8C, 0x1900,
	0x8CA4, 0x3500,
	0x7F0E, 0x5800,
	0x8CD6, 0x9600,
	0x7BDA, 0x4C00,
	0xD49C, 0x2100,
	0xD4D0, 0x1400,
	0xD4A8, 0x0200,
	0xD4D6, 0x1A00,
	0xD4E2, 0x0000,
	0xD4BC, 0x6200,
	0xD4B0, 0x1801,
	0xD4C8, 0x0100,
	0xD624, 0x0000,
	0xD62E, 0x0000,
	0xD638, 0x0000,
	0xD4EA, 0x0100,
	0xD554, 0xC400,
	0xD556, 0xFA00,
	0xD560, 0x5203,
	0xD562, 0x8803,
	0xD4DA, 0x0000,
	0xD4E6, 0x0100,
	0xD4C0, 0x1400,
	0xD4B4, 0x0100,
	0xD4CC, 0x0000,
	0xD5BC, 0x0000,
	0xD5BE, 0x0000,
	0xD5C8, 0x0000,
	0xD5CA, 0x0000,
	0xD4D2, 0x0000,
	0xD4DE, 0x0100,
	0xD4B8, 0x1400,
	0xD4AC, 0x0100,
	0xD4C4, 0x0000,
	0xD4EC, 0x0000,
	0xD4EE, 0x0000,
	0xD4F8, 0x0000,
	0xD4FA, 0x0000,
	0xBF78, 0x5333,
	0xD896, 0x0000,
	0xFCFC, 0x2001,
	0x1C24, 0x0002,
	0x1C26, 0x8001,
	0x1C28, 0x8004,
	0x1C2A, 0x2010,
	0x1C2C, 0x2010,
	0x1C2E, 0x0005,
	0x1C30, 0x00A0,
	0x1C32, 0x2810,
	0x1C34, 0x2810,
	0x1C4E, 0x8001,
	0x1C50, 0x8004,
	0x1C52, 0x0010,
	0x1C54, 0x0010,
	0x1C56, 0x0005,
	0x1C58, 0x00A0,
	0x1C5A, 0x2810,
	0x1C5C, 0x2810,
	0x1C5E, 0x0000,
	0x1C60, 0x0000,
	0x1C62, 0x0000,
	0x1C64, 0x0000,
	0x1C66, 0x0000,
	0x1C68, 0x0000,
	0x1C6A, 0x0000,
	0x1C6C, 0x0000,
	0x1C76, 0x8001,
	0x1C78, 0x8004,
	0x1C7A, 0x2010,
	0x1C7C, 0x2010,
	0x1C7E, 0x0005,
	0x1C80, 0x00A0,
	0x1C82, 0x2810,
	0x1C84, 0x2810,
	0x1C86, 0x0000,
	0x1C88, 0x0000,
	0x1C8A, 0x0000,
	0x1C8C, 0x0000,
	0x1C8E, 0x0000,
	0x1C90, 0x0000,
	0x1C92, 0x0000,
	0x1C94, 0x0000,
	0x1C9E, 0x8001,
	0x1CA0, 0x8004,
	0x1CA2, 0x2010,
	0x1CA4, 0x2010,
	0x1CA6, 0x0005,
	0x1CA8, 0x00A0,
	0x1CAA, 0x2810,
	0x1CAC, 0x2810,
	0x1CC6, 0x8001,
	0x1CC8, 0x8004,
	0x1CCA, 0x2010,
	0x1CCC, 0x2010,
	0x1CCE, 0x0005,
	0x1CD0, 0x00A0,
	0x1CD2, 0x2810,
	0x1CD4, 0x2810,
	0x1CEE, 0x8001,
	0x1CF0, 0x8004,
	0x1CF2, 0x0010,
	0x1CF4, 0x0010,
	0x1CF6, 0x0005,
	0x1CF8, 0x00A0,
	0x1CFA, 0x2810,
	0x1CFC, 0x2810,
	0x1CFE, 0x0000,
	0x1D00, 0x0000,
	0x1D02, 0x0000,
	0x1D04, 0x0000,
	0x1D06, 0x0000,
	0x1D08, 0x0000,
	0x1D0A, 0x0000,
	0x1D0C, 0x0000,
	0x1D16, 0x8001,
	0x1D18, 0x8004,
	0x1D1A, 0x2010,
	0x1D1C, 0x2010,
	0x1D1E, 0x0005,
	0x1D20, 0x00A0,
	0x1D22, 0x2810,
	0x1D24, 0x2810,
	0x1D26, 0x0000,
	0x1D28, 0x0000,
	0x1D2A, 0x0000,
	0x1D2C, 0x0000,
	0x1D2E, 0x0000,
	0x1D30, 0x0000,
	0x1D32, 0x0000,
	0x1D34, 0x0000,
	0x1D3E, 0x8001,
	0x1D40, 0x8004,
	0x1D42, 0x2010,
	0x1D44, 0x2010,
	0x1D46, 0x0005,
	0x1D48, 0x00A0,
	0x1D4A, 0x2810,
	0x1D4C, 0x2810,
	0xFCFC, 0x2000,
	0xB21E, 0x0000,
	0xB222, 0xC000,
	0xB20C, 0x2E00,
	0xB21A, 0x0402,
	0xB378, 0x0100,
	0xDD70, 0x0000,
	0xDE38, 0x0000,
	0xFCFC, 0x2002,
	0xA574, 0x0100,
	0xA59C, 0xA2FD,
	0xA59E, 0xFEFE,
	0xA576, 0x4000,
	0xA588, 0x0E00,
	0xA578, 0x8000,
	0xA58A, 0x2000,
	0xA57A, 0xA000,
	0xA58C, 0x2800,
	0xA57C, 0x4001,
	0xA58E, 0x1400,
	0xA57E, 0x8002,
	0xA590, 0x2200,
	0xA580, 0x0005,
	0xA592, 0x2800,
	0xA582, 0x000A,
	0xA594, 0x2C00,
	0xA584, 0xA00F,
	0xA596, 0x2E00,
	0xA586, 0x4011,
	0xA598, 0x3200,
	0xA59A, 0x3500,
	0xA548, 0x0000,
	0xA570, 0x0000,
	0xA54A, 0x0000,
	0xA54C, 0x0000,
	0xA54E, 0x0000,
	0xA550, 0x0000,
	0xA552, 0x0000,
	0xA554, 0x0000,
	0xA556, 0x0000,
	0xA55C, 0x0000,
	0xA55E, 0x0000,
	0xA560, 0x0000,
	0xA562, 0x0000,
	0xA564, 0x0000,
	0xA566, 0x0000,
	0xA568, 0x0000,
	0xA56A, 0x0000,
	0xFCFC, 0x2001,
	0x1D96, 0x0000,
	0x1D98, 0x0000,
	0x1DA6, 0x0000,
	0x1DA8, 0x0000,
	0x1D72, 0x0000,
	0x1D74, 0x0000,
	0x1D82, 0x0000,
	0x1D84, 0x0000,
	0x1D92, 0x0000,
	0x1D94, 0x0000,
	0x1DA2, 0x0000,
	0x1DA4, 0x0000,
	0x1D76, 0x0000,
	0x1D78, 0x0000,
	0x1D86, 0x0000,
	0x1D88, 0x0000,
	0x1E16, 0x0E00,
	0x1E18, 0x0E00,
	0x1E26, 0x0E00,
	0x1E28, 0x0E00,
	0x1DF2, 0x1100,
	0x1DF4, 0x1100,
	0x1E02, 0x1100,
	0x1E04, 0x1100,
	0x1E12, 0x0E00,
	0x1E14, 0x0E00,
	0x1E22, 0x0E00,
	0x1E24, 0x0E00,
	0x1DF6, 0x0F00,
	0x1DF8, 0x0F00,
	0x1E06, 0x0F00,
	0x1E08, 0x0F00,
	0xFCFC, 0x2000,
	0x82BA, 0x3300,
	0x82A2, 0x1400,
	0xFCFC, 0x2001,
	0x427C, 0x2000,
	0x4280, 0x1000,
	0x4362, 0x0100,
	0x43AA, 0x0000,
	0x43AC, 0x0000,
	0x43C6, 0x0114,
	0x43B4, 0x0000,
	0x43B6, 0x0000,
	0x4396, 0x0B00,
	0x4398, 0x0A00,
	0x437E, 0xE400,
	0xFCFC, 0x2000,
	0xB322, 0x0101,
	0xB324, 0x0100,
	0xB330, 0x2828,
	0xB34A, 0x2828,
	0xB360, 0x2828,
	0xFCFC, 0x2001,
	0x4292, 0x0000,
	0x4364, 0x0000,
	0x4366, 0x0000,
	0x4370, 0x0000,
	0x4290, 0x0100,
	0xFCFC, 0x2002,
	0x84C4, 0x0100,
	0xFCFC, 0x2000,
	0xD684, 0x80F3,
	0xB268, 0x80F3,
	0xF09A, 0x00FF,
	0xF2E0, 0x0000,
	0xF372, 0x0000,
	0xF0AA, 0xFFFF,
	0xF0AC, 0xFFFF,
	0xF2EA, 0x4000,
	0xDADA, 0x0001,
	0xDB3C, 0xD2FD,
	0xDADC, 0x0000,
	0xDB0C, 0x2222,
	0xDB3E, 0xD2FD,
	0xDADE, 0xA000,
	0xDB0E, 0x3030,
	0xDB40, 0xD2FD,
	0xDAE0, 0x0001,
	0xDB10, 0x2828,
	0xDB42, 0xD2FD,
	0xDAE2, 0xA001,
	0xDB12, 0x2828,
	0xDB44, 0x12D2,
	0xDAE4, 0x0000,
	0xDB14, 0x0090,
	0xDB46, 0x12D2,
	0xDAE6, 0x6000,
	0xDB16, 0x0090,
	0xDB48, 0x12D2,
	0xDAE8, 0xA000,
	0xDB18, 0x00FF,
	0xDB4A, 0x12D2,
	0xDAEA, 0xC000,
	0xDB1A, 0x00F0,
	0xDB4C, 0x12D2,
	0xDAEC, 0x0001,
	0xDB1C, 0x00F0,
	0xDB4E, 0x12D2,
	0xDAEE, 0x4001,
	0xDB1E, 0x00D0,
	0xDB50, 0x12D2,
	0xDAF0, 0x6001,
	0xDB20, 0x00E0,
	0xDB52, 0x12D2,
	0xDAF2, 0x0002,
	0xDB22, 0x00F0,
	0xDB54, 0x12D2,
	0xDAF4, 0x8002,
	0xDB24, 0x00E0,
	0xDB56, 0x12D2,
	0xDAF6, 0x2003,
	0xDB26, 0x00D0,
	0xDB58, 0x0000,
	0xDAF8, 0x0000,
	0xDB28, 0x0000,
	0xDB5A, 0x0000,
	0xDAFA, 0x0000,
	0xDB2A, 0x0000,
	0xDBCC, 0x0000,
	0xDB6C, 0x0000,
	0xDB9C, 0x0000,
	0xDBCE, 0x0000,
	0xDB6E, 0x0000,
	0xDB9E, 0x0000,
	0xDBD0, 0x0000,
	0xDB70, 0x0000,
	0xDBA0, 0x0000,
	0xDBD2, 0x0000,
	0xDB72, 0x0000,
	0xDBA2, 0x0000,
	0xDBD4, 0x0000,
	0xDB74, 0x0000,
	0xDBA4, 0x0000,
	0xDBD6, 0x0000,
	0xDB76, 0x0000,
	0xDBA6, 0x0000,
	0xF370, 0x0203,
	0xF3E4, 0x0301,
	0xF3F4, 0xC800,
	0xF3F6, 0xD610,
	0xF054, 0x0600,
	0xB270, 0x8708,
	0xB266, 0xC004,
	0xD682, 0xC004,
	0xBF16, 0x0BAA,
	0xDC8C, 0x3F2B,
	0xFCFC, 0x4000,
	0x0808, 0x0000,
	0x0E00, 0x0003,
};

static u16 goyas5kjn5dtele_hs_video_setting[] = {
	0xFCFC, 0x4000,
	0x6170, 0xFFFF,
	0x6180, 0x0000,
	0x6190, 0x0000,
	0x6200, 0xFFFF,
	0x6202, 0xFFFF,
	0x6204, 0x0000,
	0x6206, 0x0000,
	0x6208, 0x0000,
	0xA100, 0xFFFF,
	0xA102, 0x0000,
	0xA104, 0x0000,
	0xFCFC, 0x4001,
	0x0100, 0xFFFF,
	0x0102, 0xFFFF,
	0x0104, 0x0000,
	0x0106, 0x0000,
	0x0108, 0x0000,
	0xFCFC, 0x4000,
	0x8100, 0xFFFF,
	0x8104, 0x0000,
	0x8108, 0x0000,
	0xFCFC, 0x2000,
	0x7806, 0x0000,
	0x7808, 0x0000,
	0xFCFC, 0x4000,
	0x0344, 0x0100,
	0x0348, 0x1F1F,
	0x0346, 0x0390,
	0x034A, 0x148F,
	0x034C, 0x0780,
	0x034E, 0x0438,
	0x0350, 0x0004,
	0x0352, 0x0004,
	0x0340, 0x04DF,
	0x0342, 0x0C00,
	0x0136, 0x1800,
	0x013E, 0x0000,
	0x0304, 0x0003,
	0x0306, 0x00E6,
	0x030C, 0x0000,
	0x030E, 0x0003,
	0x0310, 0x00BF,
	0x0312, 0x0000,
	0x031A, 0x0003,
	0x031C, 0x0028,
	0x031E, 0x0002,
	0x0202, 0x0014,
	0x0226, 0x0014,
	0x022C, 0x0014,
	0x0702, 0x0000,
	0x0704, 0x0000,
	0x0114, 0x0301,
	0x0118, 0x0004,
	0x011A, 0x0001,
	0x011C, 0x0100,
	0xFCFC, 0x2000,
	0xB176, 0x0604,
	0xB178, 0x0000,
	0x7996, 0x0101,
	0x7994, 0x2020,
	0xFCFC, 0x4000,
	0x0900, 0x3344,
	0x0380, 0x0002,
	0x0382, 0x0006,
	0x0384, 0x0002,
	0x0386, 0x0006,
	0x040C, 0x0000,
	0x0400, 0x1010,
	0x0408, 0x0100,
	0x040A, 0x0100,
	0xFCFC, 0x2000,
	0xD1F6, 0xBA10,
	0xD20C, 0x0908,
	0xD314, 0x3003,
	0xD27A, 0x0B00,
	0xD3F0, 0x811C,
	0xD410, 0x4802,
	0xD426, 0xD204,
	0xD43C, 0x0140,
	0xD412, 0xD204,
	0xD428, 0xEA0A,
	0xD43E, 0x0140,
	0xFCFC, 0x4000,
	0x0260, 0x0001,
	0x0262, 0x0000,
	0x0264, 0x0006,
	0x0266, 0x0700,
	0x0112, 0x0A0A,
	0x0270, 0x2B2B,
	0x0272, 0x2B10,
	0x0274, 0x302B,
	0xFCFC, 0x2001,
	0x44C6, 0x0000,
	0xFCFC, 0x4000,
	0x0B02, 0x0101,
	0x0720, 0x0000,
	0x0722, 0x0800,
	0x0724, 0x0000,
	0x0728, 0x0000,
	0x072A, 0x0000,
	0x072C, 0x0000,
	0x072E, 0x0000,
	0xFCFC, 0x2001,
	0x3132, 0x0000,
	0xFCFC, 0x4000,
	0x021E, 0x0000,
	0x0228, 0x0100,
	0xFCFC, 0x2001,
	0x31D0, 0x0000,
	0x5A70, 0x0000,
	0xFCFC, 0x2000,
	0xDC94, 0x0100,
	0xEF80, 0x0000,
	0x23F0, 0x0001,
	0xF3E4, 0x0300,
	0xF288, 0x0000,
	0xFCFC, 0x2001,
	0x2A30, 0x01FF,
	0x4270, 0x0000,
	0x29BA, 0xFF00,
	0x29A8, 0x0000,
	0xFCFC, 0x4000,
	0x0B04, 0x0001,
	0x0B06, 0x0101,
	0x0B08, 0x0100,
	0x0B0A, 0x0101,
	0x0B0C, 0x0100,
	0xFCFC, 0x2000,
	0xC4E0, 0x0100,
	0xC4F6, 0x0000,
	0xC4E2, 0x0000,
	0xC53C, 0x0500,
	0xC544, 0x0005,
	0xC53E, 0x0000,
	0xB23C, 0x6060,
	0xB242, 0x6060,
	0xC554, 0x0010,
	0xC556, 0x0000,
	0xFCFC, 0x2001,
	0x2920, 0x0100,
	0x31F8, 0x0000,
	0x31FA, 0x0000,
	0xFCFC, 0x2000,
	0xD856, 0x0507,
	0xD6D4, 0x0000,
	0x799A, 0x0000,
	0xD8A2, 0x0100,
	0xFCFC, 0x4000,
	0x020A, 0x0000,
	0xFCFC, 0x2000,
	0x78C0, 0x0101,
	0x22C2, 0x0600,
	0x22C4, 0xFF1F,
	0x22EC, 0x1F00,
	0x2306, 0xFF3F,
	0x2314, 0xFF00,
	0x2354, 0x0300,
	0xFCFC, 0x4000,
	0x0936, 0x0000,
	0x0C40, 0x0000,
	0xFCFC, 0x2000,
	0x68DE, 0x0000,
	0xFCFC, 0x2001,
	0x2540, 0x0000,
	0x25E0, 0x0000,
	0x25E2, 0x0000,
	0xFCFC, 0x2000,
	0xD718, 0x0002,
	0xBF30, 0x0000,
	0xFCFC, 0x2001,
	0x3C42, 0x0000,
	0x3C46, 0xEB05,
	0x3C52, 0x4006,
	0xFCFC, 0x2000,
	0xD326, 0x0110,
	0xD3EC, 0xB01C,
	0xFCFC, 0x2001,
	0x195E, 0x0100,
	0x1966, 0x0000,
	0xFCFC, 0x4000,
	0x0086, 0x1400,
	0xFCFC, 0x2000,
	0xE980, 0x9E04,
	0xC4D8, 0x2000,
	0x795A, 0x2000,
	0x7970, 0x2000,
	0xFCFC, 0x2002,
	0x849E, 0x0000,
	0x84A0, 0x0000,
	0x84A2, 0x0005,
	0xFCFC, 0x2001,
	0x2BB2, 0x1000,
	0x2D32, 0x0010,
	0xFCFC, 0x2000,
	0x703C, 0x0001,
	0x7046, 0x7F02,
	0x7058, 0x8002,
	0x71D4, 0x3F00,
	0x71D6, 0x3D00,
	0x71D8, 0x84F3,
	0x71DA, 0x0040,
	0x7048, 0xDF01,
	0x705A, 0xE001,
	0x7274, 0x0B00,
	0x7276, 0x0B00,
	0x7278, 0x36D2,
	0x727A, 0x0040,
	0x727C, 0x0000,
	0x727E, 0x0000,
	0x7280, 0x0000,
	0x7282, 0x0000,
	0x703E, 0x0100,
	0x704A, 0x000A,
	0x705C, 0x010A,
	0x7314, 0x2E00,
	0x7316, 0x3000,
	0x7318, 0x9EFD,
	0x731A, 0x0040,
	0xBEDC, 0xC526,
	0xBEDE, 0x907E,
	0xBEE0, 0xC00F,
	0xBEE2, 0x0008,
	0xBEE4, 0x2C00,
	0xBEE6, 0x8000,
	0xFCFC, 0x2001,
	0x2A54, 0x0000,
	0x2A56, 0x0400,
	0x2A42, 0x0000,
	0x2A44, 0xE002,
	0x2A46, 0x0000,
	0xFCFC, 0x2000,
	0xD704, 0x0278,
	0x7A0E, 0x0F00,
	0x7A6E, 0x1900,
	0x7A86, 0x1900,
	0x8C9E, 0x3500,
	0x8CCE, 0x9600,
	0x7A10, 0x0F00,
	0x7A70, 0x1900,
	0x7A88, 0x1900,
	0x8CA0, 0x3500,
	0x8CD0, 0x9600,
	0xB224, 0x0103,
	0xB226, 0x0000,
	0xB220, 0x0103,
	0x7A12, 0x0F00,
	0x7A72, 0x1900,
	0x7A8A, 0x1900,
	0x8CA2, 0x3500,
	0x8CD2, 0x9600,
	0x7EE6, 0x2C00,
	0x7EF2, 0x2C00,
	0x7EFE, 0x6400,
	0x7F0A, 0x5800,
	0x8D0E, 0x0000,
	0x9032, 0x0000,
	0x903E, 0x0000,
	0x7A14, 0x0F00,
	0x7A74, 0x1900,
	0x7A8C, 0x1900,
	0x8CA4, 0x3500,
	0x7F0E, 0x5000,
	0x8CD6, 0xBE00,
	0x7BDA, 0x3C00,
	0xD49C, 0x2100,
	0xD4D0, 0x0A00,
	0xD4A8, 0x0100,
	0xD4D6, 0x0000,
	0xD4E2, 0x0100,
	0xD4BC, 0x1400,
	0xD4B0, 0x0100,
	0xD4C8, 0x0000,
	0xD624, 0x0000,
	0xD62E, 0x0000,
	0xD638, 0x0000,
	0xD4EA, 0x0100,
	0xD554, 0x0000,
	0xD556, 0x0000,
	0xD560, 0x0000,
	0xD562, 0x0000,
	0xD4DA, 0x1A00,
	0xD4E6, 0x3600,
	0xD4C0, 0x5400,
	0xD4B4, 0xC001,
	0xD4CC, 0x0100,
	0xD5BC, 0xC400,
	0xD5BE, 0xFA00,
	0xD5C8, 0x5203,
	0xD5CA, 0x8803,
	0xD4D2, 0x0000,
	0xD4DE, 0x0100,
	0xD4B8, 0x1400,
	0xD4AC, 0x0100,
	0xD4C4, 0x0000,
	0xD4EC, 0x0000,
	0xD4EE, 0x0000,
	0xD4F8, 0x0000,
	0xD4FA, 0x0000,
	0xBF78, 0x5333,
	0xD896, 0x0000,
	0xFCFC, 0x2001,
	0x1C24, 0x0002,
	0x1C26, 0x8001,
	0x1C28, 0x8004,
	0x1C2A, 0x2010,
	0x1C2C, 0x2010,
	0x1C2E, 0x0005,
	0x1C30, 0x00A0,
	0x1C32, 0x2810,
	0x1C34, 0x2810,
	0x1C4E, 0x8001,
	0x1C50, 0x8004,
	0x1C52, 0x0010,
	0x1C54, 0x0010,
	0x1C56, 0x0005,
	0x1C58, 0x00A0,
	0x1C5A, 0x2810,
	0x1C5C, 0x2810,
	0x1C5E, 0x0000,
	0x1C60, 0x0000,
	0x1C62, 0x0000,
	0x1C64, 0x0000,
	0x1C66, 0x0000,
	0x1C68, 0x0000,
	0x1C6A, 0x0000,
	0x1C6C, 0x0000,
	0x1C76, 0x8001,
	0x1C78, 0x8004,
	0x1C7A, 0x2010,
	0x1C7C, 0x2010,
	0x1C7E, 0x0005,
	0x1C80, 0x00A0,
	0x1C82, 0x2810,
	0x1C84, 0x2810,
	0x1C86, 0x0000,
	0x1C88, 0x0000,
	0x1C8A, 0x0000,
	0x1C8C, 0x0000,
	0x1C8E, 0x0000,
	0x1C90, 0x0000,
	0x1C92, 0x0000,
	0x1C94, 0x0000,
	0x1C9E, 0x8001,
	0x1CA0, 0x8004,
	0x1CA2, 0x2010,
	0x1CA4, 0x2010,
	0x1CA6, 0x0005,
	0x1CA8, 0x00A0,
	0x1CAA, 0x2810,
	0x1CAC, 0x2810,
	0x1CC6, 0x8001,
	0x1CC8, 0x8004,
	0x1CCA, 0x2010,
	0x1CCC, 0x2010,
	0x1CCE, 0x0005,
	0x1CD0, 0x00A0,
	0x1CD2, 0x2810,
	0x1CD4, 0x2810,
	0x1CEE, 0x8001,
	0x1CF0, 0x8004,
	0x1CF2, 0x0010,
	0x1CF4, 0x0010,
	0x1CF6, 0x0005,
	0x1CF8, 0x00A0,
	0x1CFA, 0x2810,
	0x1CFC, 0x2810,
	0x1CFE, 0x0000,
	0x1D00, 0x0000,
	0x1D02, 0x0000,
	0x1D04, 0x0000,
	0x1D06, 0x0000,
	0x1D08, 0x0000,
	0x1D0A, 0x0000,
	0x1D0C, 0x0000,
	0x1D16, 0x8001,
	0x1D18, 0x8004,
	0x1D1A, 0x2010,
	0x1D1C, 0x2010,
	0x1D1E, 0x0005,
	0x1D20, 0x00A0,
	0x1D22, 0x2810,
	0x1D24, 0x2810,
	0x1D26, 0x0000,
	0x1D28, 0x0000,
	0x1D2A, 0x0000,
	0x1D2C, 0x0000,
	0x1D2E, 0x0000,
	0x1D30, 0x0000,
	0x1D32, 0x0000,
	0x1D34, 0x0000,
	0x1D3E, 0x8001,
	0x1D40, 0x8004,
	0x1D42, 0x2010,
	0x1D44, 0x2010,
	0x1D46, 0x0005,
	0x1D48, 0x00A0,
	0x1D4A, 0x2810,
	0x1D4C, 0x2810,
	0xFCFC, 0x2000,
	0xB21E, 0x0000,
	0xB222, 0xC000,
	0xB20C, 0x2E00,
	0xB21A, 0x0402,
	0xB378, 0x0100,
	0xDD70, 0x0000,
	0xDE38, 0x0000,
	0xFCFC, 0x2002,
	0xA574, 0x0100,
	0xA59C, 0xA2FD,
	0xA59E, 0xFEFE,
	0xA576, 0x4000,
	0xA588, 0x1400,
	0xA578, 0x8000,
	0xA58A, 0x2200,
	0xA57A, 0xA000,
	0xA58C, 0x2800,
	0xA57C, 0x4001,
	0xA58E, 0x1400,
	0xA57E, 0x8002,
	0xA590, 0x2200,
	0xA580, 0x0005,
	0xA592, 0x2800,
	0xA582, 0x000A,
	0xA594, 0x2C00,
	0xA584, 0xA00F,
	0xA596, 0x2E00,
	0xA586, 0x4011,
	0xA598, 0x3200,
	0xA59A, 0x3500,
	0xA548, 0x0000,
	0xA570, 0x0000,
	0xA54A, 0x0000,
	0xA54C, 0x0000,
	0xA54E, 0x0000,
	0xA550, 0x0000,
	0xA552, 0x0000,
	0xA554, 0x0000,
	0xA556, 0x0000,
	0xA55C, 0x0000,
	0xA55E, 0x0000,
	0xA560, 0x0000,
	0xA562, 0x0000,
	0xA564, 0x0000,
	0xA566, 0x0000,
	0xA568, 0x0000,
	0xA56A, 0x0000,
	0xFCFC, 0x2001,
	0x1D96, 0x0000,
	0x1D98, 0x0000,
	0x1DA6, 0x0000,
	0x1DA8, 0x0000,
	0x1D72, 0x0000,
	0x1D74, 0x0000,
	0x1D82, 0x0000,
	0x1D84, 0x0000,
	0x1D92, 0x0000,
	0x1D94, 0x0000,
	0x1DA2, 0x0000,
	0x1DA4, 0x0000,
	0x1D76, 0x0000,
	0x1D78, 0x0000,
	0x1D86, 0x0000,
	0x1D88, 0x0000,
	0x1E16, 0x1400,
	0x1E18, 0x1400,
	0x1E26, 0x1400,
	0x1E28, 0x1400,
	0x1DF2, 0x1A00,
	0x1DF4, 0x1A00,
	0x1E02, 0x1A00,
	0x1E04, 0x1A00,
	0x1E12, 0x1700,
	0x1E14, 0x1700,
	0x1E22, 0x1700,
	0x1E24, 0x1700,
	0x1DF6, 0x1700,
	0x1DF8, 0x1700,
	0x1E06, 0x1700,
	0x1E08, 0x1700,
	0xFCFC, 0x2000,
	0x82BA, 0x3300,
	0x82A2, 0x1400,
	0xFCFC, 0x2001,
	0x427C, 0x2000,
	0x4280, 0x1000,
	0x4362, 0x0100,
	0x43AA, 0x0000,
	0x43AC, 0x0000,
	0x43C6, 0x0114,
	0x43B4, 0x0000,
	0x43B6, 0x0000,
	0x4396, 0x0B00,
	0x4398, 0x0B00,
	0x437E, 0xE400,
	0xFCFC, 0x2000,
	0xB322, 0x0101,
	0xB324, 0x0100,
	0xB330, 0x2828,
	0xB34A, 0x2828,
	0xB360, 0x2828,
	0xFCFC, 0x2001,
	0x4292, 0x0000,
	0x4364, 0x0000,
	0x4366, 0x0000,
	0x4370, 0x0000,
	0x4290, 0x0100,
	0xFCFC, 0x2002,
	0x84C4, 0x0100,
	0xFCFC, 0x2000,
	0xD684, 0x80F3,
	0xB268, 0x80F3,
	0xF09A, 0x00FF,
	0xF2E0, 0x0000,
	0xF372, 0x0000,
	0xF0AA, 0xFFFF,
	0xF0AC, 0xFFFF,
	0xF2EA, 0x4000,
	0xDADA, 0x0001,
	0xDB3C, 0xD2FD,
	0xDADC, 0x0000,
	0xDB0C, 0x3030,
	0xDB3E, 0xD2FD,
	0xDADE, 0xA000,
	0xDB0E, 0x1F1F,
	0xDB40, 0xD2FD,
	0xDAE0, 0x0001,
	0xDB10, 0x2222,
	0xDB42, 0xD2FD,
	0xDAE2, 0x4001,
	0xDB12, 0x1F1F,
	0xDB44, 0x12D2,
	0xDAE4, 0x0000,
	0xDB14, 0x00FF,
	0xDB46, 0x12D2,
	0xDAE6, 0xA000,
	0xDB16, 0x0000,
	0xDB48, 0x12D2,
	0xDAE8, 0x0001,
	0xDB18, 0x0000,
	0xDB4A, 0x12D2,
	0xDAEA, 0x0005,
	0xDB1A, 0x0000,
	0xDB4C, 0x12D2,
	0xDAEC, 0x4011,
	0xDB1C, 0x0000,
	0xDB4E, 0x0000,
	0xDAEE, 0x0000,
	0xDB1E, 0x0000,
	0xDB50, 0x0000,
	0xDAF0, 0x0000,
	0xDB20, 0x0000,
	0xDB52, 0x0000,
	0xDAF2, 0x0000,
	0xDB22, 0x0000,
	0xDB54, 0x0000,
	0xDAF4, 0x0000,
	0xDB24, 0x0000,
	0xDB56, 0x0000,
	0xDAF6, 0x0000,
	0xDB26, 0x0000,
	0xDB58, 0x0000,
	0xDAF8, 0x0000,
	0xDB28, 0x0000,
	0xDB5A, 0x0000,
	0xDAFA, 0x0000,
	0xDB2A, 0x0000,
	0xDBCC, 0x0000,
	0xDB6C, 0x0000,
	0xDB9C, 0x0000,
	0xDBCE, 0x0000,
	0xDB6E, 0x0000,
	0xDB9E, 0x0000,
	0xDBD0, 0x0000,
	0xDB70, 0x0000,
	0xDBA0, 0x0000,
	0xDBD2, 0x0000,
	0xDB72, 0x0000,
	0xDBA2, 0x0000,
	0xDBD4, 0x0000,
	0xDB74, 0x0000,
	0xDBA4, 0x0000,
	0xDBD6, 0x0000,
	0xDB76, 0x0000,
	0xDBA6, 0x0000,
	0xF370, 0x0203,
	0xF3E4, 0x0301,
	0xF3F4, 0xC801,
	0xF3F6, 0xD210,
	0xF054, 0x0700,
	0xB270, 0x8708,
	0xB266, 0xC004,
	0xD682, 0xC004,
	0xBF16, 0x0BAA,
	0xDC8C, 0x3F2B,
	0xFCFC, 0x4000,
	0x0808, 0x0000,
	0x0E00, 0x0003,
};

static u16 goyas5kjn5dtele_slim_video_setting[] = {

};

static u16 goyas5kjn5dtele_custom4_setting[] = {
	0x0B30,	0x0101,
};


static u16 goyas5kjn5dtele_custom5_setting[] = {
	0x0B30,	0x0103,
};


static u16 goyas5kjn5dtele_custom6_setting[] = {
	0x0B30,	0x0100,
};


static u16 goyas5kjn5dtele_custom7_setting[] = {
	0x0B30,	0x0102,
};


static u16 goyas5kjn5dtele_custom8_setting[] = {
	0x0B30,	0x0100,
};


static u16 goyas5kjn5dtele_custom9_setting[] = {
	0x0B30,	0x0101,
};


static u16 goyas5kjn5dtele_custom10_setting[] = {

};


static u16 goyas5kjn5dtele_custom11_setting[] = {

};

static u16 goyas5kjn5dtele_custom12_setting[] = {

};

static u16 goyas5kjn5dtele_custom13_setting[] = {
	0x0B30,	0x0105,
};

static u16 goyas5kjn5dtele_custom14_setting[] = {
	0x0B30, 0x0104,
};

static u16 goyas5kjn5dtele_custom15_setting[] = {
	0x0B30,	0x0106,
};

static u16 goyas5kjn5dtele_custom16_setting[] = {
	0x0B30,	0x0104,
};

static u16 goyas5kjn5dtele_custom17_setting[] = {
	0x0B30,	0x0100,
};

static u16 goyas5kjn5dtele_custom18_setting[] = {
	0x0B30,	0x0101,
};

static u16 goyas5kjn5dtele_custom19_setting[] = {
	0x0B30,	0x0102,
};

#endif